CMDLINE: "./cmake_targets/ran_build/build/nr-softmodem" "-O" "targets/PROJECTS/GENERIC-NR-5GC/CONF/gnb-du.sa.band78.106prb.rfsim.pci0.conf" "--rfsim" "--device.name" "rfsimulator" 
[12:10:24.829309] [UTIL]   running in SA mode (no --phy-test, --do-ra, --nsa option present)
[0m[12:10:25.829836] [OPT]    OPT disabled
[0m[12:10:25.829876] [HW]     Version: Branch: develop Abrev. Hash: 2b69bde6ae Date: Fri Aug 14 09:43:59 2026 +0200
[0m[12:10:25.829893] [GNB_APP] Initialized RAN Context: RC.nb_nr_inst = 1, RC.nb_nr_macrlc_inst = 1, RC.nb_nr_L1_inst = 1, RC.nb_RU = 1, RC.nb_nr_CC[0] = 1
[0m[12:10:25.829896] [NR_PHY] Initializing gNB RAN context: RC.nb_nr_L1_inst = 1 
[0m[12:10:25.830266] [NR_PHY] Registered with MAC interface module (0x5c54defca860)
[0m[12:10:25.830270] [NR_PHY] Initializing NR L1: RC.nb_nr_L1_inst = 1
[0m[12:10:25.830361] [NR_PHY] thread cores for L1_RX -1 L1_TX -1
[0m[12:10:25.830366] [NR_PHY] TX_AMP = 519 (-36 dBFS)
[0m[12:10:25.830370] [PHY]    No prs_config configuration found..!!
[0m[12:10:25.830654] [GNB_APP] pdsch_AntennaPorts N1 1 N2 1 XP 1 pusch_AntennaPorts 1
[0m[12:10:25.830693] [GNB_APP] minTXRXTIME 4
[0m[12:10:25.830696] [GNB_APP] CSI-RS 0, SRS none, report type 0 (ssb_rsrp), 256 QAM may be on, delta_MCS off, maxMIMO_Layers -1, HARQ feedback enabled, num DLHARQ:16, num ULHARQ:16
[0m[12:10:25.830702] [GNB_APP] No RedCap configuration found
[0m[12:10:25.830705] [GNB_APP] No PTRS configuration found
[0m[12:10:25.830717] [GNB_APP] sr_ProhibitTimer 0, sr_TransMax 64, sr_ProhibitTimer_v1700 0, t300 400, t301 400, t310 2000, n310 10, t311 3000, n311 1, t319 400
[0m[12:10:25.830720] [NR_MAC] Candidates per PDCCH aggregation level on UESS: L1: 0, L2: 2, L4: 0, L8: 0, L16: 0
[0m[12:10:25.830975] [RRC]    Read in ServingCellConfigCommon (PhysCellId 0, ABSFREQSSB 630048, DLBand 78, ABSFREQPOINTA 628776, DLBW 106,RACH_TargetReceivedPower -96
[0m[12:10:25.830978] [NR_MAC] Computing frequency (nrarfcn 630048 => 3450720 KHz, NR band 78
[0m[12:10:25.830981] [RRC]    absoluteFrequencySSB 630048 corresponds to 3450720000 Hz
[0m[12:10:25.830984] [NR_MAC] Computing frequency (nrarfcn 628776 => 3431640 KHz, NR band 78
[0m[12:10:25.831014] [NR_MAC] PUSCH Target 200 RSSI thresh 0 Failure 1000, PUCCH Target 150 RSSI thresh 0 Failure 10
[0m[12:10:25.831089] [UTIL]   threadCreate() for MAC_STATS: creating thread with affinity ffffffff, priority 2
[0m[12:10:25.832886] [F1AP]   F1-C DU IPaddr 127.0.0.4, connect to F1-C CU 127.0.0.3, binding GTP to 127.0.0.4 ports local 2152 remote 2152
[0m[12:10:25.833013] [NR_PHY] Copying 0 blacklisted PRB to L1 context
[0m[12:10:25.833440] [NR_MAC] Computing frequency (nrarfcn 628776 => 3431640 KHz, NR band 78
[0m[12:10:25.833446] [NR_MAC] Computing frequency (nrarfcn 628776 => 3431640 KHz, NR band 78
[0m[12:10:25.833451] [NR_MAC] Set TX antenna number to 1, Set RX antenna number to 1 (num ssb 1: 80000000,0)
[0m[12:10:25.833454] [NR_MAC] TDD period index = 6, based on the sum of dl_UL_TransmissionPeriodicity from Pattern1 (5.000000 ms) and Pattern2 (0.000000 ms): Total = 5.000000 ms
[0m[12:10:25.833458] [NR_MAC] Set TDD configuration period to: 8 DL slots, 3 UL slots, 10 slots per period (NR_TDD_UL_DL_Pattern is 7 DL slots, 2 UL slots, 6 DL symbols, 4 UL symbols)
[0m[12:10:25.833460] [NR_MAC] Configured 1 TDD patterns (total slots: pattern1 = 10, pattern2 = 0)
[0m[12:10:25.833463] [NR_PHY] Set TDD Period Configuration: 2 periods per frame, 20 slots to be configured (8 DL, 3 UL)
[0m[12:10:25.833466] [NR_PHY] TDD period configuration: slot 0 is DOWNLINK
[0m[12:10:25.833468] [NR_PHY] TDD period configuration: slot 1 is DOWNLINK
[0m[12:10:25.833470] [NR_PHY] TDD period configuration: slot 2 is DOWNLINK
[0m[12:10:25.833472] [NR_PHY] TDD period configuration: slot 3 is DOWNLINK
[0m[12:10:25.833474] [NR_PHY] TDD period configuration: slot 4 is DOWNLINK
[0m[12:10:25.833475] [NR_PHY] TDD period configuration: slot 5 is DOWNLINK
[0m[12:10:25.833477] [NR_PHY] TDD period configuration: slot 6 is DOWNLINK
[0m[12:10:25.833479] [NR_PHY] TDD period configuration: slot 7 is FLEXIBLE: DDDDDDFFFFUUUU
[0m[12:10:25.833486] [NR_PHY] TDD period configuration: slot 8 is UPLINK
[0m[12:10:25.833488] [NR_PHY] TDD period configuration: slot 9 is UPLINK
[0m[12:10:25.833491] [NR_MAC] Command line parameters for OAI UE: -C 3450720000 -r 106 --numerology 1 --band 78 --ssb 516 
[0m[12:10:25.833497] [PHY]    DL frequency 3450720000 Hz, UL frequency 3450720000 Hz: uldl offset 0 Hz
[0m[12:10:25.833499] [PHY]    Initializing frame parms for mu 1, N_RB 106, Ncp 0
[0m[12:10:25.833502] [PHY]    Init: N_RB_DL 106, first_carrier_offset 1412, nb_prefix_samples 144,nb_prefix_samples0 176, ofdm_symbol_size 2048
[0m[12:10:25.833702] [NR_MAC] TDD period index = 6, based on the sum of dl_UL_TransmissionPeriodicity from Pattern1 (5.000000 ms) and Pattern2 (0.000000 ms): Total = 5.000000 ms
[0m[12:10:25.833707] [NR_MAC] TDA index 0: start 0 length 13 k2 4
[0m[12:10:25.833709] [NR_MAC] TDA index 1: start 10 length 3 k2 4
[0m[12:10:25.833878] [NR_RRC] SIB1 freq: offsetToPointA 86
[0m[12:10:25.833947] [GNB_APP] F1AP: gNB idx 0 gNB_DU_id 3584, gNB_DU_name du-rfsim, TAC 40960 MCC/MNC/length 208/95/2 cellID 12345678
[0m[12:10:25.833951] [GNB_APP] ngran_DU: Configuring Cell 0 for TDD
[0m[12:10:25.833974] [GNB_APP] Configured DU: cell ID 12345678, PCI 0
[0m[12:10:25.834108] [GNB_APP] gNB 0: neighbour_list has 0 serving cell(s)
[0m[12:10:25.834413] [GNB_APP] SDAP UL/DL headers in RRC are present
[0m[12:10:25.834431] [GNB_APP] gNB 0 SIB2 config: q_Hyst=0 dB, cellReselPrio=0, q_RxLevMin=-56 dBm, t_ReselectionNR=1 s
[0m[12:10:25.834464] [UTIL]   threadCreate() for TASK_SCTP: creating thread with affinity ffffffff, priority 50
[0m[12:10:25.837986] [X2AP]   X2AP is disabled.
[0m[12:10:25.838004] [UTIL]   threadCreate() for TASK_GNB_APP: creating thread with affinity ffffffff, priority 50
[0m[12:10:25.842565] [UTIL]   threadCreate() for TASK_GTPV1_U: creating thread with affinity ffffffff, priority 50
[0m[12:10:25.842625] [UTIL]   threadCreate() for TASK_DU_F1: creating thread with affinity ffffffff, priority 50
[0m[12:10:25.848520] [UTIL]   threadCreate() for time source iq samples: creating thread with affinity ffffffff, priority 2
[0m[12:10:25.851838] [F1AP]   Starting F1AP at DU
[0m[12:10:25.856365] [GTPU]   Initializing UDP for local address 127.0.0.4 with port 2152
[0m[12:10:25.856399] [GTPU]   Created gtpu instance id: 81
[0m[12:10:25.856407] [UTIL]   threadCreate() for GTPrx_81: creating thread with affinity ffffffff, priority 50
[0m[12:10:25.856419] [UTIL]   time manager configuration: [time source: iq_samples] [mode: standalone] [server IP: 127.0.0.1} [server port: 7374] (server IP/port not used)
[0m[12:10:25.861401] [MAC]    received F1 Setup Response from CU cu-rfsim
[0m[12:10:25.861410] [MAC]    CU uses RRC version 17.3.0
[0m[12:10:25.861417] [MAC]    Clearing the DU's UE states before, if any.
[0m[12:10:25.861845] [MAC]    received gNB-DU configuration update acknowledge
[0m[12:10:25.907673] [PHY]    RU clock source set as internal
[0m[12:10:25.907720] [PHY]    number of L1 instances 1, number of RU 1, number of CPU cores 10
[0m[12:10:25.907828] [PHY]    RU thread-pool core string -1,-1 (size 2)
[0m[12:10:25.907840] [UTIL]   threadCreate() for Tpool0_-1: creating thread with affinity ffffffff, priority 97
[0m[12:10:25.912556] [UTIL]   threadCreate() for Tpool1_-1: creating thread with affinity ffffffff, priority 97
[0m[12:10:25.917327] [UTIL]   threadCreate() for ru_thread: creating thread with affinity ffffffff, priority 97
[0m[12:10:25.922032] [PHY]    Starting RU 0 (,synch_to_ext_device) on cpu 4
[0m[12:10:25.922047] [PHY]    Initializing frame parms for mu 1, N_RB 106, Ncp 0
[0m[12:10:25.922049] [PHY]    Init: N_RB_DL 106, first_carrier_offset 1412, nb_prefix_samples 144,nb_prefix_samples0 176, ofdm_symbol_size 2048
[0m[12:10:25.922052] [PHY]    fp->scs=30000
[0m[12:10:25.922054] [PHY]    fp->ofdm_symbol_size=2048
[0m[12:10:25.922055] [PHY]    fp->nb_prefix_samples0=176
[0m[12:10:25.922057] [PHY]    fp->nb_prefix_samples=144
[0m[12:10:25.922059] [PHY]    fp->slots_per_subframe=2
[0m[12:10:25.922067] [PHY]    fp->samples_per_subframe_wCP=57344
[0m[12:10:25.922069] [PHY]    fp->samples_per_frame_wCP=573440
[0m[12:10:25.922070] [PHY]    fp->samples_per_subframe=61440
[0m[12:10:25.922072] [PHY]    fp->samples_per_frame=614400
[0m[12:10:25.922073] [PHY]    fp->dl_CarrierFreq=3450720000
[0m[12:10:25.922075] [PHY]    fp->ul_CarrierFreq=3450720000
[0m[12:10:25.922076] [PHY]    fp->Nid_cell=0
[0m[12:10:25.922078] [PHY]    fp->first_carrier_offset=1412
[0m[12:10:25.922079] [PHY]    fp->ssb_start_subcarrier=0
[0m[12:10:25.922081] [PHY]    fp->Ncp=0
[0m[12:10:25.922082] [PHY]    fp->N_RB_DL=106
[0m[12:10:25.922084] [PHY]    fp->numerology_index=1
[0m[12:10:25.922085] [PHY]    fp->ofdm_offset_divisor=8
[0m[12:10:25.922087] [PHY]    fp->threequarter_fs=0
[0m[12:10:25.922088] [PHY]    fp->sl_CarrierFreq=0
[0m[12:10:25.922089] [PHY]    fp->N_RB_SL=0
[0m[12:10:25.922092] [NR_PHY] nb_tx_streams 1, nb_rx_streams 1
[0m[12:10:25.925192] [PHY]    Setting RF config for N_RB 106, NB_RX 1, NB_TX 1
[0m[12:10:25.925204] [PHY]    tune_offset 0 Hz, sample_rate 61440000 Hz
[0m[12:10:25.925209] [PHY]    Channel 0: setting tx_gain offset 0, tx_freq 3450720000 Hz
[0m[12:10:25.925212] [PHY]    Channel 0: setting rx_gain offset 114, rx_freq 3450720000 Hz
[0m[12:10:25.929861] [HW]     Running as server waiting opposite rfsimulators to connect
[0m[12:10:25.929969] [HW]     [RAU] has loaded RFSIMULATOR device.
[0m[12:10:25.929974] [PHY]    RU 0 Setting N_TA_offset to 800 samples (UL Freq 3431640, N_RB 106, mu 1)
[0m[12:10:25.929976] [PHY]    Signaling main thread that RU 0 is ready, sl_ahead 6
[0m[12:10:25.930026] [PHY]    L1 configured without analog beamforming
[0m[12:10:26.546733] [PHY]    Attaching RU 0 antenna 0 to gNB antenna 0
[0m[12:10:26.546768] [UTIL]   threadCreate() for Tpool0_-1: creating thread with affinity ffffffff, priority 97
[0m[12:10:26.551495] [UTIL]   threadCreate() for Tpool1_-1: creating thread with affinity ffffffff, priority 97
[0m[12:10:26.556254] [UTIL]   threadCreate() for Tpool2_-1: creating thread with affinity ffffffff, priority 97
[0m[12:10:26.560937] [UTIL]   threadCreate() for Tpool3_-1: creating thread with affinity ffffffff, priority 97
[0m[12:10:26.565709] [UTIL]   threadCreate() for Tpool4_-1: creating thread with affinity ffffffff, priority 97
[0m[12:10:26.570281] [UTIL]   threadCreate() for Tpool5_-1: creating thread with affinity ffffffff, priority 97
[0m[12:10:26.574845] [UTIL]   threadCreate() for Tpool6_-1: creating thread with affinity ffffffff, priority 97
[0m[12:10:26.579617] [UTIL]   threadCreate() for Tpool7_-1: creating thread with affinity ffffffff, priority 97
[0m[12:10:26.584634] [UTIL]   threadCreate() for L1_rx_thread: creating thread with affinity ffffffff, priority 97
[0m[12:10:26.589582] [UTIL]   threadCreate() for L1_tx_thread: creating thread with affinity ffffffff, priority 97
[0m[12:10:26.594517] [UTIL]   threadCreate() for L1_stats: creating thread with affinity ffffffff, priority 1
[0m[12:10:26.599492] [PHY]    got sync (ru_thread)
[0m[12:10:26.599496] [PHY]    got sync (L1_stats_thread)
[0m[CONFIG] function config_libconfig_init returned 0
Initializing random number generator, seed 13210685810266984442
TYPE <CTRL-C> TO TERMINATE
[12:10:26.599555] [PHY]    RU 0 rf device ready
[0m[12:10:26.599558] [PHY]    RU 0 RF started cpu_meas_enabled 0
[0m[12:10:26.599583] [HW]     No connected device, generating void samples...
[0m[32m[12:10:28.203979] [PHY]    Command line parameters for OAI UE: -C 3450720000 -r 106 --numerology 1 --ssb 516 
[0m[12:10:29.608266] [NR_MAC] Frame.Slot 128.0

[0m[12:10:32.648730] [NR_MAC] Frame.Slot 256.0

[0m[12:10:35.733206] [NR_MAC] Frame.Slot 384.0

[0m[12:10:40.483954] [NR_MAC] Frame.Slot 512.0

[0m[12:10:43.530156] [NR_MAC] Frame.Slot 640.0

[0m[12:10:46.571583] [NR_MAC] Frame.Slot 768.0

[0m[12:10:48.946782] [HW]     Client connects from ::ffff:127.0.0.1:28306
[0m[32m[12:10:48.952150] [HW]     RFsim: Number of antennas changed from 0 to 1
[0m[12:10:49.044195] [NR_MAC] Frame.Slot 896.0

[0m[32m[12:10:49.437675] [NR_PHY] [RAPROC] 1009.19 Initiating RA procedure with preamble 44, energy 60.5 dB (I0 0, thres 200), delay 0 start symbol 4 freq index 0
[0m[32m[12:10:49.437741] [NR_MAC] 1009.19 UE RA-RNTI 010f TC-RNTI 4fe0: initiating RA procedure
[0m[12:10:49.437745] [NR_MAC] UE 4fe0: Sync beam index 0
[0m[12:10:49.438664] [NR_MAC] UE 4fe0: Msg3 scheduled at 1010.17 (1010.10 TDA 1) start 0 RBs 8
[0m[32m[12:10:49.438679] [NR_MAC] UE 4fe0: 1010.10 Generating RA-Msg2 DCI, RA RNTI 0x10f, state 1, preamble_index(RAPID) 44, timing_offset = 0 (estimated distance 0.0 [m])
[0m[32m[12:10:49.441886] [NR_MAC] 1010.17 PUSCH with TC_RNTI 0x4fe0 received correctly
[0m[12:10:49.441901] [MAC]    [RAPROC] Received SDU for CCCH length 6 for UE 4fe0
[0m[12:10:49.441907] [RLC]    Activated srb0 for UE 20448
[0m[12:10:49.441916] [NR_RRC] SRS configured with 1 ports
[0m[12:10:49.441930] [RLC]    Added srb 1 to UE 20448
[0m[12:10:49.442014] [NR_MAC] Activating scheduling Msg4 for TC_RNTI 0x4fe0 (state WAIT_Msg3)
[0m[12:10:49.442752] [NR_MAC] UE 4fe0 Generate Msg4: feedback at 1011.17, payload 157 bytes, next state nrRA_WAIT_Msg4_MsgB_ACK
[0m[32m[12:10:49.445856] [NR_MAC] 1011.17 UE 4fe0: Received Ack of Msg4. CBRA procedure succeeded (UE Connected)
[0m[12:10:49.445877] [NR_MAC] Adding new UE context with RNTI 0x4fe0
[0m[12:10:49.490821] [NR_MAC] Frame.Slot 0.0
UE RNTI 4fe0 CU-UE-ID 1 in-sync PH 48 dB PCMAX 20 dBm, average RSRP -43 (1 meas)
UE 4fe0: dlsch_rounds 2/0/0/0, dlsch_errors 0, pucch0_DTX 0 (SNR 19.2+4.2) RSSI -37.3, BLER 0.10000 MCS (0) 0 (Qm 2) CCE fail 0
UE 4fe0: ulsch_rounds 5/0/0/0, ulsch_errors 0, ulsch_DTX 0, BLER 0.09000 MCS (0) 0 (Qm 2 deltaMCS 0) NPRB 5 SNR 21.2 (+1.2) RSSI -42.0 CCE fail 0
UE 4fe0: LCID 1, goodput DL    0.00 UL    0.00 Mbps

[0m[12:10:49.694729] [RLC]    Added srb 2 to UE 20448
[0m[12:10:49.695376] [RLC]    Added drb 1 to UE 20448
[0m[12:10:49.695382] [RLC]    Added DRB to UE 20448
[0m[12:10:49.695385] [GTPU]   Incoming DRB 1 / PDU Session 1 - UL TEID -1665973426
[0m[12:10:49.695391] [GTPU]   [81] UE ID 20448: Create tunnel TEID incoming 0xc0aa8d64 outgoing 0x9cb3434e to remote IPv4 127.0.0.3, IPv6 ::, port 2152
[0m[93m[12:10:49.700835] [NR_MAC] Received ACK for RRCReconfiguration, but nothing to apply!
[0m[12:10:49.708427] [NR_MAC] DU received confirmation of successful RRC Reconfiguration
[0m[12:10:49.968329] [NR_MAC] Frame.Slot 128.0
UE RNTI 4fe0 CU-UE-ID 1 in-sync PH 48 dB PCMAX 20 dBm, average RSRP -43 (16 meas)
UE 4fe0: dlsch_rounds 17/0/0/0, dlsch_errors 0, pucch0_DTX 0 (SNR 16.2+1.2) RSSI -37.3, BLER 0.05905 MCS (0) 0 (Qm 2) CCE fail 1
UE 4fe0: ulsch_rounds 50/0/0/0, ulsch_errors 0, ulsch_DTX 0, BLER 0.03138 MCS (0) 0 (Qm 2 deltaMCS 0) NPRB 5 SNR 21.8 (+1.8) RSSI -42.0 CCE fail 0
UE 4fe0: LCID 1,2,4, goodput DL    0.00 UL    0.00 Mbps

[0m[12:10:50.438170] [NR_MAC] Frame.Slot 256.0
UE RNTI 4fe0 CU-UE-ID 1 in-sync PH 48 dB PCMAX 20 dBm, average RSRP -43 (16 meas)
UE 4fe0: dlsch_rounds 19/0/0/0, dlsch_errors 0, pucch0_DTX 0 (SNR 16.2+1.2) RSSI -37.3, BLER 0.04783 MCS (0) 0 (Qm 2) CCE fail 1
UE 4fe0: ulsch_rounds 66/0/0/0, ulsch_errors 0, ulsch_DTX 0, BLER 0.00798 MCS (0) 0 (Qm 2 deltaMCS 0) NPRB 5 SNR 22.4 (+2.4) RSSI -41.8 CCE fail 0
UE 4fe0: LCID 1,2,4, goodput DL    0.00 UL    0.00 Mbps

[0m[12:10:50.932935] [NR_MAC] Frame.Slot 384.0
UE RNTI 4fe0 CU-UE-ID 1 in-sync PH 48 dB PCMAX 20 dBm, average RSRP -43 (16 meas)
UE 4fe0: dlsch_rounds 22/0/0/0, dlsch_errors 0, pucch0_DTX 0 (SNR 16.2+1.2) RSSI -37.3, BLER 0.03487 MCS (0) 0 (Qm 2) CCE fail 1
UE 4fe0: ulsch_rounds 86/0/0/0, ulsch_errors 0, ulsch_DTX 0, BLER 0.00225 MCS (0) 1 (Qm 2 deltaMCS 0) NPRB 5 SNR 22.9 (+2.9) RSSI -41.6 CCE fail 0
UE 4fe0: LCID 1,2,4, goodput DL    0.00 UL    0.00 Mbps

[0m[12:10:51.446258] [NR_MAC] Frame.Slot 512.0
UE RNTI 4fe0 CU-UE-ID 1 in-sync PH 48 dB PCMAX 20 dBm, average RSRP -43 (16 meas)
UE 4fe0: dlsch_rounds 25/0/0/0, dlsch_errors 0, pucch0_DTX 0 (SNR 16.2+1.2) RSSI -37.3, BLER 0.02542 MCS (0) 0 (Qm 2) CCE fail 1
UE 4fe0: ulsch_rounds 103/0/0/0, ulsch_errors 0, ulsch_DTX 0, BLER 0.00057 MCS (0) 0 (Qm 2 deltaMCS 0) NPRB 5 SNR 22.4 (+2.4) RSSI -41.6 CCE fail 0
UE 4fe0: LCID 1,2,4, goodput DL    0.00 UL    0.00 Mbps

[0m[12:10:51.934068] [NR_MAC] Frame.Slot 640.0
UE RNTI 4fe0 CU-UE-ID 1 in-sync PH 48 dB PCMAX 20 dBm, average RSRP -43 (16 meas)
UE 4fe0: dlsch_rounds 27/0/0/0, dlsch_errors 0, pucch0_DTX 0 (SNR 16.2+1.2) RSSI -37.3, BLER 0.02059 MCS (0) 0 (Qm 2) CCE fail 1
UE 4fe0: ulsch_rounds 118/0/0/0, ulsch_errors 0, ulsch_DTX 0, BLER 0.00016 MCS (0) 0 (Qm 2 deltaMCS 0) NPRB 5 SNR 22.4 (+2.4) RSSI -41.6 CCE fail 0
UE 4fe0: LCID 1,2,4, goodput DL    0.00 UL    0.00 Mbps

[0m[12:10:52.407924] [NR_MAC] Frame.Slot 768.0
UE RNTI 4fe0 CU-UE-ID 1 in-sync PH 48 dB PCMAX 20 dBm, average RSRP -43 (16 meas)
UE 4fe0: dlsch_rounds 29/0/0/0, dlsch_errors 0, pucch0_DTX 0 (SNR 16.2+1.2) RSSI -37.3, BLER 0.01668 MCS (0) 0 (Qm 2) CCE fail 1
UE 4fe0: ulsch_rounds 135/0/0/0, ulsch_errors 0, ulsch_DTX 0, BLER 0.00004 MCS (0) 0 (Qm 2 deltaMCS 0) NPRB 5 SNR 21.9 (+1.9) RSSI -41.6 CCE fail 0
UE 4fe0: LCID 1,2,4, goodput DL    0.00 UL    0.00 Mbps

[0m[12:10:52.879563] [NR_MAC] Frame.Slot 896.0
UE RNTI 4fe0 CU-UE-ID 1 in-sync PH 48 dB PCMAX 20 dBm, average RSRP -43 (16 meas)
UE 4fe0: dlsch_rounds 33/0/0/0, dlsch_errors 0, pucch0_DTX 0 (SNR 16.2+1.2) RSSI -37.3, BLER 0.01351 MCS (0) 0 (Qm 2) CCE fail 1
UE 4fe0: ulsch_rounds 154/0/0/0, ulsch_errors 0, ulsch_DTX 0, BLER 0.00001 MCS (0) 1 (Qm 2 deltaMCS 0) NPRB 5 SNR 23.7 (+3.7) RSSI -41.5 CCE fail 0
UE 4fe0: LCID 1,2,4, goodput DL    0.00 UL    0.00 Mbps

[0m[12:10:53.349202] [NR_MAC] Frame.Slot 0.0
UE RNTI 4fe0 CU-UE-ID 1 in-sync PH 48 dB PCMAX 20 dBm, average RSRP -43 (16 meas)
UE 4fe0: dlsch_rounds 35/0/0/0, dlsch_errors 0, pucch0_DTX 0 (SNR 16.2+1.2) RSSI -37.3, BLER 0.01216 MCS (0) 0 (Qm 2) CCE fail 1
UE 4fe0: ulsch_rounds 170/0/0/0, ulsch_errors 0, ulsch_DTX 0, BLER 0.00000 MCS (0) 0 (Qm 2 deltaMCS 0) NPRB 5 SNR 22.4 (+2.4) RSSI -41.5 CCE fail 0
UE 4fe0: LCID 1,2,4, goodput DL    0.00 UL    0.00 Mbps

[0m[12:10:53.818573] [NR_MAC] Frame.Slot 128.0
UE RNTI 4fe0 CU-UE-ID 1 in-sync PH 48 dB PCMAX 20 dBm, average RSRP -43 (16 meas)
UE 4fe0: dlsch_rounds 38/0/0/0, dlsch_errors 0, pucch0_DTX 0 (SNR 16.2+1.2) RSSI -37.3, BLER 0.00985 MCS (0) 0 (Qm 2) CCE fail 1
UE 4fe0: ulsch_rounds 190/0/0/0, ulsch_errors 0, ulsch_DTX 0, BLER 0.00000 MCS (0) 0 (Qm 2 deltaMCS 0) NPRB 5 SNR 22.0 (+2.0) RSSI -41.5 CCE fail 0
UE 4fe0: LCID 1,2,4, goodput DL    0.00 UL    0.00 Mbps

[0m[12:10:54.284785] [NR_MAC] Frame.Slot 256.0
UE RNTI 4fe0 CU-UE-ID 1 in-sync PH 48 dB PCMAX 20 dBm, average RSRP -43 (16 meas)
UE 4fe0: dlsch_rounds 40/0/0/0, dlsch_errors 0, pucch0_DTX 0 (SNR 16.2+1.2) RSSI -37.3, BLER 0.00886 MCS (0) 0 (Qm 2) CCE fail 1
UE 4fe0: ulsch_rounds 205/0/0/0, ulsch_errors 0, ulsch_DTX 0, BLER 0.00000 MCS (0) 0 (Qm 2 deltaMCS 0) NPRB 5 SNR 22.1 (+2.1) RSSI -41.5 CCE fail 0
UE 4fe0: LCID 1,2,4, goodput DL    0.00 UL    0.00 Mbps

[0m[12:10:54.769436] [NR_MAC] Frame.Slot 384.0
UE RNTI 4fe0 CU-UE-ID 1 in-sync PH 48 dB PCMAX 20 dBm, average RSRP -43 (16 meas)
UE 4fe0: dlsch_rounds 44/0/0/0, dlsch_errors 0, pucch0_DTX 0 (SNR 16.2+1.2) RSSI -37.3, BLER 0.00646 MCS (0) 0 (Qm 2) CCE fail 1
UE 4fe0: ulsch_rounds 226/0/0/0, ulsch_errors 0, ulsch_DTX 0, BLER 0.00000 MCS (0) 1 (Qm 2 deltaMCS 0) NPRB 5 SNR 23.4 (+3.4) RSSI -41.5 CCE fail 0
UE 4fe0: LCID 1,2,4, goodput DL    0.00 UL    0.00 Mbps

[0m[12:10:55.257985] [NR_MAC] Frame.Slot 512.0
UE RNTI 4fe0 CU-UE-ID 1 in-sync PH 48 dB PCMAX 20 dBm, average RSRP -43 (16 meas)
UE 4fe0: dlsch_rounds 46/0/0/0, dlsch_errors 0, pucch0_DTX 0 (SNR 16.2+1.2) RSSI -37.3, BLER 0.00523 MCS (0) 0 (Qm 2) CCE fail 1
UE 4fe0: ulsch_rounds 242/0/0/0, ulsch_errors 0, ulsch_DTX 0, BLER 0.00000 MCS (0) 0 (Qm 2 deltaMCS 0) NPRB 5 SNR 22.1 (+2.1) RSSI -41.4 CCE fail 0
UE 4fe0: LCID 1,2,4, goodput DL    0.00 UL    0.00 Mbps

[0m[12:10:55.735551] [NR_MAC] Frame.Slot 640.0
UE RNTI 4fe0 CU-UE-ID 1 in-sync PH 48 dB PCMAX 20 dBm, average RSRP -43 (16 meas)
UE 4fe0: dlsch_rounds 48/0/0/0, dlsch_errors 0, pucch0_DTX 0 (SNR 16.2+1.2) RSSI -37.3, BLER 0.00424 MCS (0) 0 (Qm 2) CCE fail 1
UE 4fe0: ulsch_rounds 259/0/0/0, ulsch_errors 0, ulsch_DTX 0, BLER 0.00000 MCS (0) 0 (Qm 2 deltaMCS 0) NPRB 5 SNR 22.6 (+2.6) RSSI -41.4 CCE fail 0
UE 4fe0: LCID 1,2,4, goodput DL    0.00 UL    0.00 Mbps

[0m[12:10:56.203153] [NR_MAC] Frame.Slot 768.0
UE RNTI 4fe0 CU-UE-ID 1 in-sync PH 48 dB PCMAX 20 dBm, average RSRP -43 (16 meas)
UE 4fe0: dlsch_rounds 51/0/0/0, dlsch_errors 0, pucch0_DTX 0 (SNR 16.2+1.2) RSSI -37.3, BLER 0.00309 MCS (0) 0 (Qm 2) CCE fail 1
UE 4fe0: ulsch_rounds 275/0/0/0, ulsch_errors 0, ulsch_DTX 0, BLER 0.00000 MCS (0) 0 (Qm 2 deltaMCS 0) NPRB 5 SNR 22.3 (+2.3) RSSI -41.5 CCE fail 0
UE 4fe0: LCID 1,2,4, goodput DL    0.00 UL    0.00 Mbps

[0m[12:10:56.693068] [NR_MAC] Frame.Slot 896.0
UE RNTI 4fe0 CU-UE-ID 1 in-sync PH 48 dB PCMAX 20 dBm, average RSRP -43 (16 meas)
UE 4fe0: dlsch_rounds 54/0/0/0, dlsch_errors 0, pucch0_DTX 0 (SNR 16.2+1.2) RSSI -37.3, BLER 0.00225 MCS (0) 0 (Qm 2) CCE fail 1
UE 4fe0: ulsch_rounds 295/0/0/0, ulsch_errors 0, ulsch_DTX 0, BLER 0.00000 MCS (0) 0 (Qm 2 deltaMCS 0) NPRB 5 SNR 23.9 (+3.9) RSSI -41.5 CCE fail 0
UE 4fe0: LCID 1,2,4, goodput DL    0.00 UL    0.00 Mbps

[0m[12:10:57.203099] [NR_MAC] Frame.Slot 0.0
UE RNTI 4fe0 CU-UE-ID 1 in-sync PH 48 dB PCMAX 20 dBm, average RSRP -43 (16 meas)
UE 4fe0: dlsch_rounds 56/0/0/0, dlsch_errors 0, pucch0_DTX 0 (SNR 16.2+1.2) RSSI -37.3, BLER 0.00182 MCS (0) 0 (Qm 2) CCE fail 1
UE 4fe0: ulsch_rounds 312/0/0/0, ulsch_errors 0, ulsch_DTX 0, BLER 0.00000 MCS (0) 0 (Qm 2 deltaMCS 0) NPRB 5 SNR 23.2 (+3.2) RSSI -41.4 CCE fail 0
UE 4fe0: LCID 1,2,4, goodput DL    0.00 UL    0.00 Mbps

[0m[12:10:57.680190] [NR_MAC] Frame.Slot 128.0
UE RNTI 4fe0 CU-UE-ID 1 in-sync PH 48 dB PCMAX 20 dBm, average RSRP -43 (16 meas)
UE 4fe0: dlsch_rounds 58/0/0/0, dlsch_errors 0, pucch0_DTX 0 (SNR 16.2+1.2) RSSI -37.3, BLER 0.00148 MCS (0) 0 (Qm 2) CCE fail 1
UE 4fe0: ulsch_rounds 328/0/0/0, ulsch_errors 0, ulsch_DTX 0, BLER 0.00000 MCS (0) 0 (Qm 2 deltaMCS 0) NPRB 5 SNR 21.9 (+1.9) RSSI -41.4 CCE fail 0
UE 4fe0: LCID 1,2,4, goodput DL    0.00 UL    0.00 Mbps

[0m[12:10:58.148844] [NR_MAC] Frame.Slot 256.0
UE RNTI 4fe0 CU-UE-ID 1 in-sync PH 48 dB PCMAX 20 dBm, average RSRP -43 (16 meas)
UE 4fe0: dlsch_rounds 61/0/0/0, dlsch_errors 0, pucch0_DTX 0 (SNR 16.2+1.2) RSSI -37.3, BLER 0.00108 MCS (0) 0 (Qm 2) CCE fail 1
UE 4fe0: ulsch_rounds 345/0/0/0, ulsch_errors 0, ulsch_DTX 0, BLER 0.00000 MCS (0) 0 (Qm 2 deltaMCS 0) NPRB 5 SNR 22.3 (+2.3) RSSI -41.5 CCE fail 0
UE 4fe0: LCID 1,2,4, goodput DL    0.00 UL    0.00 Mbps

[0m[12:10:58.620239] [NR_MAC] Frame.Slot 384.0
UE RNTI 4fe0 CU-UE-ID 1 in-sync PH 48 dB PCMAX 20 dBm, average RSRP -43 (16 meas)
UE 4fe0: dlsch_rounds 64/0/0/0, dlsch_errors 0, pucch0_DTX 0 (SNR 16.2+1.2) RSSI -37.3, BLER 0.00079 MCS (0) 0 (Qm 2) CCE fail 1
UE 4fe0: ulsch_rounds 364/0/0/0, ulsch_errors 0, ulsch_DTX 0, BLER 0.00000 MCS (0) 0 (Qm 2 deltaMCS 0) NPRB 17 SNR 23.2 (+3.2) RSSI -41.5 CCE fail 0
UE 4fe0: LCID 1,2,4, goodput DL    0.00 UL    0.00 Mbps

[0m[12:10:59.089962] [NR_MAC] Frame.Slot 512.0
UE RNTI 4fe0 CU-UE-ID 1 in-sync PH 48 dB PCMAX 20 dBm, average RSRP -43 (16 meas)
UE 4fe0: dlsch_rounds 66/0/0/0, dlsch_errors 0, pucch0_DTX 0 (SNR 16.2+1.2) RSSI -37.3, BLER 0.00064 MCS (0) 0 (Qm 2) CCE fail 1
UE 4fe0: ulsch_rounds 380/0/0/0, ulsch_errors 0, ulsch_DTX 0, BLER 0.00000 MCS (0) 0 (Qm 2 deltaMCS 0) NPRB 5 SNR 22.9 (+2.9) RSSI -41.5 CCE fail 0
UE 4fe0: LCID 1,2,4, goodput DL    0.00 UL    0.00 Mbps

[0m[12:10:59.555870] [NR_MAC] Frame.Slot 640.0
UE RNTI 4fe0 CU-UE-ID 1 in-sync PH 48 dB PCMAX 20 dBm, average RSRP -43 (16 meas)
UE 4fe0: dlsch_rounds 69/0/0/0, dlsch_errors 0, pucch0_DTX 0 (SNR 16.2+1.2) RSSI -37.3, BLER 0.00046 MCS (0) 0 (Qm 2) CCE fail 1
UE 4fe0: ulsch_rounds 397/0/0/0, ulsch_errors 0, ulsch_DTX 0, BLER 0.00000 MCS (0) 0 (Qm 2 deltaMCS 0) NPRB 5 SNR 22.3 (+2.3) RSSI -41.5 CCE fail 0
UE 4fe0: LCID 1,2,4, goodput DL    0.00 UL    0.00 Mbps

[0m[12:11:00.029332] [NR_MAC] Frame.Slot 768.0
UE RNTI 4fe0 CU-UE-ID 1 in-sync PH 48 dB PCMAX 20 dBm, average RSRP -43 (16 meas)
UE 4fe0: dlsch_rounds 71/0/0/0, dlsch_errors 0, pucch0_DTX 0 (SNR 16.2+1.2) RSSI -37.3, BLER 0.00038 MCS (0) 0 (Qm 2) CCE fail 1
UE 4fe0: ulsch_rounds 412/0/0/0, ulsch_errors 0, ulsch_DTX 0, BLER 0.00000 MCS (0) 0 (Qm 2 deltaMCS 0) NPRB 5 SNR 22.3 (+2.3) RSSI -41.6 CCE fail 0
UE 4fe0: LCID 1,2,4, goodput DL    0.00 UL    0.00 Mbps

[0m[12:11:00.498638] [NR_MAC] Frame.Slot 896.0
UE RNTI 4fe0 CU-UE-ID 1 in-sync PH 48 dB PCMAX 20 dBm, average RSRP -43 (16 meas)
UE 4fe0: dlsch_rounds 74/0/0/0, dlsch_errors 0, pucch0_DTX 0 (SNR 16.2+1.2) RSSI -37.3, BLER 0.00027 MCS (0) 0 (Qm 2) CCE fail 1
UE 4fe0: ulsch_rounds 431/0/0/0, ulsch_errors 0, ulsch_DTX 0, BLER 0.00000 MCS (0) 0 (Qm 2 deltaMCS 0) NPRB 17 SNR 23.3 (+3.3) RSSI -41.5 CCE fail 0
UE 4fe0: LCID 1,2,4, goodput DL    0.00 UL    0.00 Mbps

[0m[12:11:00.974735] [NR_MAC] Frame.Slot 0.0
UE RNTI 4fe0 CU-UE-ID 1 in-sync PH 48 dB PCMAX 20 dBm, average RSRP -43 (16 meas)
UE 4fe0: dlsch_rounds 76/0/0/0, dlsch_errors 0, pucch0_DTX 0 (SNR 16.2+1.2) RSSI -37.3, BLER 0.00022 MCS (0) 0 (Qm 2) CCE fail 1
UE 4fe0: ulsch_rounds 447/0/0/0, ulsch_errors 0, ulsch_DTX 0, BLER 0.00000 MCS (0) 0 (Qm 2 deltaMCS 0) NPRB 5 SNR 23.0 (+3.0) RSSI -41.5 CCE fail 0
UE 4fe0: LCID 1,2,4, goodput DL    0.00 UL    0.00 Mbps

[0m[12:11:01.437775] [NR_MAC] Frame.Slot 128.0
UE RNTI 4fe0 CU-UE-ID 1 in-sync PH 48 dB PCMAX 20 dBm, average RSRP -43 (16 meas)
UE 4fe0: dlsch_rounds 80/0/0/0, dlsch_errors 0, pucch0_DTX 0 (SNR 16.2+1.2) RSSI -37.3, BLER 0.00015 MCS (0) 0 (Qm 2) CCE fail 1
UE 4fe0: ulsch_rounds 467/0/0/0, ulsch_errors 0, ulsch_DTX 0, BLER 0.00000 MCS (0) 0 (Qm 2 deltaMCS 0) NPRB 5 SNR 22.4 (+2.4) RSSI -41.5 CCE fail 0
UE 4fe0: LCID 1,2,4, goodput DL    0.00 UL    0.00 Mbps

[0m[12:11:01.927688] [NR_MAC] Frame.Slot 256.0
UE RNTI 4fe0 CU-UE-ID 1 in-sync PH 48 dB PCMAX 20 dBm, average RSRP -43 (16 meas)
UE 4fe0: dlsch_rounds 82/0/0/0, dlsch_errors 0, pucch0_DTX 0 (SNR 16.2+1.2) RSSI -37.3, BLER 0.00012 MCS (0) 0 (Qm 2) CCE fail 1
UE 4fe0: ulsch_rounds 483/0/0/0, ulsch_errors 0, ulsch_DTX 0, BLER 0.00000 MCS (0) 0 (Qm 2 deltaMCS 0) NPRB 5 SNR 22.1 (+2.1) RSSI -41.5 CCE fail 0
UE 4fe0: LCID 1,2,4, goodput DL    0.00 UL    0.00 Mbps

[0m[12:11:02.420940] [NR_MAC] Frame.Slot 384.0
UE RNTI 4fe0 CU-UE-ID 1 in-sync PH 48 dB PCMAX 20 dBm, average RSRP -43 (16 meas)
UE 4fe0: dlsch_rounds 84/0/0/0, dlsch_errors 0, pucch0_DTX 0 (SNR 16.2+1.2) RSSI -37.3, BLER 0.00010 MCS (0) 0 (Qm 2) CCE fail 1
UE 4fe0: ulsch_rounds 500/0/0/0, ulsch_errors 0, ulsch_DTX 0, BLER 0.00000 MCS (0) 0 (Qm 2 deltaMCS 0) NPRB 5 SNR 22.6 (+2.6) RSSI -41.6 CCE fail 0
UE 4fe0: LCID 1,2,4, goodput DL    0.00 UL    0.00 Mbps

[0m[12:11:02.915959] [NR_MAC] Frame.Slot 512.0
UE RNTI 4fe0 CU-UE-ID 1 in-sync PH 48 dB PCMAX 20 dBm, average RSRP -43 (16 meas)
UE 4fe0: dlsch_rounds 87/0/0/0, dlsch_errors 0, pucch0_DTX 0 (SNR 16.2+1.2) RSSI -37.3, BLER 0.00007 MCS (0) 0 (Qm 2) CCE fail 1
UE 4fe0: ulsch_rounds 519/0/0/0, ulsch_errors 0, ulsch_DTX 0, BLER 0.00000 MCS (0) 0 (Qm 2 deltaMCS 0) NPRB 5 SNR 23.4 (+3.4) RSSI -41.5 CCE fail 0
UE 4fe0: LCID 1,2,4, goodput DL    0.00 UL    0.00 Mbps

[0m[12:11:03.406679] [NR_MAC] Frame.Slot 640.0
UE RNTI 4fe0 CU-UE-ID 1 in-sync PH 48 dB PCMAX 20 dBm, average RSRP -43 (16 meas)
UE 4fe0: dlsch_rounds 90/0/0/0, dlsch_errors 0, pucch0_DTX 0 (SNR 16.2+1.2) RSSI -37.3, BLER 0.00005 MCS (0) 0 (Qm 2) CCE fail 1
UE 4fe0: ulsch_rounds 535/0/0/0, ulsch_errors 0, ulsch_DTX 0, BLER 0.00000 MCS (0) 0 (Qm 2 deltaMCS 0) NPRB 5 SNR 22.1 (+2.1) RSSI -41.5 CCE fail 0
UE 4fe0: LCID 1,2,4, goodput DL    0.00 UL    0.00 Mbps

[0m[12:11:03.898690] [NR_MAC] Frame.Slot 768.0
UE RNTI 4fe0 CU-UE-ID 1 in-sync PH 48 dB PCMAX 20 dBm, average RSRP -43 (16 meas)
UE 4fe0: dlsch_rounds 92/0/0/0, dlsch_errors 0, pucch0_DTX 0 (SNR 16.2+1.2) RSSI -37.3, BLER 0.00004 MCS (0) 0 (Qm 2) CCE fail 1
UE 4fe0: ulsch_rounds 552/0/0/0, ulsch_errors 0, ulsch_DTX 0, BLER 0.00000 MCS (0) 0 (Qm 2 deltaMCS 0) NPRB 5 SNR 22.6 (+2.6) RSSI -41.6 CCE fail 0
UE 4fe0: LCID 1,2,4, goodput DL    0.00 UL    0.00 Mbps

[0m[12:11:04.388753] [NR_MAC] Frame.Slot 896.0
UE RNTI 4fe0 CU-UE-ID 1 in-sync PH 48 dB PCMAX 20 dBm, average RSRP -43 (16 meas)
UE 4fe0: dlsch_rounds 94/0/0/0, dlsch_errors 0, pucch0_DTX 0 (SNR 16.2+1.2) RSSI -37.3, BLER 0.00003 MCS (0) 0 (Qm 2) CCE fail 1
UE 4fe0: ulsch_rounds 568/0/0/0, ulsch_errors 0, ulsch_DTX 0, BLER 0.00000 MCS (0) 0 (Qm 2 deltaMCS 0) NPRB 5 SNR 22.3 (+2.3) RSSI -41.6 CCE fail 0
UE 4fe0: LCID 1,2,4, goodput DL    0.00 UL    0.00 Mbps

[0m[12:11:04.880990] [NR_MAC] Frame.Slot 0.0
UE RNTI 4fe0 CU-UE-ID 1 in-sync PH 48 dB PCMAX 20 dBm, average RSRP -43 (16 meas)
UE 4fe0: dlsch_rounds 98/0/0/0, dlsch_errors 0, pucch0_DTX 0 (SNR 16.2+1.2) RSSI -37.3, BLER 0.00002 MCS (0) 0 (Qm 2) CCE fail 1
UE 4fe0: ulsch_rounds 588/0/0/0, ulsch_errors 0, ulsch_DTX 0, BLER 0.00000 MCS (0) 0 (Qm 2 deltaMCS 0) NPRB 5 SNR 22.8 (+2.8) RSSI -41.4 CCE fail 0
UE 4fe0: LCID 1,2,4, goodput DL    0.00 UL    0.00 Mbps

[0m[12:11:05.395517] [NR_MAC] Frame.Slot 128.0
UE RNTI 4fe0 CU-UE-ID 1 in-sync PH 48 dB PCMAX 20 dBm, average RSRP -43 (16 meas)
UE 4fe0: dlsch_rounds 100/0/0/0, dlsch_errors 0, pucch0_DTX 0 (SNR 16.2+1.2) RSSI -37.3, BLER 0.00002 MCS (0) 0 (Qm 2) CCE fail 1
UE 4fe0: ulsch_rounds 604/0/0/0, ulsch_errors 0, ulsch_DTX 0, BLER 0.00000 MCS (0) 0 (Qm 2 deltaMCS 0) NPRB 5 SNR 22.4 (+2.4) RSSI -41.5 CCE fail 0
UE 4fe0: LCID 1,2,4, goodput DL    0.00 UL    0.00 Mbps

[0m[12:11:05.907423] [NR_MAC] Frame.Slot 256.0
UE RNTI 4fe0 CU-UE-ID 1 in-sync PH 48 dB PCMAX 20 dBm, average RSRP -43 (16 meas)
UE 4fe0: dlsch_rounds 102/0/0/0, dlsch_errors 0, pucch0_DTX 0 (SNR 16.2+1.2) RSSI -37.3, BLER 0.00002 MCS (0) 0 (Qm 2) CCE fail 1
UE 4fe0: ulsch_rounds 620/0/0/0, ulsch_errors 0, ulsch_DTX 0, BLER 0.00000 MCS (0) 0 (Qm 2 deltaMCS 0) NPRB 5 SNR 22.2 (+2.2) RSSI -41.5 CCE fail 0
UE 4fe0: LCID 1,2,4, goodput DL    0.00 UL    0.00 Mbps

[0m[12:11:06.398240] [NR_MAC] Frame.Slot 384.0
UE RNTI 4fe0 CU-UE-ID 1 in-sync PH 48 dB PCMAX 20 dBm, average RSRP -43 (16 meas)
UE 4fe0: dlsch_rounds 104/0/0/0, dlsch_errors 0, pucch0_DTX 0 (SNR 16.2+1.2) RSSI -37.3, BLER 0.00002 MCS (0) 0 (Qm 2) CCE fail 1
UE 4fe0: ulsch_rounds 636/0/0/0, ulsch_errors 0, ulsch_DTX 0, BLER 0.00000 MCS (0) 0 (Qm 2 deltaMCS 0) NPRB 5 SNR 21.9 (+1.9) RSSI -41.6 CCE fail 0
UE 4fe0: LCID 1,2,4, goodput DL    0.00 UL    0.00 Mbps

[0m[12:11:06.892603] [NR_MAC] Frame.Slot 512.0
UE RNTI 4fe0 CU-UE-ID 1 in-sync PH 48 dB PCMAX 20 dBm, average RSRP -43 (16 meas)
UE 4fe0: dlsch_rounds 108/0/0/0, dlsch_errors 0, pucch0_DTX 0 (SNR 16.2+1.2) RSSI -37.3, BLER 0.00001 MCS (0) 0 (Qm 2) CCE fail 1
UE 4fe0: ulsch_rounds 655/0/0/0, ulsch_errors 0, ulsch_DTX 0, BLER 0.00000 MCS (0) 1 (Qm 2 deltaMCS 0) NPRB 5 SNR 23.8 (+3.8) RSSI -41.4 CCE fail 0
UE 4fe0: LCID 1,2,4, goodput DL    0.00 UL    0.00 Mbps

[0m[12:11:07.386748] [NR_MAC] Frame.Slot 640.0
UE RNTI 4fe0 CU-UE-ID 1 in-sync PH 48 dB PCMAX 20 dBm, average RSRP -43 (16 meas)
UE 4fe0: dlsch_rounds 110/0/0/0, dlsch_errors 0, pucch0_DTX 0 (SNR 16.2+1.2) RSSI -37.3, BLER 0.00001 MCS (0) 0 (Qm 2) CCE fail 1
UE 4fe0: ulsch_rounds 672/0/0/0, ulsch_errors 0, ulsch_DTX 0, BLER 0.00000 MCS (0) 0 (Qm 2 deltaMCS 0) NPRB 5 SNR 22.2 (+2.2) RSSI -41.5 CCE fail 0
UE 4fe0: LCID 1,2,4, goodput DL    0.00 UL    0.00 Mbps

[0m[12:11:07.882122] [NR_MAC] Frame.Slot 768.0
UE RNTI 4fe0 CU-UE-ID 1 in-sync PH 48 dB PCMAX 20 dBm, average RSRP -43 (16 meas)
UE 4fe0: dlsch_rounds 112/0/0/0, dlsch_errors 0, pucch0_DTX 0 (SNR 16.2+1.2) RSSI -37.3, BLER 0.00001 MCS (0) 0 (Qm 2) CCE fail 1
UE 4fe0: ulsch_rounds 688/0/0/0, ulsch_errors 0, ulsch_DTX 0, BLER 0.00000 MCS (0) 0 (Qm 2 deltaMCS 0) NPRB 5 SNR 21.9 (+1.9) RSSI -41.5 CCE fail 0
UE 4fe0: LCID 1,2,4, goodput DL    0.00 UL    0.00 Mbps

[0m[12:11:08.372030] [NR_MAC] Frame.Slot 896.0
UE RNTI 4fe0 CU-UE-ID 1 in-sync PH 48 dB PCMAX 20 dBm, average RSRP -43 (16 meas)
UE 4fe0: dlsch_rounds 115/0/0/0, dlsch_errors 0, pucch0_DTX 0 (SNR 16.2+1.2) RSSI -37.3, BLER 0.00001 MCS (0) 0 (Qm 2) CCE fail 1
UE 4fe0: ulsch_rounds 705/0/0/0, ulsch_errors 0, ulsch_DTX 0, BLER 0.00000 MCS (0) 0 (Qm 2 deltaMCS 0) NPRB 5 SNR 22.3 (+2.3) RSSI -41.6 CCE fail 0
UE 4fe0: LCID 1,2,4, goodput DL    0.00 UL    0.00 Mbps

[0m[12:11:08.860017] [NR_MAC] Frame.Slot 0.0
UE RNTI 4fe0 CU-UE-ID 1 in-sync PH 48 dB PCMAX 20 dBm, average RSRP -43 (16 meas)
UE 4fe0: dlsch_rounds 118/0/0/0, dlsch_errors 0, pucch0_DTX 0 (SNR 16.2+1.2) RSSI -37.3, BLER 0.00000 MCS (0) 0 (Qm 2) CCE fail 1
UE 4fe0: ulsch_rounds 724/0/0/0, ulsch_errors 0, ulsch_DTX 0, BLER 0.00000 MCS (0) 1 (Qm 2 deltaMCS 0) NPRB 5 SNR 23.1 (+3.1) RSSI -41.5 CCE fail 0
UE 4fe0: LCID 1,2,4, goodput DL    0.00 UL    0.00 Mbps

[0m[12:11:09.321987] [NR_MAC] Frame.Slot 128.0
UE RNTI 4fe0 CU-UE-ID 1 in-sync PH 48 dB PCMAX 20 dBm, average RSRP -43 (16 meas)
UE 4fe0: dlsch_rounds 120/0/0/0, dlsch_errors 0, pucch0_DTX 0 (SNR 16.2+1.2) RSSI -37.3, BLER 0.00000 MCS (0) 0 (Qm 2) CCE fail 1
UE 4fe0: ulsch_rounds 740/0/0/0, ulsch_errors 0, ulsch_DTX 0, BLER 0.00000 MCS (0) 0 (Qm 2 deltaMCS 0) NPRB 5 SNR 22.7 (+2.7) RSSI -41.5 CCE fail 0
UE 4fe0: LCID 1,2,4, goodput DL    0.00 UL    0.00 Mbps

[0m[12:11:09.783108] [NR_MAC] Frame.Slot 256.0
UE RNTI 4fe0 CU-UE-ID 1 in-sync PH 48 dB PCMAX 20 dBm, average RSRP -43 (16 meas)
UE 4fe0: dlsch_rounds 122/0/0/0, dlsch_errors 0, pucch0_DTX 0 (SNR 16.2+1.2) RSSI -37.3, BLER 0.00000 MCS (0) 0 (Qm 2) CCE fail 1
UE 4fe0: ulsch_rounds 756/0/0/0, ulsch_errors 0, ulsch_DTX 0, BLER 0.00000 MCS (0) 0 (Qm 2 deltaMCS 0) NPRB 5 SNR 22.5 (+2.5) RSSI -41.5 CCE fail 0
UE 4fe0: LCID 1,2,4, goodput DL    0.00 UL    0.00 Mbps

[0m[12:11:10.244548] [NR_MAC] Frame.Slot 384.0
UE RNTI 4fe0 CU-UE-ID 1 in-sync PH 48 dB PCMAX 20 dBm, average RSRP -43 (16 meas)
UE 4fe0: dlsch_rounds 125/0/0/0, dlsch_errors 0, pucch0_DTX 0 (SNR 16.2+1.2) RSSI -37.3, BLER 0.00000 MCS (0) 0 (Qm 2) CCE fail 1
UE 4fe0: ulsch_rounds 772/0/0/0, ulsch_errors 0, ulsch_DTX 0, BLER 0.00000 MCS (0) 0 (Qm 2 deltaMCS 0) NPRB 5 SNR 22.2 (+2.2) RSSI -41.6 CCE fail 0
UE 4fe0: LCID 1,2,4, goodput DL    0.00 UL    0.00 Mbps

[0m[12:11:10.704755] [NR_MAC] Frame.Slot 512.0
UE RNTI 4fe0 CU-UE-ID 1 in-sync PH 48 dB PCMAX 20 dBm, average RSRP -43 (16 meas)
UE 4fe0: dlsch_rounds 128/0/0/0, dlsch_errors 0, pucch0_DTX 0 (SNR 16.2+1.2) RSSI -37.3, BLER 0.00000 MCS (0) 0 (Qm 2) CCE fail 1
UE 4fe0: ulsch_rounds 792/0/0/0, ulsch_errors 0, ulsch_DTX 0, BLER 0.00000 MCS (0) 1 (Qm 2 deltaMCS 0) NPRB 5 SNR 22.9 (+2.9) RSSI -41.4 CCE fail 0
UE 4fe0: LCID 1,2,4, goodput DL    0.00 UL    0.00 Mbps

[0m[12:11:11.172879] [NR_MAC] Frame.Slot 640.0
UE RNTI 4fe0 CU-UE-ID 1 in-sync PH 48 dB PCMAX 20 dBm, average RSRP -43 (16 meas)
UE 4fe0: dlsch_rounds 130/0/0/0, dlsch_errors 0, pucch0_DTX 0 (SNR 16.2+1.2) RSSI -37.3, BLER 0.00000 MCS (0) 0 (Qm 2) CCE fail 1
UE 4fe0: ulsch_rounds 807/0/0/0, ulsch_errors 0, ulsch_DTX 0, BLER 0.00000 MCS (0) 0 (Qm 2 deltaMCS 0) NPRB 5 SNR 22.0 (+2.0) RSSI -41.4 CCE fail 0
UE 4fe0: LCID 1,2,4, goodput DL    0.00 UL    0.00 Mbps

[0m[12:11:11.639840] [NR_MAC] Frame.Slot 768.0
UE RNTI 4fe0 CU-UE-ID 1 in-sync PH 48 dB PCMAX 20 dBm, average RSRP -43 (16 meas)
UE 4fe0: dlsch_rounds 133/0/0/0, dlsch_errors 0, pucch0_DTX 0 (SNR 16.2+1.2) RSSI -37.3, BLER 0.00000 MCS (0) 0 (Qm 2) CCE fail 1
UE 4fe0: ulsch_rounds 824/0/0/0, ulsch_errors 0, ulsch_DTX 0, BLER 0.00000 MCS (0) 0 (Qm 2 deltaMCS 0) NPRB 5 SNR 22.3 (+2.3) RSSI -41.5 CCE fail 0
UE 4fe0: LCID 1,2,4, goodput DL    0.00 UL    0.00 Mbps

[0m[12:11:12.101963] [NR_MAC] Frame.Slot 896.0
UE RNTI 4fe0 CU-UE-ID 1 in-sync PH 48 dB PCMAX 20 dBm, average RSRP -43 (16 meas)
UE 4fe0: dlsch_rounds 135/0/0/0, dlsch_errors 0, pucch0_DTX 0 (SNR 16.2+1.2) RSSI -37.3, BLER 0.00000 MCS (0) 0 (Qm 2) CCE fail 1
UE 4fe0: ulsch_rounds 839/0/0/0, ulsch_errors 0, ulsch_DTX 0, BLER 0.00000 MCS (0) 0 (Qm 2 deltaMCS 0) NPRB 5 SNR 22.4 (+2.4) RSSI -41.4 CCE fail 0
UE 4fe0: LCID 1,2,4, goodput DL    0.00 UL    0.00 Mbps

[0m[12:11:13.010016] [NR_MAC] Frame.Slot 0.0
UE RNTI 4fe0 CU-UE-ID 1 in-sync PH 48 dB PCMAX 20 dBm, average RSRP -43 (16 meas)
UE 4fe0: dlsch_rounds 138/0/0/0, dlsch_errors 0, pucch0_DTX 0 (SNR 16.2+1.2) RSSI -37.3, BLER 0.00000 MCS (0) 0 (Qm 2) CCE fail 1
UE 4fe0: ulsch_rounds 859/0/0/0, ulsch_errors 0, ulsch_DTX 0, BLER 0.00000 MCS (0) 0 (Qm 2 deltaMCS 0) NPRB 5 SNR 23.9 (+3.9) RSSI -41.4 CCE fail 0
UE 4fe0: LCID 1,2,4, goodput DL    0.00 UL    0.00 Mbps

[0m[12:11:13.471719] [NR_MAC] Frame.Slot 128.0
UE RNTI 4fe0 CU-UE-ID 1 in-sync PH 48 dB PCMAX 20 dBm, average RSRP -43 (16 meas)
UE 4fe0: dlsch_rounds 140/0/0/0, dlsch_errors 0, pucch0_DTX 0 (SNR 16.2+1.2) RSSI -37.3, BLER 0.00000 MCS (0) 0 (Qm 2) CCE fail 1
UE 4fe0: ulsch_rounds 876/0/0/0, ulsch_errors 0, ulsch_DTX 0, BLER 0.00000 MCS (0) 0 (Qm 2 deltaMCS 0) NPRB 5 SNR 22.3 (+2.3) RSSI -41.3 CCE fail 0
UE 4fe0: LCID 1,2,4, goodput DL    0.00 UL    0.00 Mbps

[0m[12:11:13.937129] [NR_MAC] Frame.Slot 256.0
UE RNTI 4fe0 CU-UE-ID 1 in-sync PH 48 dB PCMAX 20 dBm, average RSRP -43 (16 meas)
UE 4fe0: dlsch_rounds 143/0/0/0, dlsch_errors 0, pucch0_DTX 0 (SNR 16.2+1.2) RSSI -37.3, BLER 0.00000 MCS (0) 0 (Qm 2) CCE fail 1
UE 4fe0: ulsch_rounds 892/0/0/0, ulsch_errors 0, ulsch_DTX 0, BLER 0.00000 MCS (0) 0 (Qm 2 deltaMCS 0) NPRB 5 SNR 22.0 (+2.0) RSSI -41.4 CCE fail 0
UE 4fe0: LCID 1,2,4, goodput DL    0.00 UL    0.00 Mbps

[0m[12:11:14.397008] [NR_MAC] Frame.Slot 384.0
UE RNTI 4fe0 CU-UE-ID 1 in-sync PH 48 dB PCMAX 20 dBm, average RSRP -43 (16 meas)
UE 4fe0: dlsch_rounds 145/0/0/0, dlsch_errors 0, pucch0_DTX 0 (SNR 16.2+1.2) RSSI -37.3, BLER 0.00000 MCS (0) 0 (Qm 2) CCE fail 1
UE 4fe0: ulsch_rounds 909/0/0/0, ulsch_errors 0, ulsch_DTX 0, BLER 0.00000 MCS (0) 0 (Qm 2 deltaMCS 0) NPRB 5 SNR 22.4 (+2.4) RSSI -41.5 CCE fail 0
UE 4fe0: LCID 1,2,4, goodput DL    0.00 UL    0.00 Mbps

[0m[12:11:14.856348] [NR_MAC] Frame.Slot 512.0
UE RNTI 4fe0 CU-UE-ID 1 in-sync PH 48 dB PCMAX 20 dBm, average RSRP -43 (16 meas)
UE 4fe0: dlsch_rounds 148/0/0/0, dlsch_errors 0, pucch0_DTX 0 (SNR 16.2+1.2) RSSI -37.3, BLER 0.00000 MCS (0) 0 (Qm 2) CCE fail 1
UE 4fe0: ulsch_rounds 929/0/0/0, ulsch_errors 0, ulsch_DTX 0, BLER 0.00000 MCS (0) 0 (Qm 2 deltaMCS 0) NPRB 5 SNR 24.0 (+4.0) RSSI -41.5 CCE fail 0
UE 4fe0: LCID 1,2,4, goodput DL    0.00 UL    0.00 Mbps

[0m[12:11:15.323292] [NR_MAC] Frame.Slot 640.0
UE RNTI 4fe0 CU-UE-ID 1 in-sync PH 48 dB PCMAX 20 dBm, average RSRP -43 (16 meas)
UE 4fe0: dlsch_rounds 150/0/0/0, dlsch_errors 0, pucch0_DTX 0 (SNR 16.2+1.2) RSSI -37.3, BLER 0.00000 MCS (0) 0 (Qm 2) CCE fail 1
UE 4fe0: ulsch_rounds 945/0/0/0, ulsch_errors 0, ulsch_DTX 0, BLER 0.00000 MCS (0) 0 (Qm 2 deltaMCS 0) NPRB 5 SNR 22.6 (+2.6) RSSI -41.4 CCE fail 0
UE 4fe0: LCID 1,2,4, goodput DL    0.00 UL    0.00 Mbps

[0m[12:11:15.789201] [NR_MAC] Frame.Slot 768.0
UE RNTI 4fe0 CU-UE-ID 1 in-sync PH 48 dB PCMAX 20 dBm, average RSRP -43 (16 meas)
UE 4fe0: dlsch_rounds 153/0/0/0, dlsch_errors 0, pucch0_DTX 0 (SNR 16.2+1.2) RSSI -37.3, BLER 0.00000 MCS (0) 0 (Qm 2) CCE fail 1
UE 4fe0: ulsch_rounds 961/0/0/0, ulsch_errors 0, ulsch_DTX 0, BLER 0.00000 MCS (0) 0 (Qm 2 deltaMCS 0) NPRB 5 SNR 22.3 (+2.3) RSSI -41.5 CCE fail 0
UE 4fe0: LCID 1,2,4, goodput DL    0.00 UL    0.00 Mbps

[0m[12:11:16.258564] [NR_MAC] Frame.Slot 896.0
UE RNTI 4fe0 CU-UE-ID 1 in-sync PH 48 dB PCMAX 20 dBm, average RSRP -43 (16 meas)
UE 4fe0: dlsch_rounds 155/0/0/0, dlsch_errors 0, pucch0_DTX 0 (SNR 16.2+1.2) RSSI -37.3, BLER 0.00000 MCS (0) 0 (Qm 2) CCE fail 1
UE 4fe0: ulsch_rounds 978/0/0/0, ulsch_errors 0, ulsch_DTX 0, BLER 0.00000 MCS (0) 0 (Qm 2 deltaMCS 0) NPRB 5 SNR 22.6 (+2.6) RSSI -41.5 CCE fail 0
UE 4fe0: LCID 1,2,4, goodput DL    0.00 UL    0.00 Mbps

[0m[12:11:16.727934] [NR_MAC] Frame.Slot 0.0
UE RNTI 4fe0 CU-UE-ID 1 in-sync PH 48 dB PCMAX 20 dBm, average RSRP -43 (16 meas)
UE 4fe0: dlsch_rounds 158/0/0/0, dlsch_errors 0, pucch0_DTX 0 (SNR 16.2+1.2) RSSI -37.3, BLER 0.00000 MCS (0) 0 (Qm 2) CCE fail 1
UE 4fe0: ulsch_rounds 997/0/0/0, ulsch_errors 0, ulsch_DTX 0, BLER 0.00000 MCS (0) 0 (Qm 2 deltaMCS 0) NPRB 17 SNR 22.5 (+2.5) RSSI -41.5 CCE fail 0
UE 4fe0: LCID 1,2,4, goodput DL    0.00 UL    0.00 Mbps

[0m[12:11:17.202910] [NR_MAC] Frame.Slot 128.0
UE RNTI 4fe0 CU-UE-ID 1 in-sync PH 48 dB PCMAX 20 dBm, average RSRP -43 (16 meas)
UE 4fe0: dlsch_rounds 162/0/0/0, dlsch_errors 0, pucch0_DTX 0 (SNR 16.2+1.2) RSSI -37.3, BLER 0.00000 MCS (0) 0 (Qm 2) CCE fail 1
UE 4fe0: ulsch_rounds 1017/0/0/0, ulsch_errors 0, ulsch_DTX 0, BLER 0.00000 MCS (0) 0 (Qm 2 deltaMCS 0) NPRB 5 SNR 22.9 (+2.9) RSSI -41.5 CCE fail 0
UE 4fe0: LCID 1,2,4, goodput DL    0.00 UL    0.00 Mbps

[0m[12:11:17.668598] [NR_MAC] Frame.Slot 256.0
UE RNTI 4fe0 CU-UE-ID 1 in-sync PH 48 dB PCMAX 20 dBm, average RSRP -43 (16 meas)
UE 4fe0: dlsch_rounds 164/0/0/0, dlsch_errors 0, pucch0_DTX 0 (SNR 16.2+1.2) RSSI -37.3, BLER 0.00000 MCS (0) 0 (Qm 2) CCE fail 1
UE 4fe0: ulsch_rounds 1034/0/0/0, ulsch_errors 0, ulsch_DTX 0, BLER 0.00000 MCS (0) 0 (Qm 2 deltaMCS 0) NPRB 5 SNR 22.3 (+2.3) RSSI -41.5 CCE fail 0
UE 4fe0: LCID 1,2,4, goodput DL    0.00 UL    0.00 Mbps

[0m[12:11:18.138120] [NR_MAC] Frame.Slot 384.0
UE RNTI 4fe0 CU-UE-ID 1 in-sync PH 48 dB PCMAX 20 dBm, average RSRP -43 (16 meas)
UE 4fe0: dlsch_rounds 166/0/0/0, dlsch_errors 0, pucch0_DTX 0 (SNR 16.2+1.2) RSSI -37.3, BLER 0.00000 MCS (0) 0 (Qm 2) CCE fail 1
UE 4fe0: ulsch_rounds 1050/0/0/0, ulsch_errors 0, ulsch_DTX 0, BLER 0.00000 MCS (0) 0 (Qm 2 deltaMCS 0) NPRB 5 SNR 22.0 (+2.0) RSSI -41.6 CCE fail 0
UE 4fe0: LCID 1,2,4, goodput DL    0.00 UL    0.00 Mbps

[0m[12:11:18.602044] [NR_MAC] Frame.Slot 512.0
UE RNTI 4fe0 CU-UE-ID 1 in-sync PH 48 dB PCMAX 20 dBm, average RSRP -43 (16 meas)
UE 4fe0: dlsch_rounds 168/0/0/0, dlsch_errors 0, pucch0_DTX 0 (SNR 16.2+1.2) RSSI -37.3, BLER 0.00000 MCS (0) 0 (Qm 2) CCE fail 1
UE 4fe0: ulsch_rounds 1068/0/0/0, ulsch_errors 0, ulsch_DTX 0, BLER 0.00000 MCS (0) 0 (Qm 2 deltaMCS 0) NPRB 5 SNR 22.4 (+2.4) RSSI -41.6 CCE fail 0
UE 4fe0: LCID 1,2,4, goodput DL    0.00 UL    0.00 Mbps

[0m[12:11:19.068480] [NR_MAC] Frame.Slot 640.0
UE RNTI 4fe0 CU-UE-ID 1 in-sync PH 48 dB PCMAX 20 dBm, average RSRP -43 (16 meas)
UE 4fe0: dlsch_rounds 172/0/0/0, dlsch_errors 0, pucch0_DTX 0 (SNR 16.2+1.2) RSSI -37.3, BLER 0.00000 MCS (0) 0 (Qm 2) CCE fail 1
UE 4fe0: ulsch_rounds 1086/0/0/0, ulsch_errors 0, ulsch_DTX 0, BLER 0.00000 MCS (0) 0 (Qm 2 deltaMCS 0) NPRB 5 SNR 23.2 (+3.2) RSSI -41.5 CCE fail 0
UE 4fe0: LCID 1,2,4, goodput DL    0.00 UL    0.00 Mbps

[0m[12:11:19.533630] [NR_MAC] Frame.Slot 768.0
UE RNTI 4fe0 CU-UE-ID 1 in-sync PH 48 dB PCMAX 20 dBm, average RSRP -43 (16 meas)
UE 4fe0: dlsch_rounds 174/0/0/0, dlsch_errors 0, pucch0_DTX 0 (SNR 16.2+1.2) RSSI -37.3, BLER 0.00000 MCS (0) 0 (Qm 2) CCE fail 1
UE 4fe0: ulsch_rounds 1101/0/0/0, ulsch_errors 0, ulsch_DTX 0, BLER 0.00000 MCS (0) 0 (Qm 2 deltaMCS 0) NPRB 5 SNR 22.2 (+2.2) RSSI -41.5 CCE fail 0
UE 4fe0: LCID 1,2,4, goodput DL    0.00 UL    0.00 Mbps

[0m[12:11:19.993181] [NR_MAC] Frame.Slot 896.0
UE RNTI 4fe0 CU-UE-ID 1 in-sync PH 48 dB PCMAX 20 dBm, average RSRP -43 (16 meas)
UE 4fe0: dlsch_rounds 176/0/0/0, dlsch_errors 0, pucch0_DTX 0 (SNR 16.2+1.2) RSSI -37.3, BLER 0.00000 MCS (0) 0 (Qm 2) CCE fail 1
UE 4fe0: ulsch_rounds 1117/0/0/0, ulsch_errors 0, ulsch_DTX 0, BLER 0.00000 MCS (0) 0 (Qm 2 deltaMCS 0) NPRB 5 SNR 21.9 (+1.9) RSSI -41.5 CCE fail 0
UE 4fe0: LCID 1,2,4, goodput DL    0.00 UL    0.00 Mbps

[0m[12:11:20.453117] [NR_MAC] Frame.Slot 0.0
UE RNTI 4fe0 CU-UE-ID 1 in-sync PH 48 dB PCMAX 20 dBm, average RSRP -43 (16 meas)
UE 4fe0: dlsch_rounds 179/0/0/0, dlsch_errors 0, pucch0_DTX 0 (SNR 16.2+1.2) RSSI -37.3, BLER 0.00000 MCS (0) 0 (Qm 2) CCE fail 1
UE 4fe0: ulsch_rounds 1133/0/0/0, ulsch_errors 0, ulsch_DTX 0, BLER 0.00000 MCS (0) 0 (Qm 2 deltaMCS 0) NPRB 5 SNR 22.5 (+2.5) RSSI -41.5 CCE fail 0
UE 4fe0: LCID 1,2,4, goodput DL    0.00 UL    0.00 Mbps

[0m[12:11:20.922010] [NR_MAC] Frame.Slot 128.0
UE RNTI 4fe0 CU-UE-ID 1 in-sync PH 48 dB PCMAX 20 dBm, average RSRP -43 (16 meas)
UE 4fe0: dlsch_rounds 182/0/0/0, dlsch_errors 0, pucch0_DTX 0 (SNR 16.2+1.2) RSSI -37.3, BLER 0.00000 MCS (0) 0 (Qm 2) CCE fail 1
UE 4fe0: ulsch_rounds 1154/0/0/0, ulsch_errors 0, ulsch_DTX 0, BLER 0.00000 MCS (0) 0 (Qm 2 deltaMCS 0) NPRB 5 SNR 22.9 (+2.9) RSSI -41.4 CCE fail 0
UE 4fe0: LCID 1,2,4, goodput DL    0.00 UL    0.00 Mbps

[0m[12:11:21.386909] [NR_MAC] Frame.Slot 256.0
UE RNTI 4fe0 CU-UE-ID 1 in-sync PH 48 dB PCMAX 20 dBm, average RSRP -43 (16 meas)
UE 4fe0: dlsch_rounds 184/0/0/0, dlsch_errors 0, pucch0_DTX 0 (SNR 16.2+1.2) RSSI -37.3, BLER 0.00000 MCS (0) 0 (Qm 2) CCE fail 1
UE 4fe0: ulsch_rounds 1169/0/0/0, ulsch_errors 0, ulsch_DTX 0, BLER 0.00000 MCS (0) 0 (Qm 2 deltaMCS 0) NPRB 5 SNR 21.9 (+1.9) RSSI -41.4 CCE fail 0
UE 4fe0: LCID 1,2,4, goodput DL    0.00 UL    0.00 Mbps

[0m[12:11:21.858789] [NR_MAC] Frame.Slot 384.0
UE RNTI 4fe0 CU-UE-ID 1 in-sync PH 48 dB PCMAX 20 dBm, average RSRP -43 (16 meas)
UE 4fe0: dlsch_rounds 186/0/0/0, dlsch_errors 0, pucch0_DTX 0 (SNR 16.2+1.2) RSSI -37.3, BLER 0.00000 MCS (0) 0 (Qm 2) CCE fail 1
UE 4fe0: ulsch_rounds 1186/0/0/0, ulsch_errors 0, ulsch_DTX 0, BLER 0.00000 MCS (0) 0 (Qm 2 deltaMCS 0) NPRB 5 SNR 22.4 (+2.4) RSSI -41.4 CCE fail 0
UE 4fe0: LCID 1,2,4, goodput DL    0.00 UL    0.00 Mbps

[0m[12:11:22.351960] [NR_MAC] Frame.Slot 512.0
UE RNTI 4fe0 CU-UE-ID 1 in-sync PH 48 dB PCMAX 20 dBm, average RSRP -43 (16 meas)
UE 4fe0: dlsch_rounds 189/0/0/0, dlsch_errors 0, pucch0_DTX 0 (SNR 16.2+1.2) RSSI -37.3, BLER 0.00000 MCS (0) 0 (Qm 2) CCE fail 1
UE 4fe0: ulsch_rounds 1201/0/0/0, ulsch_errors 0, ulsch_DTX 0, BLER 0.00000 MCS (0) 0 (Qm 2 deltaMCS 0) NPRB 5 SNR 22.4 (+2.4) RSSI -41.4 CCE fail 0
UE 4fe0: LCID 1,2,4, goodput DL    0.00 UL    0.00 Mbps

[0m[12:11:22.816976] [NR_MAC] Frame.Slot 640.0
UE RNTI 4fe0 CU-UE-ID 1 in-sync PH 48 dB PCMAX 20 dBm, average RSRP -43 (16 meas)
UE 4fe0: dlsch_rounds 192/0/0/0, dlsch_errors 0, pucch0_DTX 0 (SNR 16.2+1.2) RSSI -37.3, BLER 0.00000 MCS (0) 0 (Qm 2) CCE fail 1
UE 4fe0: ulsch_rounds 1220/0/0/0, ulsch_errors 0, ulsch_DTX 0, BLER 0.00000 MCS (0) 1 (Qm 2 deltaMCS 0) NPRB 5 SNR 22.3 (+2.3) RSSI -41.3 CCE fail 0
UE 4fe0: LCID 1,2,4, goodput DL    0.00 UL    0.00 Mbps

[0m[12:11:23.284190] [NR_MAC] Frame.Slot 768.0
UE RNTI 4fe0 CU-UE-ID 1 in-sync PH 48 dB PCMAX 20 dBm, average RSRP -43 (16 meas)
UE 4fe0: dlsch_rounds 194/0/0/0, dlsch_errors 0, pucch0_DTX 0 (SNR 16.2+1.2) RSSI -37.3, BLER 0.00000 MCS (0) 0 (Qm 2) CCE fail 1
UE 4fe0: ulsch_rounds 1237/0/0/0, ulsch_errors 0, ulsch_DTX 0, BLER 0.00000 MCS (0) 0 (Qm 2 deltaMCS 0) NPRB 5 SNR 22.7 (+2.7) RSSI -41.4 CCE fail 0
UE 4fe0: LCID 1,2,4, goodput DL    0.00 UL    0.00 Mbps

[0m[12:11:23.804155] [NR_MAC] Frame.Slot 896.0
UE RNTI 4fe0 CU-UE-ID 1 in-sync PH 48 dB PCMAX 20 dBm, average RSRP -43 (16 meas)
UE 4fe0: dlsch_rounds 197/0/0/0, dlsch_errors 0, pucch0_DTX 0 (SNR 16.2+1.2) RSSI -37.3, BLER 0.00000 MCS (0) 0 (Qm 2) CCE fail 1
UE 4fe0: ulsch_rounds 1253/0/0/0, ulsch_errors 0, ulsch_DTX 0, BLER 0.00000 MCS (0) 0 (Qm 2 deltaMCS 0) NPRB 5 SNR 22.3 (+2.3) RSSI -41.5 CCE fail 0
UE 4fe0: LCID 1,2,4, goodput DL    0.00 UL    0.00 Mbps

[0m[12:11:24.279543] [NR_MAC] Frame.Slot 0.0
UE RNTI 4fe0 CU-UE-ID 1 in-sync PH 48 dB PCMAX 20 dBm, average RSRP -43 (16 meas)
UE 4fe0: dlsch_rounds 199/0/0/0, dlsch_errors 0, pucch0_DTX 0 (SNR 16.2+1.2) RSSI -37.3, BLER 0.00000 MCS (0) 0 (Qm 2) CCE fail 1
UE 4fe0: ulsch_rounds 1269/0/0/0, ulsch_errors 0, ulsch_DTX 0, BLER 0.00000 MCS (0) 0 (Qm 2 deltaMCS 0) NPRB 5 SNR 22.0 (+2.0) RSSI -41.5 CCE fail 0
UE 4fe0: LCID 1,2,4, goodput DL    0.00 UL    0.00 Mbps

[0m[12:11:24.747203] [NR_MAC] Frame.Slot 128.0
UE RNTI 4fe0 CU-UE-ID 1 in-sync PH 48 dB PCMAX 20 dBm, average RSRP -43 (16 meas)
UE 4fe0: dlsch_rounds 202/0/0/0, dlsch_errors 0, pucch0_DTX 0 (SNR 16.2+1.2) RSSI -37.3, BLER 0.00000 MCS (0) 0 (Qm 2) CCE fail 1
UE 4fe0: ulsch_rounds 1289/0/0/0, ulsch_errors 0, ulsch_DTX 0, BLER 0.00000 MCS (0) 1 (Qm 2 deltaMCS 0) NPRB 5 SNR 23.5 (+3.5) RSSI -41.5 CCE fail 0
UE 4fe0: LCID 1,2,4, goodput DL    0.00 UL    0.00 Mbps

[0m[12:11:25.228483] [NR_MAC] Frame.Slot 256.0
UE RNTI 4fe0 CU-UE-ID 1 in-sync PH 48 dB PCMAX 20 dBm, average RSRP -43 (16 meas)
UE 4fe0: dlsch_rounds 204/0/0/0, dlsch_errors 0, pucch0_DTX 0 (SNR 16.2+1.2) RSSI -37.3, BLER 0.00000 MCS (0) 0 (Qm 2) CCE fail 1
UE 4fe0: ulsch_rounds 1306/0/0/0, ulsch_errors 0, ulsch_DTX 0, BLER 0.00000 MCS (0) 0 (Qm 2 deltaMCS 0) NPRB 5 SNR 22.8 (+2.8) RSSI -41.5 CCE fail 0
UE 4fe0: LCID 1,2,4, goodput DL    0.00 UL    0.00 Mbps

[0m[12:11:25.711483] [NR_MAC] Frame.Slot 384.0
UE RNTI 4fe0 CU-UE-ID 1 in-sync PH 48 dB PCMAX 20 dBm, average RSRP -43 (16 meas)
UE 4fe0: dlsch_rounds 207/0/0/0, dlsch_errors 0, pucch0_DTX 0 (SNR 16.2+1.2) RSSI -37.3, BLER 0.00000 MCS (0) 0 (Qm 2) CCE fail 1
UE 4fe0: ulsch_rounds 1322/0/0/0, ulsch_errors 0, ulsch_DTX 0, BLER 0.00000 MCS (0) 0 (Qm 2 deltaMCS 0) NPRB 5 SNR 22.6 (+2.6) RSSI -41.5 CCE fail 0
UE 4fe0: LCID 1,2,4, goodput DL    0.00 UL    0.00 Mbps

[0m[12:11:26.198308] [NR_MAC] Frame.Slot 512.0
UE RNTI 4fe0 CU-UE-ID 1 in-sync PH 48 dB PCMAX 20 dBm, average RSRP -43 (16 meas)
UE 4fe0: dlsch_rounds 209/0/0/0, dlsch_errors 0, pucch0_DTX 0 (SNR 16.2+1.2) RSSI -37.3, BLER 0.00000 MCS (0) 0 (Qm 2) CCE fail 1
UE 4fe0: ulsch_rounds 1339/0/0/0, ulsch_errors 0, ulsch_DTX 0, BLER 0.00000 MCS (0) 0 (Qm 2 deltaMCS 0) NPRB 5 SNR 22.1 (+2.1) RSSI -41.5 CCE fail 0
UE 4fe0: LCID 1,2,4, goodput DL    0.00 UL    0.00 Mbps

[0m[12:11:26.737016] [NR_MAC] Frame.Slot 640.0
UE RNTI 4fe0 CU-UE-ID 1 in-sync PH 48 dB PCMAX 20 dBm, average RSRP -43 (16 meas)
UE 4fe0: dlsch_rounds 212/0/0/0, dlsch_errors 0, pucch0_DTX 0 (SNR 16.2+1.2) RSSI -37.3, BLER 0.00000 MCS (0) 0 (Qm 2) CCE fail 1
UE 4fe0: ulsch_rounds 1358/0/0/0, ulsch_errors 0, ulsch_DTX 0, BLER 0.00000 MCS (0) 1 (Qm 2 deltaMCS 0) NPRB 5 SNR 22.9 (+2.9) RSSI -41.5 CCE fail 0
UE 4fe0: LCID 1,2,4, goodput DL    0.00 UL    0.00 Mbps

[0m[12:11:27.195357] [NR_MAC] Frame.Slot 768.0
UE RNTI 4fe0 CU-UE-ID 1 in-sync PH 48 dB PCMAX 20 dBm, average RSRP -43 (16 meas)
UE 4fe0: dlsch_rounds 214/0/0/0, dlsch_errors 0, pucch0_DTX 0 (SNR 16.2+1.2) RSSI -37.3, BLER 0.00000 MCS (0) 0 (Qm 2) CCE fail 1
UE 4fe0: ulsch_rounds 1374/0/0/0, ulsch_errors 0, ulsch_DTX 0, BLER 0.00000 MCS (0) 0 (Qm 2 deltaMCS 0) NPRB 5 SNR 22.6 (+2.6) RSSI -41.5 CCE fail 0
UE 4fe0: LCID 1,2,4, goodput DL    0.00 UL    0.00 Mbps

[0m[12:11:27.654493] [NR_MAC] Frame.Slot 896.0
UE RNTI 4fe0 CU-UE-ID 1 in-sync PH 48 dB PCMAX 20 dBm, average RSRP -43 (16 meas)
UE 4fe0: dlsch_rounds 217/0/0/0, dlsch_errors 0, pucch0_DTX 0 (SNR 16.2+1.2) RSSI -37.3, BLER 0.00000 MCS (0) 0 (Qm 2) CCE fail 1
UE 4fe0: ulsch_rounds 1390/0/0/0, ulsch_errors 0, ulsch_DTX 0, BLER 0.00000 MCS (0) 0 (Qm 2 deltaMCS 0) NPRB 5 SNR 22.4 (+2.4) RSSI -41.5 CCE fail 0
UE 4fe0: LCID 1,2,4, goodput DL    0.00 UL    0.00 Mbps

[0m[12:11:28.107689] [NR_MAC] Frame.Slot 0.0
UE RNTI 4fe0 CU-UE-ID 1 in-sync PH 48 dB PCMAX 20 dBm, average RSRP -43 (16 meas)
UE 4fe0: dlsch_rounds 219/0/0/0, dlsch_errors 0, pucch0_DTX 0 (SNR 16.2+1.2) RSSI -37.3, BLER 0.00000 MCS (0) 0 (Qm 2) CCE fail 1
UE 4fe0: ulsch_rounds 1406/0/0/0, ulsch_errors 0, ulsch_DTX 0, BLER 0.00000 MCS (0) 0 (Qm 2 deltaMCS 0) NPRB 5 SNR 22.1 (+2.1) RSSI -41.5 CCE fail 0
UE 4fe0: LCID 1,2,4, goodput DL    0.00 UL    0.00 Mbps

[0m[12:11:28.594381] [NR_MAC] Frame.Slot 128.0
UE RNTI 4fe0 CU-UE-ID 1 in-sync PH 48 dB PCMAX 20 dBm, average RSRP -43 (16 meas)
UE 4fe0: dlsch_rounds 222/0/0/0, dlsch_errors 0, pucch0_DTX 0 (SNR 16.2+1.2) RSSI -37.3, BLER 0.00000 MCS (0) 0 (Qm 2) CCE fail 1
UE 4fe0: ulsch_rounds 1425/0/0/0, ulsch_errors 0, ulsch_DTX 0, BLER 0.00000 MCS (0) 0 (Qm 2 deltaMCS 0) NPRB 5 SNR 24.0 (+4.0) RSSI -41.4 CCE fail 0
UE 4fe0: LCID 1,2,4, goodput DL    0.00 UL    0.00 Mbps

[0m[12:11:29.085460] [NR_MAC] Frame.Slot 256.0
UE RNTI 4fe0 CU-UE-ID 1 in-sync PH 48 dB PCMAX 20 dBm, average RSRP -43 (16 meas)
UE 4fe0: dlsch_rounds 225/0/0/0, dlsch_errors 0, pucch0_DTX 0 (SNR 16.2+1.2) RSSI -37.3, BLER 0.00000 MCS (0) 0 (Qm 2) CCE fail 1
UE 4fe0: ulsch_rounds 1442/0/0/0, ulsch_errors 0, ulsch_DTX 0, BLER 0.00000 MCS (0) 0 (Qm 2 deltaMCS 0) NPRB 5 SNR 22.4 (+2.4) RSSI -41.4 CCE fail 0
UE 4fe0: LCID 1,2,4, goodput DL    0.00 UL    0.00 Mbps

[0m[12:11:29.556808] [NR_MAC] Frame.Slot 384.0
UE RNTI 4fe0 CU-UE-ID 1 in-sync PH 48 dB PCMAX 20 dBm, average RSRP -43 (16 meas)
UE 4fe0: dlsch_rounds 227/0/0/0, dlsch_errors 0, pucch0_DTX 0 (SNR 16.2+1.2) RSSI -37.3, BLER 0.00000 MCS (0) 0 (Qm 2) CCE fail 1
UE 4fe0: ulsch_rounds 1458/0/0/0, ulsch_errors 0, ulsch_DTX 0, BLER 0.00000 MCS (0) 0 (Qm 2 deltaMCS 0) NPRB 5 SNR 22.1 (+2.1) RSSI -41.5 CCE fail 0
UE 4fe0: LCID 1,2,4, goodput DL    0.00 UL    0.00 Mbps

[0m[12:11:30.018977] [NR_MAC] Frame.Slot 512.0
UE RNTI 4fe0 CU-UE-ID 1 in-sync PH 48 dB PCMAX 20 dBm, average RSRP -43 (16 meas)
UE 4fe0: dlsch_rounds 229/0/0/0, dlsch_errors 0, pucch0_DTX 0 (SNR 16.2+1.2) RSSI -37.3, BLER 0.00000 MCS (0) 0 (Qm 2) CCE fail 1
UE 4fe0: ulsch_rounds 1474/0/0/0, ulsch_errors 0, ulsch_DTX 0, BLER 0.00000 MCS (0) 0 (Qm 2 deltaMCS 0) NPRB 5 SNR 21.9 (+1.9) RSSI -41.5 CCE fail 0
UE 4fe0: LCID 1,2,4, goodput DL    0.00 UL    0.00 Mbps

[0m[12:11:30.508030] [NR_MAC] Frame.Slot 640.0
UE RNTI 4fe0 CU-UE-ID 1 in-sync PH 48 dB PCMAX 20 dBm, average RSRP -43 (16 meas)
UE 4fe0: dlsch_rounds 232/0/0/0, dlsch_errors 0, pucch0_DTX 0 (SNR 16.2+1.2) RSSI -37.3, BLER 0.00000 MCS (0) 0 (Qm 2) CCE fail 1
UE 4fe0: ulsch_rounds 1493/0/0/0, ulsch_errors 0, ulsch_DTX 0, BLER 0.00000 MCS (0) 0 (Qm 2 deltaMCS 0) NPRB 17 SNR 22.8 (+2.8) RSSI -41.4 CCE fail 0
UE 4fe0: LCID 1,2,4, goodput DL    0.00 UL    0.00 Mbps

[0m[12:11:30.971040] [NR_MAC] Frame.Slot 768.0
UE RNTI 4fe0 CU-UE-ID 1 in-sync PH 48 dB PCMAX 20 dBm, average RSRP -43 (16 meas)
UE 4fe0: dlsch_rounds 235/0/0/0, dlsch_errors 0, pucch0_DTX 0 (SNR 16.2+1.2) RSSI -37.3, BLER 0.00000 MCS (0) 0 (Qm 2) CCE fail 1
UE 4fe0: ulsch_rounds 1510/0/0/0, ulsch_errors 0, ulsch_DTX 0, BLER 0.00000 MCS (0) 0 (Qm 2 deltaMCS 0) NPRB 5 SNR 23.2 (+3.2) RSSI -41.4 CCE fail 0
UE 4fe0: LCID 1,2,4, goodput DL    0.00 UL    0.00 Mbps

[0m[12:11:31.460641] [NR_MAC] Frame.Slot 896.0
UE RNTI 4fe0 CU-UE-ID 1 in-sync PH 48 dB PCMAX 20 dBm, average RSRP -43 (16 meas)
UE 4fe0: dlsch_rounds 237/0/0/0, dlsch_errors 0, pucch0_DTX 0 (SNR 16.2+1.2) RSSI -37.3, BLER 0.00000 MCS (0) 0 (Qm 2) CCE fail 1
UE 4fe0: ulsch_rounds 1526/0/0/0, ulsch_errors 0, ulsch_DTX 0, BLER 0.00000 MCS (0) 0 (Qm 2 deltaMCS 0) NPRB 5 SNR 21.9 (+1.9) RSSI -41.5 CCE fail 0
UE 4fe0: LCID 1,2,4, goodput DL    0.00 UL    0.00 Mbps

[0m[12:11:31.957408] [NR_MAC] Frame.Slot 0.0
UE RNTI 4fe0 CU-UE-ID 1 in-sync PH 48 dB PCMAX 20 dBm, average RSRP -43 (16 meas)
UE 4fe0: dlsch_rounds 239/0/0/0, dlsch_errors 0, pucch0_DTX 0 (SNR 16.2+1.2) RSSI -37.3, BLER 0.00000 MCS (0) 0 (Qm 2) CCE fail 1
UE 4fe0: ulsch_rounds 1543/0/0/0, ulsch_errors 0, ulsch_DTX 0, BLER 0.00000 MCS (0) 0 (Qm 2 deltaMCS 0) NPRB 5 SNR 22.3 (+2.3) RSSI -41.5 CCE fail 0
UE 4fe0: LCID 1,2,4, goodput DL    0.00 UL    0.00 Mbps

[0m[12:11:32.470190] [NR_MAC] Frame.Slot 128.0
UE RNTI 4fe0 CU-UE-ID 1 in-sync PH 48 dB PCMAX 20 dBm, average RSRP -43 (16 meas)
UE 4fe0: dlsch_rounds 243/0/0/0, dlsch_errors 0, pucch0_DTX 0 (SNR 16.2+1.2) RSSI -37.3, BLER 0.00000 MCS (0) 0 (Qm 2) CCE fail 1
UE 4fe0: ulsch_rounds 1562/0/0/0, ulsch_errors 0, ulsch_DTX 0, BLER 0.00000 MCS (0) 0 (Qm 2 deltaMCS 0) NPRB 5 SNR 23.3 (+3.3) RSSI -41.5 CCE fail 0
UE 4fe0: LCID 1,2,4, goodput DL    0.00 UL    0.00 Mbps

[0m[12:11:32.975460] [NR_MAC] Frame.Slot 256.0
UE RNTI 4fe0 CU-UE-ID 1 in-sync PH 48 dB PCMAX 20 dBm, average RSRP -43 (16 meas)
UE 4fe0: dlsch_rounds 245/0/0/0, dlsch_errors 0, pucch0_DTX 0 (SNR 16.2+1.2) RSSI -37.3, BLER 0.00000 MCS (0) 0 (Qm 2) CCE fail 1
UE 4fe0: ulsch_rounds 1578/0/0/0, ulsch_errors 0, ulsch_DTX 0, BLER 0.00000 MCS (0) 0 (Qm 2 deltaMCS 0) NPRB 5 SNR 22.9 (+2.9) RSSI -41.5 CCE fail 0
UE 4fe0: LCID 1,2,4, goodput DL    0.00 UL    0.00 Mbps

[0m[12:11:33.468509] [NR_MAC] Frame.Slot 384.0
UE RNTI 4fe0 CU-UE-ID 1 in-sync PH 48 dB PCMAX 20 dBm, average RSRP -43 (16 meas)
UE 4fe0: dlsch_rounds 247/0/0/0, dlsch_errors 0, pucch0_DTX 0 (SNR 16.2+1.2) RSSI -37.3, BLER 0.00000 MCS (0) 0 (Qm 2) CCE fail 1
UE 4fe0: ulsch_rounds 1595/0/0/0, ulsch_errors 0, ulsch_DTX 0, BLER 0.00000 MCS (0) 0 (Qm 2 deltaMCS 0) NPRB 5 SNR 22.3 (+2.3) RSSI -41.5 CCE fail 0
UE 4fe0: LCID 1,2,4, goodput DL    0.00 UL    0.00 Mbps

[0m[12:11:33.965604] [NR_MAC] Frame.Slot 512.0
UE RNTI 4fe0 CU-UE-ID 1 in-sync PH 48 dB PCMAX 20 dBm, average RSRP -43 (16 meas)
UE 4fe0: dlsch_rounds 249/0/0/0, dlsch_errors 0, pucch0_DTX 0 (SNR 16.2+1.2) RSSI -37.3, BLER 0.00000 MCS (0) 0 (Qm 2) CCE fail 1
UE 4fe0: ulsch_rounds 1611/0/0/0, ulsch_errors 0, ulsch_DTX 0, BLER 0.00000 MCS (0) 0 (Qm 2 deltaMCS 0) NPRB 5 SNR 22.0 (+2.0) RSSI -41.6 CCE fail 0
UE 4fe0: LCID 1,2,4, goodput DL    0.00 UL    0.00 Mbps

[0m[12:11:34.460410] [NR_MAC] Frame.Slot 640.0
UE RNTI 4fe0 CU-UE-ID 1 in-sync PH 48 dB PCMAX 20 dBm, average RSRP -43 (16 meas)
UE 4fe0: dlsch_rounds 253/0/0/0, dlsch_errors 0, pucch0_DTX 0 (SNR 16.2+1.2) RSSI -37.3, BLER 0.00000 MCS (0) 0 (Qm 2) CCE fail 1
UE 4fe0: ulsch_rounds 1632/0/0/0, ulsch_errors 0, ulsch_DTX 0, BLER 0.00000 MCS (0) 0 (Qm 2 deltaMCS 0) NPRB 5 SNR 23.2 (+3.2) RSSI -41.6 CCE fail 0
UE 4fe0: LCID 1,2,4, goodput DL    0.00 UL    0.00 Mbps

[0m[12:11:34.951066] [NR_MAC] Frame.Slot 768.0
UE RNTI 4fe0 CU-UE-ID 1 in-sync PH 48 dB PCMAX 20 dBm, average RSRP -43 (16 meas)
UE 4fe0: dlsch_rounds 255/0/0/0, dlsch_errors 0, pucch0_DTX 0 (SNR 16.2+1.2) RSSI -37.3, BLER 0.00000 MCS (0) 0 (Qm 2) CCE fail 1
UE 4fe0: ulsch_rounds 1648/0/0/0, ulsch_errors 0, ulsch_DTX 0, BLER 0.00000 MCS (0) 0 (Qm 2 deltaMCS 0) NPRB 5 SNR 22.9 (+2.9) RSSI -41.5 CCE fail 0
UE 4fe0: LCID 1,2,4, goodput DL    0.00 UL    0.00 Mbps

[0m[12:11:35.450148] [NR_MAC] Frame.Slot 896.0
UE RNTI 4fe0 CU-UE-ID 1 in-sync PH 48 dB PCMAX 20 dBm, average RSRP -43 (16 meas)
UE 4fe0: dlsch_rounds 257/0/0/0, dlsch_errors 0, pucch0_DTX 0 (SNR 16.2+1.2) RSSI -37.3, BLER 0.00000 MCS (0) 0 (Qm 2) CCE fail 1
UE 4fe0: ulsch_rounds 1665/0/0/0, ulsch_errors 0, ulsch_DTX 0, BLER 0.00000 MCS (0) 0 (Qm 2 deltaMCS 0) NPRB 5 SNR 22.3 (+2.3) RSSI -41.6 CCE fail 0
UE 4fe0: LCID 1,2,4, goodput DL    0.00 UL    0.00 Mbps

[0m[12:11:35.946195] [NR_MAC] Frame.Slot 0.0
UE RNTI 4fe0 CU-UE-ID 1 in-sync PH 48 dB PCMAX 20 dBm, average RSRP -43 (16 meas)
UE 4fe0: dlsch_rounds 260/0/0/0, dlsch_errors 0, pucch0_DTX 0 (SNR 16.2+1.2) RSSI -37.3, BLER 0.00000 MCS (0) 0 (Qm 2) CCE fail 1
UE 4fe0: ulsch_rounds 1681/0/0/0, ulsch_errors 0, ulsch_DTX 0, BLER 0.00000 MCS (0) 0 (Qm 2 deltaMCS 0) NPRB 5 SNR 22.0 (+2.0) RSSI -41.6 CCE fail 0
UE 4fe0: LCID 1,2,4, goodput DL    0.00 UL    0.00 Mbps

[0m[12:11:36.436605] [NR_MAC] Frame.Slot 128.0
UE RNTI 4fe0 CU-UE-ID 1 in-sync PH 48 dB PCMAX 20 dBm, average RSRP -43 (16 meas)
UE 4fe0: dlsch_rounds 262/0/0/0, dlsch_errors 0, pucch0_DTX 0 (SNR 16.2+1.2) RSSI -37.3, BLER 0.00000 MCS (0) 0 (Qm 2) CCE fail 1
UE 4fe0: ulsch_rounds 1697/0/0/0, ulsch_errors 0, ulsch_DTX 0, BLER 0.00000 MCS (0) 0 (Qm 2 deltaMCS 0) NPRB 5 SNR 22.7 (+2.7) RSSI -41.6 CCE fail 0
UE 4fe0: LCID 1,2,4, goodput DL    0.00 UL    0.00 Mbps

[0m[12:11:36.927657] [NR_MAC] Frame.Slot 256.0
UE RNTI 4fe0 CU-UE-ID 1 in-sync PH 48 dB PCMAX 20 dBm, average RSRP -43 (16 meas)
UE 4fe0: dlsch_rounds 265/0/0/0, dlsch_errors 0, pucch0_DTX 0 (SNR 16.2+1.2) RSSI -37.3, BLER 0.00000 MCS (0) 0 (Qm 2) CCE fail 1
UE 4fe0: ulsch_rounds 1717/0/0/0, ulsch_errors 0, ulsch_DTX 0, BLER 0.00000 MCS (0) 0 (Qm 2 deltaMCS 0) NPRB 5 SNR 23.2 (+3.2) RSSI -41.4 CCE fail 0
UE 4fe0: LCID 1,2,4, goodput DL    0.00 UL    0.00 Mbps

[0m[12:11:37.418508] [NR_MAC] Frame.Slot 384.0
UE RNTI 4fe0 CU-UE-ID 1 in-sync PH 48 dB PCMAX 20 dBm, average RSRP -43 (16 meas)
UE 4fe0: dlsch_rounds 267/0/0/0, dlsch_errors 0, pucch0_DTX 0 (SNR 16.2+1.2) RSSI -37.3, BLER 0.00000 MCS (0) 0 (Qm 2) CCE fail 1
UE 4fe0: ulsch_rounds 1733/0/0/0, ulsch_errors 0, ulsch_DTX 0, BLER 0.00000 MCS (0) 0 (Qm 2 deltaMCS 0) NPRB 5 SNR 22.8 (+2.8) RSSI -41.5 CCE fail 0
UE 4fe0: LCID 1,2,4, goodput DL    0.00 UL    0.00 Mbps

[0m[12:11:37.912367] [NR_MAC] Frame.Slot 512.0
UE RNTI 4fe0 CU-UE-ID 1 in-sync PH 48 dB PCMAX 20 dBm, average RSRP -43 (16 meas)
UE 4fe0: dlsch_rounds 270/0/0/0, dlsch_errors 0, pucch0_DTX 0 (SNR 16.2+1.2) RSSI -37.3, BLER 0.00000 MCS (0) 0 (Qm 2) CCE fail 1
UE 4fe0: ulsch_rounds 1749/0/0/0, ulsch_errors 0, ulsch_DTX 0, BLER 0.00000 MCS (0) 0 (Qm 2 deltaMCS 0) NPRB 5 SNR 22.5 (+2.5) RSSI -41.5 CCE fail 0
UE 4fe0: LCID 1,2,4, goodput DL    0.00 UL    0.00 Mbps

[0m[12:11:38.402738] [NR_MAC] Frame.Slot 640.0
UE RNTI 4fe0 CU-UE-ID 1 in-sync PH 48 dB PCMAX 20 dBm, average RSRP -43 (16 meas)
UE 4fe0: dlsch_rounds 272/0/0/0, dlsch_errors 0, pucch0_DTX 0 (SNR 16.2+1.2) RSSI -37.3, BLER 0.00000 MCS (0) 0 (Qm 2) CCE fail 1
UE 4fe0: ulsch_rounds 1765/0/0/0, ulsch_errors 0, ulsch_DTX 0, BLER 0.00000 MCS (0) 0 (Qm 2 deltaMCS 0) NPRB 5 SNR 22.2 (+2.2) RSSI -41.5 CCE fail 0
UE 4fe0: LCID 1,2,4, goodput DL    0.00 UL    0.00 Mbps

[0m[12:11:38.908304] [NR_MAC] Frame.Slot 768.0
UE RNTI 4fe0 CU-UE-ID 1 in-sync PH 48 dB PCMAX 20 dBm, average RSRP -43 (16 meas)
UE 4fe0: dlsch_rounds 275/0/0/0, dlsch_errors 0, pucch0_DTX 0 (SNR 16.2+1.2) RSSI -37.3, BLER 0.00000 MCS (0) 0 (Qm 2) CCE fail 1
UE 4fe0: ulsch_rounds 1785/0/0/0, ulsch_errors 0, ulsch_DTX 0, BLER 0.00000 MCS (0) 1 (Qm 2 deltaMCS 0) NPRB 5 SNR 23.7 (+3.7) RSSI -41.4 CCE fail 0
UE 4fe0: LCID 1,2,4, goodput DL    0.00 UL    0.00 Mbps

[0m[12:11:39.407869] [NR_MAC] Frame.Slot 896.0
UE RNTI 4fe0 CU-UE-ID 1 in-sync PH 48 dB PCMAX 20 dBm, average RSRP -43 (16 meas)
UE 4fe0: dlsch_rounds 277/0/0/0, dlsch_errors 0, pucch0_DTX 0 (SNR 16.2+1.2) RSSI -37.3, BLER 0.00000 MCS (0) 0 (Qm 2) CCE fail 1
UE 4fe0: ulsch_rounds 1802/0/0/0, ulsch_errors 0, ulsch_DTX 0, BLER 0.00000 MCS (0) 0 (Qm 2 deltaMCS 0) NPRB 5 SNR 22.1 (+2.1) RSSI -41.5 CCE fail 0
UE 4fe0: LCID 1,2,4, goodput DL    0.00 UL    0.00 Mbps

[0m[12:11:39.900030] [NR_MAC] Frame.Slot 0.0
UE RNTI 4fe0 CU-UE-ID 1 in-sync PH 48 dB PCMAX 20 dBm, average RSRP -43 (16 meas)
UE 4fe0: dlsch_rounds 280/0/0/0, dlsch_errors 0, pucch0_DTX 0 (SNR 16.2+1.2) RSSI -37.3, BLER 0.00000 MCS (0) 0 (Qm 2) CCE fail 1
UE 4fe0: ulsch_rounds 1818/0/0/0, ulsch_errors 0, ulsch_DTX 0, BLER 0.00000 MCS (0) 0 (Qm 2 deltaMCS 0) NPRB 5 SNR 21.8 (+1.8) RSSI -41.5 CCE fail 0
UE 4fe0: LCID 1,2,4, goodput DL    0.00 UL    0.00 Mbps

[0m[12:11:40.403738] [NR_MAC] Frame.Slot 128.0
UE RNTI 4fe0 CU-UE-ID 1 in-sync PH 48 dB PCMAX 20 dBm, average RSRP -43 (16 meas)
UE 4fe0: dlsch_rounds 282/0/0/0, dlsch_errors 0, pucch0_DTX 0 (SNR 16.2+1.2) RSSI -37.3, BLER 0.00000 MCS (0) 0 (Qm 2) CCE fail 1
UE 4fe0: ulsch_rounds 1834/0/0/0, ulsch_errors 0, ulsch_DTX 0, BLER 0.00000 MCS (0) 0 (Qm 2 deltaMCS 0) NPRB 5 SNR 22.6 (+2.6) RSSI -41.5 CCE fail 0
UE 4fe0: LCID 1,2,4, goodput DL    0.00 UL    0.00 Mbps

[0m[12:11:40.916787] [NR_MAC] Frame.Slot 256.0
UE RNTI 4fe0 CU-UE-ID 1 in-sync PH 48 dB PCMAX 20 dBm, average RSRP -43 (16 meas)
UE 4fe0: dlsch_rounds 285/0/0/0, dlsch_errors 0, pucch0_DTX 0 (SNR 16.2+1.2) RSSI -37.3, BLER 0.00000 MCS (0) 0 (Qm 2) CCE fail 1
UE 4fe0: ulsch_rounds 1854/0/0/0, ulsch_errors 0, ulsch_DTX 0, BLER 0.00000 MCS (0) 1 (Qm 2 deltaMCS 0) NPRB 5 SNR 23.2 (+3.2) RSSI -41.4 CCE fail 0
UE 4fe0: LCID 1,2,4, goodput DL    0.00 UL    0.00 Mbps

[0m[12:11:41.421319] [NR_MAC] Frame.Slot 384.0
UE RNTI 4fe0 CU-UE-ID 1 in-sync PH 48 dB PCMAX 20 dBm, average RSRP -43 (16 meas)
UE 4fe0: dlsch_rounds 288/0/0/0, dlsch_errors 0, pucch0_DTX 0 (SNR 16.2+1.2) RSSI -37.3, BLER 0.00000 MCS (0) 0 (Qm 2) CCE fail 1
UE 4fe0: ulsch_rounds 1871/0/0/0, ulsch_errors 0, ulsch_DTX 0, BLER 0.00000 MCS (0) 0 (Qm 2 deltaMCS 0) NPRB 5 SNR 22.6 (+2.6) RSSI -41.5 CCE fail 0
UE 4fe0: LCID 1,2,4, goodput DL    0.00 UL    0.00 Mbps

[0m[12:11:41.929429] [NR_MAC] Frame.Slot 512.0
UE RNTI 4fe0 CU-UE-ID 1 in-sync PH 48 dB PCMAX 20 dBm, average RSRP -43 (16 meas)
UE 4fe0: dlsch_rounds 290/0/0/0, dlsch_errors 0, pucch0_DTX 0 (SNR 16.2+1.2) RSSI -37.3, BLER 0.00000 MCS (0) 0 (Qm 2) CCE fail 1
UE 4fe0: ulsch_rounds 1886/0/0/0, ulsch_errors 0, ulsch_DTX 0, BLER 0.00000 MCS (0) 0 (Qm 2 deltaMCS 0) NPRB 5 SNR 22.6 (+2.6) RSSI -41.5 CCE fail 0
UE 4fe0: LCID 1,2,4, goodput DL    0.00 UL    0.00 Mbps

[0m[12:11:42.444789] [NR_MAC] Frame.Slot 640.0
UE RNTI 4fe0 CU-UE-ID 1 in-sync PH 48 dB PCMAX 20 dBm, average RSRP -43 (16 meas)
UE 4fe0: dlsch_rounds 292/0/0/0, dlsch_errors 0, pucch0_DTX 0 (SNR 16.2+1.2) RSSI -37.3, BLER 0.00000 MCS (0) 0 (Qm 2) CCE fail 1
UE 4fe0: ulsch_rounds 1903/0/0/0, ulsch_errors 0, ulsch_DTX 0, BLER 0.00000 MCS (0) 0 (Qm 2 deltaMCS 0) NPRB 5 SNR 22.1 (+2.1) RSSI -41.5 CCE fail 0
UE 4fe0: LCID 1,2,4, goodput DL    0.00 UL    0.00 Mbps

[0m[12:11:42.951094] [NR_MAC] Frame.Slot 768.0
UE RNTI 4fe0 CU-UE-ID 1 in-sync PH 48 dB PCMAX 20 dBm, average RSRP -43 (16 meas)
UE 4fe0: dlsch_rounds 295/0/0/0, dlsch_errors 0, pucch0_DTX 0 (SNR 16.2+1.2) RSSI -37.3, BLER 0.00000 MCS (0) 0 (Qm 2) CCE fail 1
UE 4fe0: ulsch_rounds 1923/0/0/0, ulsch_errors 0, ulsch_DTX 0, BLER 0.00000 MCS (0) 1 (Qm 2 deltaMCS 0) NPRB 5 SNR 23.6 (+3.6) RSSI -41.5 CCE fail 0
UE 4fe0: LCID 1,2,4, goodput DL    0.00 UL    0.00 Mbps

[0m[12:11:43.447943] [NR_MAC] Frame.Slot 896.0
UE RNTI 4fe0 CU-UE-ID 1 in-sync PH 48 dB PCMAX 20 dBm, average RSRP -43 (16 meas)
UE 4fe0: dlsch_rounds 298/0/0/0, dlsch_errors 0, pucch0_DTX 0 (SNR 16.2+1.2) RSSI -37.3, BLER 0.00000 MCS (0) 0 (Qm 2) CCE fail 1
UE 4fe0: ulsch_rounds 1939/0/0/0, ulsch_errors 0, ulsch_DTX 0, BLER 0.00000 MCS (0) 0 (Qm 2 deltaMCS 0) NPRB 5 SNR 23.2 (+3.2) RSSI -41.5 CCE fail 0
UE 4fe0: LCID 1,2,4, goodput DL    0.00 UL    0.00 Mbps

[0m[12:11:43.949804] [NR_MAC] Frame.Slot 0.0
UE RNTI 4fe0 CU-UE-ID 1 in-sync PH 48 dB PCMAX 20 dBm, average RSRP -43 (16 meas)
UE 4fe0: dlsch_rounds 300/0/0/0, dlsch_errors 0, pucch0_DTX 0 (SNR 16.2+1.2) RSSI -37.3, BLER 0.00000 MCS (0) 0 (Qm 2) CCE fail 1
UE 4fe0: ulsch_rounds 1956/0/0/0, ulsch_errors 0, ulsch_DTX 0, BLER 0.00000 MCS (0) 0 (Qm 2 deltaMCS 0) NPRB 5 SNR 22.6 (+2.6) RSSI -41.5 CCE fail 0
UE 4fe0: LCID 1,2,4, goodput DL    0.00 UL    0.00 Mbps

[0m[12:11:44.462601] [NR_MAC] Frame.Slot 128.0
UE RNTI 4fe0 CU-UE-ID 1 in-sync PH 48 dB PCMAX 20 dBm, average RSRP -43 (16 meas)
UE 4fe0: dlsch_rounds 302/0/0/0, dlsch_errors 0, pucch0_DTX 0 (SNR 16.2+1.2) RSSI -37.3, BLER 0.00000 MCS (0) 0 (Qm 2) CCE fail 1
UE 4fe0: ulsch_rounds 1971/0/0/0, ulsch_errors 0, ulsch_DTX 0, BLER 0.00000 MCS (0) 0 (Qm 2 deltaMCS 0) NPRB 5 SNR 22.7 (+2.7) RSSI -41.5 CCE fail 0
UE 4fe0: LCID 1,2,4, goodput DL    0.00 UL    0.00 Mbps

[0m[12:11:44.969809] [NR_MAC] Frame.Slot 256.0
UE RNTI 4fe0 CU-UE-ID 1 in-sync PH 48 dB PCMAX 20 dBm, average RSRP -43 (16 meas)
UE 4fe0: dlsch_rounds 306/0/0/0, dlsch_errors 0, pucch0_DTX 0 (SNR 16.2+1.2) RSSI -37.3, BLER 0.00000 MCS (0) 0 (Qm 2) CCE fail 1
UE 4fe0: ulsch_rounds 1992/0/0/0, ulsch_errors 0, ulsch_DTX 0, BLER 0.00000 MCS (0) 1 (Qm 2 deltaMCS 0) NPRB 5 SNR 22.9 (+2.9) RSSI -41.4 CCE fail 0
UE 4fe0: LCID 1,2,4, goodput DL    0.00 UL    0.00 Mbps

[0m[12:11:45.479031] [NR_MAC] Frame.Slot 384.0
UE RNTI 4fe0 CU-UE-ID 1 in-sync PH 48 dB PCMAX 20 dBm, average RSRP -43 (16 meas)
UE 4fe0: dlsch_rounds 308/0/0/0, dlsch_errors 0, pucch0_DTX 0 (SNR 16.2+1.2) RSSI -37.3, BLER 0.00000 MCS (0) 0 (Qm 2) CCE fail 1
UE 4fe0: ulsch_rounds 2008/0/0/0, ulsch_errors 0, ulsch_DTX 0, BLER 0.00000 MCS (0) 0 (Qm 2 deltaMCS 0) NPRB 5 SNR 22.6 (+2.6) RSSI -41.4 CCE fail 0
UE 4fe0: LCID 1,2,4, goodput DL    0.00 UL    0.00 Mbps

[0m[12:11:47.774839] [NR_MAC] Frame.Slot 512.0
UE RNTI 4fe0 CU-UE-ID 1 in-sync PH 48 dB PCMAX 20 dBm, average RSRP -43 (16 meas)
UE 4fe0: dlsch_rounds 310/0/0/0, dlsch_errors 0, pucch0_DTX 0 (SNR 16.2+1.2) RSSI -37.3, BLER 0.00000 MCS (0) 0 (Qm 2) CCE fail 1
UE 4fe0: ulsch_rounds 2025/0/0/0, ulsch_errors 0, ulsch_DTX 0, BLER 0.00000 MCS (0) 0 (Qm 2 deltaMCS 0) NPRB 5 SNR 22.0 (+2.0) RSSI -41.5 CCE fail 0
UE 4fe0: LCID 1,2,4, goodput DL    0.00 UL    0.00 Mbps

[0m[12:11:48.283647] [NR_MAC] Frame.Slot 640.0
UE RNTI 4fe0 CU-UE-ID 1 in-sync PH 48 dB PCMAX 20 dBm, average RSRP -43 (16 meas)
UE 4fe0: dlsch_rounds 312/0/0/0, dlsch_errors 0, pucch0_DTX 0 (SNR 16.2+1.2) RSSI -37.3, BLER 0.00000 MCS (0) 0 (Qm 2) CCE fail 1
UE 4fe0: ulsch_rounds 2040/0/0/0, ulsch_errors 0, ulsch_DTX 0, BLER 0.00000 MCS (0) 0 (Qm 2 deltaMCS 0) NPRB 5 SNR 22.1 (+2.1) RSSI -41.5 CCE fail 0
UE 4fe0: LCID 1,2,4, goodput DL    0.00 UL    0.00 Mbps

[0m[12:11:48.789885] [NR_MAC] Frame.Slot 768.0
UE RNTI 4fe0 CU-UE-ID 1 in-sync PH 48 dB PCMAX 20 dBm, average RSRP -43 (16 meas)
UE 4fe0: dlsch_rounds 316/0/0/0, dlsch_errors 0, pucch0_DTX 0 (SNR 16.2+1.2) RSSI -37.3, BLER 0.00000 MCS (0) 0 (Qm 2) CCE fail 1
UE 4fe0: ulsch_rounds 2059/0/0/0, ulsch_errors 0, ulsch_DTX 0, BLER 0.00000 MCS (0) 0 (Qm 2 deltaMCS 0) NPRB 5 SNR 24.0 (+4.0) RSSI -41.5 CCE fail 0
UE 4fe0: LCID 1,2,4, goodput DL    0.00 UL    0.00 Mbps

[0m[12:11:49.293106] [NR_MAC] Frame.Slot 896.0
UE RNTI 4fe0 CU-UE-ID 1 in-sync PH 48 dB PCMAX 20 dBm, average RSRP -43 (16 meas)
UE 4fe0: dlsch_rounds 318/0/0/0, dlsch_errors 0, pucch0_DTX 0 (SNR 16.2+1.2) RSSI -37.3, BLER 0.00000 MCS (0) 0 (Qm 2) CCE fail 1
UE 4fe0: ulsch_rounds 2076/0/0/0, ulsch_errors 0, ulsch_DTX 0, BLER 0.00000 MCS (0) 0 (Qm 2 deltaMCS 0) NPRB 5 SNR 22.4 (+2.4) RSSI -41.5 CCE fail 0
UE 4fe0: LCID 1,2,4, goodput DL    0.00 UL    0.00 Mbps

[0m[12:11:49.801108] [NR_MAC] Frame.Slot 0.0
UE RNTI 4fe0 CU-UE-ID 1 in-sync PH 48 dB PCMAX 20 dBm, average RSRP -43 (16 meas)
UE 4fe0: dlsch_rounds 321/0/0/0, dlsch_errors 0, pucch0_DTX 0 (SNR 16.2+1.2) RSSI -37.3, BLER 0.00000 MCS (0) 0 (Qm 2) CCE fail 1
UE 4fe0: ulsch_rounds 2096/0/0/0, ulsch_errors 0, ulsch_DTX 0, BLER 0.00000 MCS (0) 0 (Qm 2 deltaMCS 0) NPRB 5 SNR 21.9 (+1.9) RSSI -41.5 CCE fail 0
UE 4fe0: LCID 1,2,4, goodput DL    0.00 UL    0.00 Mbps

[0m[12:11:50.303938] [NR_MAC] Frame.Slot 128.0
UE RNTI 4fe0 CU-UE-ID 1 in-sync PH 48 dB PCMAX 20 dBm, average RSRP -43 (16 meas)
UE 4fe0: dlsch_rounds 324/0/0/0, dlsch_errors 0, pucch0_DTX 0 (SNR 16.2+1.2) RSSI -37.3, BLER 0.00000 MCS (0) 0 (Qm 2) CCE fail 1
UE 4fe0: ulsch_rounds 2112/0/0/0, ulsch_errors 0, ulsch_DTX 0, BLER 0.00000 MCS (0) 0 (Qm 2 deltaMCS 0) NPRB 5 SNR 22.7 (+2.7) RSSI -41.5 CCE fail 0
UE 4fe0: LCID 1,2,4, goodput DL    0.00 UL    0.00 Mbps

[0m[12:11:50.802323] [NR_MAC] Frame.Slot 256.0
UE RNTI 4fe0 CU-UE-ID 1 in-sync PH 48 dB PCMAX 20 dBm, average RSRP -43 (16 meas)
UE 4fe0: dlsch_rounds 327/0/0/0, dlsch_errors 0, pucch0_DTX 0 (SNR 16.2+1.2) RSSI -37.3, BLER 0.00000 MCS (0) 0 (Qm 2) CCE fail 1
UE 4fe0: ulsch_rounds 2131/0/0/0, ulsch_errors 0, ulsch_DTX 0, BLER 0.00000 MCS (0) 0 (Qm 2 deltaMCS 0) NPRB 17 SNR 22.5 (+2.5) RSSI -41.5 CCE fail 0
UE 4fe0: LCID 1,2,4, goodput DL    0.00 UL    0.00 Mbps

[0m[12:11:51.306649] [NR_MAC] Frame.Slot 384.0
UE RNTI 4fe0 CU-UE-ID 1 in-sync PH 48 dB PCMAX 20 dBm, average RSRP -43 (16 meas)
UE 4fe0: dlsch_rounds 329/0/0/0, dlsch_errors 0, pucch0_DTX 0 (SNR 16.2+1.2) RSSI -37.3, BLER 0.00000 MCS (0) 0 (Qm 2) CCE fail 1
UE 4fe0: ulsch_rounds 2147/0/0/0, ulsch_errors 0, ulsch_DTX 0, BLER 0.00000 MCS (0) 0 (Qm 2 deltaMCS 0) NPRB 5 SNR 23.2 (+3.2) RSSI -41.5 CCE fail 0
UE 4fe0: LCID 1,2,4, goodput DL    0.00 UL    0.00 Mbps

[0m[12:11:51.801181] [NR_MAC] Frame.Slot 512.0
UE RNTI 4fe0 CU-UE-ID 1 in-sync PH 48 dB PCMAX 20 dBm, average RSRP -43 (16 meas)
UE 4fe0: dlsch_rounds 331/0/0/0, dlsch_errors 0, pucch0_DTX 0 (SNR 16.2+1.2) RSSI -37.3, BLER 0.00000 MCS (0) 0 (Qm 2) CCE fail 1
UE 4fe0: ulsch_rounds 2163/0/0/0, ulsch_errors 0, ulsch_DTX 0, BLER 0.00000 MCS (0) 0 (Qm 2 deltaMCS 0) NPRB 5 SNR 21.9 (+1.9) RSSI -41.5 CCE fail 0
UE 4fe0: LCID 1,2,4, goodput DL    0.00 UL    0.00 Mbps

[0m[12:11:52.305204] [NR_MAC] Frame.Slot 640.0
UE RNTI 4fe0 CU-UE-ID 1 in-sync PH 48 dB PCMAX 20 dBm, average RSRP -43 (16 meas)
UE 4fe0: dlsch_rounds 334/0/0/0, dlsch_errors 0, pucch0_DTX 0 (SNR 16.2+1.2) RSSI -37.3, BLER 0.00000 MCS (0) 0 (Qm 2) CCE fail 1
UE 4fe0: ulsch_rounds 2179/0/0/0, ulsch_errors 0, ulsch_DTX 0, BLER 0.00000 MCS (0) 0 (Qm 2 deltaMCS 0) NPRB 5 SNR 22.6 (+2.6) RSSI -41.5 CCE fail 0
UE 4fe0: LCID 1,2,4, goodput DL    0.00 UL    0.00 Mbps

[0m[12:11:52.803176] [NR_MAC] Frame.Slot 768.0
UE RNTI 4fe0 CU-UE-ID 1 in-sync PH 48 dB PCMAX 20 dBm, average RSRP -43 (16 meas)
UE 4fe0: dlsch_rounds 337/0/0/0, dlsch_errors 0, pucch0_DTX 0 (SNR 16.2+1.2) RSSI -37.3, BLER 0.00000 MCS (0) 0 (Qm 2) CCE fail 1
UE 4fe0: ulsch_rounds 2200/0/0/0, ulsch_errors 0, ulsch_DTX 0, BLER 0.00000 MCS (0) 0 (Qm 2 deltaMCS 0) NPRB 5 SNR 23.9 (+3.9) RSSI -41.5 CCE fail 0
UE 4fe0: LCID 1,2,4, goodput DL    0.00 UL    0.00 Mbps

[0m[12:11:53.301019] [NR_MAC] Frame.Slot 896.0
UE RNTI 4fe0 CU-UE-ID 1 in-sync PH 48 dB PCMAX 20 dBm, average RSRP -43 (16 meas)
UE 4fe0: dlsch_rounds 339/0/0/0, dlsch_errors 0, pucch0_DTX 0 (SNR 16.2+1.2) RSSI -37.3, BLER 0.00000 MCS (0) 0 (Qm 2) CCE fail 1
UE 4fe0: ulsch_rounds 2216/0/0/0, ulsch_errors 0, ulsch_DTX 0, BLER 0.00000 MCS (0) 0 (Qm 2 deltaMCS 0) NPRB 5 SNR 23.5 (+3.5) RSSI -41.5 CCE fail 0
UE 4fe0: LCID 1,2,4, goodput DL    0.00 UL    0.00 Mbps

[0m[12:11:53.793858] [NR_MAC] Frame.Slot 0.0
UE RNTI 4fe0 CU-UE-ID 1 in-sync PH 48 dB PCMAX 20 dBm, average RSRP -43 (16 meas)
UE 4fe0: dlsch_rounds 341/0/0/0, dlsch_errors 0, pucch0_DTX 0 (SNR 16.2+1.2) RSSI -37.3, BLER 0.00000 MCS (0) 0 (Qm 2) CCE fail 1
UE 4fe0: ulsch_rounds 2233/0/0/0, ulsch_errors 0, ulsch_DTX 0, BLER 0.00000 MCS (0) 0 (Qm 2 deltaMCS 0) NPRB 5 SNR 21.9 (+1.9) RSSI -41.5 CCE fail 0
UE 4fe0: LCID 1,2,4, goodput DL    0.00 UL    0.00 Mbps

[0m[12:11:54.295984] [NR_MAC] Frame.Slot 128.0
UE RNTI 4fe0 CU-UE-ID 1 in-sync PH 48 dB PCMAX 20 dBm, average RSRP -43 (16 meas)
UE 4fe0: dlsch_rounds 344/0/0/0, dlsch_errors 0, pucch0_DTX 0 (SNR 16.2+1.2) RSSI -37.3, BLER 0.00000 MCS (0) 0 (Qm 2) CCE fail 1
UE 4fe0: ulsch_rounds 2249/0/0/0, ulsch_errors 0, ulsch_DTX 0, BLER 0.00000 MCS (0) 0 (Qm 2 deltaMCS 0) NPRB 5 SNR 22.6 (+2.6) RSSI -41.6 CCE fail 0
UE 4fe0: LCID 1,2,4, goodput DL    0.00 UL    0.00 Mbps

[0m[12:11:54.795141] [NR_MAC] Frame.Slot 256.0
UE RNTI 4fe0 CU-UE-ID 1 in-sync PH 48 dB PCMAX 20 dBm, average RSRP -43 (16 meas)
UE 4fe0: dlsch_rounds 346/0/0/0, dlsch_errors 0, pucch0_DTX 0 (SNR 16.2+1.2) RSSI -37.3, BLER 0.00000 MCS (0) 0 (Qm 2) CCE fail 1
UE 4fe0: ulsch_rounds 2266/0/0/0, ulsch_errors 0, ulsch_DTX 0, BLER 0.00000 MCS (0) 0 (Qm 2 deltaMCS 0) NPRB 5 SNR 22.0 (+2.0) RSSI -41.6 CCE fail 0
UE 4fe0: LCID 1,2,4, goodput DL    0.00 UL    0.00 Mbps

[0m[12:11:55.289464] [NR_MAC] Frame.Slot 384.0
UE RNTI 4fe0 CU-UE-ID 1 in-sync PH 48 dB PCMAX 20 dBm, average RSRP -43 (16 meas)
UE 4fe0: dlsch_rounds 349/0/0/0, dlsch_errors 0, pucch0_DTX 0 (SNR 16.2+1.2) RSSI -37.3, BLER 0.00000 MCS (0) 0 (Qm 2) CCE fail 1
UE 4fe0: ulsch_rounds 2286/0/0/0, ulsch_errors 0, ulsch_DTX 0, BLER 0.00000 MCS (0) 0 (Qm 2 deltaMCS 0) NPRB 5 SNR 23.4 (+3.4) RSSI -41.5 CCE fail 0
UE 4fe0: LCID 1,2,4, goodput DL    0.00 UL    0.00 Mbps

[0m[12:11:55.787413] [NR_MAC] Frame.Slot 512.0
UE RNTI 4fe0 CU-UE-ID 1 in-sync PH 48 dB PCMAX 20 dBm, average RSRP -43 (16 meas)
UE 4fe0: dlsch_rounds 352/0/0/0, dlsch_errors 0, pucch0_DTX 0 (SNR 16.2+1.2) RSSI -37.3, BLER 0.00000 MCS (0) 0 (Qm 2) CCE fail 1
UE 4fe0: ulsch_rounds 2301/0/0/0, ulsch_errors 0, ulsch_DTX 0, BLER 0.00000 MCS (0) 0 (Qm 2 deltaMCS 0) NPRB 5 SNR 22.5 (+2.5) RSSI -41.5 CCE fail 0
UE 4fe0: LCID 1,2,4, goodput DL    0.00 UL    0.00 Mbps

[0m[12:11:56.288210] [NR_MAC] Frame.Slot 640.0
UE RNTI 4fe0 CU-UE-ID 1 in-sync PH 48 dB PCMAX 20 dBm, average RSRP -43 (16 meas)
UE 4fe0: dlsch_rounds 354/0/0/0, dlsch_errors 0, pucch0_DTX 0 (SNR 16.2+1.2) RSSI -37.3, BLER 0.00000 MCS (0) 0 (Qm 2) CCE fail 1
UE 4fe0: ulsch_rounds 2318/0/0/0, ulsch_errors 0, ulsch_DTX 0, BLER 0.00000 MCS (0) 0 (Qm 2 deltaMCS 0) NPRB 5 SNR 21.9 (+1.9) RSSI -41.5 CCE fail 0
UE 4fe0: LCID 1,2,4, goodput DL    0.00 UL    0.00 Mbps

[0m[12:11:56.780704] [NR_MAC] Frame.Slot 768.0
UE RNTI 4fe0 CU-UE-ID 1 in-sync PH 48 dB PCMAX 20 dBm, average RSRP -43 (16 meas)
UE 4fe0: dlsch_rounds 356/0/0/0, dlsch_errors 0, pucch0_DTX 0 (SNR 16.2+1.2) RSSI -37.3, BLER 0.00000 MCS (0) 0 (Qm 2) CCE fail 1
UE 4fe0: ulsch_rounds 2333/0/0/0, ulsch_errors 0, ulsch_DTX 0, BLER 0.00000 MCS (0) 0 (Qm 2 deltaMCS 0) NPRB 5 SNR 21.9 (+1.9) RSSI -41.5 CCE fail 0
UE 4fe0: LCID 1,2,4, goodput DL    0.00 UL    0.00 Mbps

[0m[12:11:57.277174] [NR_MAC] Frame.Slot 896.0
UE RNTI 4fe0 CU-UE-ID 1 in-sync PH 48 dB PCMAX 20 dBm, average RSRP -43 (16 meas)
UE 4fe0: dlsch_rounds 359/0/0/0, dlsch_errors 0, pucch0_DTX 0 (SNR 16.2+1.2) RSSI -37.3, BLER 0.00000 MCS (0) 0 (Qm 2) CCE fail 1
UE 4fe0: ulsch_rounds 2354/0/0/0, ulsch_errors 0, ulsch_DTX 0, BLER 0.00000 MCS (0) 0 (Qm 2 deltaMCS 0) NPRB 5 SNR 23.1 (+3.1) RSSI -41.5 CCE fail 0
UE 4fe0: LCID 1,2,4, goodput DL    0.00 UL    0.00 Mbps

[0m[12:11:57.778205] [NR_MAC] Frame.Slot 0.0
UE RNTI 4fe0 CU-UE-ID 1 in-sync PH 48 dB PCMAX 20 dBm, average RSRP -43 (16 meas)
UE 4fe0: dlsch_rounds 362/0/0/0, dlsch_errors 0, pucch0_DTX 0 (SNR 16.2+1.2) RSSI -37.3, BLER 0.00000 MCS (0) 0 (Qm 2) CCE fail 1
UE 4fe0: ulsch_rounds 2370/0/0/0, ulsch_errors 0, ulsch_DTX 0, BLER 0.00000 MCS (0) 0 (Qm 2 deltaMCS 0) NPRB 5 SNR 22.8 (+2.8) RSSI -41.5 CCE fail 0
UE 4fe0: LCID 1,2,4, goodput DL    0.00 UL    0.00 Mbps

[0m[12:11:58.276761] [NR_MAC] Frame.Slot 128.0
UE RNTI 4fe0 CU-UE-ID 1 in-sync PH 48 dB PCMAX 20 dBm, average RSRP -43 (16 meas)
UE 4fe0: dlsch_rounds 364/0/0/0, dlsch_errors 0, pucch0_DTX 0 (SNR 16.2+1.2) RSSI -37.3, BLER 0.00000 MCS (0) 0 (Qm 2) CCE fail 1
UE 4fe0: ulsch_rounds 2387/0/0/0, ulsch_errors 0, ulsch_DTX 0, BLER 0.00000 MCS (0) 0 (Qm 2 deltaMCS 0) NPRB 5 SNR 22.1 (+2.1) RSSI -41.6 CCE fail 0
UE 4fe0: LCID 1,2,4, goodput DL    0.00 UL    0.00 Mbps

[0m[12:11:58.773273] [NR_MAC] Frame.Slot 256.0
UE RNTI 4fe0 CU-UE-ID 1 in-sync PH 48 dB PCMAX 20 dBm, average RSRP -43 (16 meas)
UE 4fe0: dlsch_rounds 366/0/0/0, dlsch_errors 0, pucch0_DTX 0 (SNR 16.2+1.2) RSSI -37.3, BLER 0.00000 MCS (0) 0 (Qm 2) CCE fail 1
UE 4fe0: ulsch_rounds 2403/0/0/0, ulsch_errors 0, ulsch_DTX 0, BLER 0.00000 MCS (0) 0 (Qm 2 deltaMCS 0) NPRB 5 SNR 21.8 (+1.8) RSSI -41.6 CCE fail 0
UE 4fe0: LCID 1,2,4, goodput DL    0.00 UL    0.00 Mbps

[0m[12:11:59.262413] [NR_MAC] Frame.Slot 384.0
UE RNTI 4fe0 CU-UE-ID 1 in-sync PH 48 dB PCMAX 20 dBm, average RSRP -43 (16 meas)
UE 4fe0: dlsch_rounds 370/0/0/0, dlsch_errors 0, pucch0_DTX 0 (SNR 16.2+1.2) RSSI -37.3, BLER 0.00000 MCS (0) 0 (Qm 2) CCE fail 1
UE 4fe0: ulsch_rounds 2422/0/0/0, ulsch_errors 0, ulsch_DTX 0, BLER 0.00000 MCS (0) 1 (Qm 2 deltaMCS 0) NPRB 5 SNR 23.7 (+3.7) RSSI -41.5 CCE fail 0
UE 4fe0: LCID 1,2,4, goodput DL    0.00 UL    0.00 Mbps

[0m[12:11:59.727262] [NR_MAC] Frame.Slot 512.0
UE RNTI 4fe0 CU-UE-ID 1 in-sync PH 48 dB PCMAX 20 dBm, average RSRP -43 (16 meas)
UE 4fe0: dlsch_rounds 372/0/0/0, dlsch_errors 0, pucch0_DTX 0 (SNR 16.2+1.2) RSSI -37.3, BLER 0.00000 MCS (0) 0 (Qm 2) CCE fail 1
UE 4fe0: ulsch_rounds 2439/0/0/0, ulsch_errors 0, ulsch_DTX 0, BLER 0.00000 MCS (0) 0 (Qm 2 deltaMCS 0) NPRB 5 SNR 22.1 (+2.1) RSSI -41.5 CCE fail 0
UE 4fe0: LCID 1,2,4, goodput DL    0.00 UL    0.00 Mbps

[0m[12:12:00.192456] [NR_MAC] Frame.Slot 640.0
UE RNTI 4fe0 CU-UE-ID 1 in-sync PH 48 dB PCMAX 20 dBm, average RSRP -43 (16 meas)
UE 4fe0: dlsch_rounds 374/0/0/0, dlsch_errors 0, pucch0_DTX 0 (SNR 16.2+1.2) RSSI -37.3, BLER 0.00000 MCS (0) 0 (Qm 2) CCE fail 1
UE 4fe0: ulsch_rounds 2455/0/0/0, ulsch_errors 0, ulsch_DTX 0, BLER 0.00000 MCS (0) 0 (Qm 2 deltaMCS 0) NPRB 5 SNR 21.9 (+1.9) RSSI -41.6 CCE fail 0
UE 4fe0: LCID 1,2,4, goodput DL    0.00 UL    0.00 Mbps

[0m[12:12:00.661177] [NR_MAC] Frame.Slot 768.0
UE RNTI 4fe0 CU-UE-ID 1 in-sync PH 48 dB PCMAX 20 dBm, average RSRP -43 (16 meas)
UE 4fe0: dlsch_rounds 376/0/0/0, dlsch_errors 0, pucch0_DTX 0 (SNR 16.2+1.2) RSSI -37.3, BLER 0.00000 MCS (0) 0 (Qm 2) CCE fail 1
UE 4fe0: ulsch_rounds 2472/0/0/0, ulsch_errors 0, ulsch_DTX 0, BLER 0.00000 MCS (0) 0 (Qm 2 deltaMCS 0) NPRB 5 SNR 22.3 (+2.3) RSSI -41.6 CCE fail 0
UE 4fe0: LCID 1,2,4, goodput DL    0.00 UL    0.00 Mbps

[0m[12:12:01.126007] [NR_MAC] Frame.Slot 896.0
UE RNTI 4fe0 CU-UE-ID 1 in-sync PH 48 dB PCMAX 20 dBm, average RSRP -43 (16 meas)
UE 4fe0: dlsch_rounds 380/0/0/0, dlsch_errors 0, pucch0_DTX 0 (SNR 16.2+1.2) RSSI -37.3, BLER 0.00000 MCS (0) 0 (Qm 2) CCE fail 1
UE 4fe0: ulsch_rounds 2492/0/0/0, ulsch_errors 0, ulsch_DTX 0, BLER 0.00000 MCS (0) 1 (Qm 2 deltaMCS 0) NPRB 5 SNR 23.7 (+3.7) RSSI -41.5 CCE fail 0
UE 4fe0: LCID 1,2,4, goodput DL    0.00 UL    0.00 Mbps

[0m[12:12:01.587595] [NR_MAC] Frame.Slot 0.0
UE RNTI 4fe0 CU-UE-ID 1 in-sync PH 48 dB PCMAX 20 dBm, average RSRP -43 (16 meas)
UE 4fe0: dlsch_rounds 382/0/0/0, dlsch_errors 0, pucch0_DTX 0 (SNR 16.2+1.2) RSSI -37.3, BLER 0.00000 MCS (0) 0 (Qm 2) CCE fail 1
UE 4fe0: ulsch_rounds 2508/0/0/0, ulsch_errors 0, ulsch_DTX 0, BLER 0.00000 MCS (0) 0 (Qm 2 deltaMCS 0) NPRB 5 SNR 22.4 (+2.4) RSSI -41.5 CCE fail 0
UE 4fe0: LCID 1,2,4, goodput DL    0.00 UL    0.00 Mbps

[0m[12:12:02.055868] [NR_MAC] Frame.Slot 128.0
UE RNTI 4fe0 CU-UE-ID 1 in-sync PH 48 dB PCMAX 20 dBm, average RSRP -43 (16 meas)
UE 4fe0: dlsch_rounds 384/0/0/0, dlsch_errors 0, pucch0_DTX 0 (SNR 16.2+1.2) RSSI -37.3, BLER 0.00000 MCS (0) 0 (Qm 2) CCE fail 1
UE 4fe0: ulsch_rounds 2524/0/0/0, ulsch_errors 0, ulsch_DTX 0, BLER 0.00000 MCS (0) 0 (Qm 2 deltaMCS 0) NPRB 5 SNR 22.2 (+2.2) RSSI -41.5 CCE fail 0
UE 4fe0: LCID 1,2,4, goodput DL    0.00 UL    0.00 Mbps

[0m[12:12:02.525626] [NR_MAC] Frame.Slot 256.0
UE RNTI 4fe0 CU-UE-ID 1 in-sync PH 48 dB PCMAX 20 dBm, average RSRP -43 (16 meas)
UE 4fe0: dlsch_rounds 387/0/0/0, dlsch_errors 0, pucch0_DTX 0 (SNR 16.2+1.2) RSSI -37.3, BLER 0.00000 MCS (0) 0 (Qm 2) CCE fail 1
UE 4fe0: ulsch_rounds 2540/0/0/0, ulsch_errors 0, ulsch_DTX 0, BLER 0.00000 MCS (0) 0 (Qm 2 deltaMCS 0) NPRB 5 SNR 21.8 (+1.8) RSSI -41.5 CCE fail 0
UE 4fe0: LCID 1,2,4, goodput DL    0.00 UL    0.00 Mbps

[0m[12:12:02.990330] [NR_MAC] Frame.Slot 384.0
UE RNTI 4fe0 CU-UE-ID 1 in-sync PH 48 dB PCMAX 20 dBm, average RSRP -43 (16 meas)
UE 4fe0: dlsch_rounds 390/0/0/0, dlsch_errors 0, pucch0_DTX 0 (SNR 16.2+1.2) RSSI -37.3, BLER 0.00000 MCS (0) 0 (Qm 2) CCE fail 1
UE 4fe0: ulsch_rounds 2561/0/0/0, ulsch_errors 0, ulsch_DTX 0, BLER 0.00000 MCS (0) 1 (Qm 2 deltaMCS 0) NPRB 5 SNR 23.2 (+3.2) RSSI -41.5 CCE fail 0
UE 4fe0: LCID 1,2,4, goodput DL    0.00 UL    0.00 Mbps

[0m[12:12:03.452016] [NR_MAC] Frame.Slot 512.0
UE RNTI 4fe0 CU-UE-ID 1 in-sync PH 48 dB PCMAX 20 dBm, average RSRP -43 (16 meas)
UE 4fe0: dlsch_rounds 392/0/0/0, dlsch_errors 0, pucch0_DTX 0 (SNR 16.2+1.2) RSSI -37.3, BLER 0.00000 MCS (0) 0 (Qm 2) CCE fail 1
UE 4fe0: ulsch_rounds 2577/0/0/0, ulsch_errors 0, ulsch_DTX 0, BLER 0.00000 MCS (0) 0 (Qm 2 deltaMCS 0) NPRB 5 SNR 22.8 (+2.8) RSSI -41.5 CCE fail 0
UE 4fe0: LCID 1,2,4, goodput DL    0.00 UL    0.00 Mbps

[0m[12:12:03.914400] [NR_MAC] Frame.Slot 640.0
UE RNTI 4fe0 CU-UE-ID 1 in-sync PH 48 dB PCMAX 20 dBm, average RSRP -43 (16 meas)
UE 4fe0: dlsch_rounds 394/0/0/0, dlsch_errors 0, pucch0_DTX 0 (SNR 16.2+1.2) RSSI -37.3, BLER 0.00000 MCS (0) 0 (Qm 2) CCE fail 1
UE 4fe0: ulsch_rounds 2594/0/0/0, ulsch_errors 0, ulsch_DTX 0, BLER 0.00000 MCS (0) 0 (Qm 2 deltaMCS 0) NPRB 5 SNR 22.2 (+2.2) RSSI -41.5 CCE fail 0
UE 4fe0: LCID 1,2,4, goodput DL    0.00 UL    0.00 Mbps

[0m[12:12:04.379783] [NR_MAC] Frame.Slot 768.0
UE RNTI 4fe0 CU-UE-ID 1 in-sync PH 48 dB PCMAX 20 dBm, average RSRP -43 (16 meas)
UE 4fe0: dlsch_rounds 397/0/0/0, dlsch_errors 0, pucch0_DTX 0 (SNR 16.2+1.2) RSSI -37.3, BLER 0.00000 MCS (0) 0 (Qm 2) CCE fail 1
UE 4fe0: ulsch_rounds 2610/0/0/0, ulsch_errors 0, ulsch_DTX 0, BLER 0.00000 MCS (0) 0 (Qm 2 deltaMCS 0) NPRB 5 SNR 21.8 (+1.8) RSSI -41.6 CCE fail 0
UE 4fe0: LCID 1,2,4, goodput DL    0.00 UL    0.00 Mbps

[0m[12:12:04.843664] [NR_MAC] Frame.Slot 896.0
UE RNTI 4fe0 CU-UE-ID 1 in-sync PH 48 dB PCMAX 20 dBm, average RSRP -43 (16 meas)
UE 4fe0: dlsch_rounds 400/0/0/0, dlsch_errors 0, pucch0_DTX 0 (SNR 16.2+1.2) RSSI -37.3, BLER 0.00000 MCS (0) 0 (Qm 2) CCE fail 1
UE 4fe0: ulsch_rounds 2630/0/0/0, ulsch_errors 0, ulsch_DTX 0, BLER 0.00000 MCS (0) 0 (Qm 2 deltaMCS 0) NPRB 5 SNR 23.5 (+3.5) RSSI -41.6 CCE fail 0
UE 4fe0: LCID 1,2,4, goodput DL    0.00 UL    0.00 Mbps

[0m[12:12:05.303767] [NR_MAC] Frame.Slot 0.0
UE RNTI 4fe0 CU-UE-ID 1 in-sync PH 48 dB PCMAX 20 dBm, average RSRP -43 (16 meas)
UE 4fe0: dlsch_rounds 402/0/0/0, dlsch_errors 0, pucch0_DTX 0 (SNR 16.2+1.2) RSSI -37.3, BLER 0.00000 MCS (0) 0 (Qm 2) CCE fail 1
UE 4fe0: ulsch_rounds 2647/0/0/0, ulsch_errors 0, ulsch_DTX 0, BLER 0.00000 MCS (0) 0 (Qm 2 deltaMCS 0) NPRB 5 SNR 22.8 (+2.8) RSSI -41.5 CCE fail 0
UE 4fe0: LCID 1,2,4, goodput DL    0.00 UL    0.00 Mbps

[0m[12:12:05.762048] [NR_MAC] Frame.Slot 128.0
UE RNTI 4fe0 CU-UE-ID 1 in-sync PH 48 dB PCMAX 20 dBm, average RSRP -43 (16 meas)
UE 4fe0: dlsch_rounds 404/0/0/0, dlsch_errors 0, pucch0_DTX 0 (SNR 16.2+1.2) RSSI -37.3, BLER 0.00000 MCS (0) 0 (Qm 2) CCE fail 1
UE 4fe0: ulsch_rounds 2663/0/0/0, ulsch_errors 0, ulsch_DTX 0, BLER 0.00000 MCS (0) 0 (Qm 2 deltaMCS 0) NPRB 5 SNR 22.5 (+2.5) RSSI -41.6 CCE fail 0
UE 4fe0: LCID 1,2,4, goodput DL    0.00 UL    0.00 Mbps

[0m[12:12:06.225335] [NR_MAC] Frame.Slot 256.0
UE RNTI 4fe0 CU-UE-ID 1 in-sync PH 48 dB PCMAX 20 dBm, average RSRP -43 (16 meas)
UE 4fe0: dlsch_rounds 407/0/0/0, dlsch_errors 0, pucch0_DTX 0 (SNR 16.2+1.2) RSSI -37.3, BLER 0.00000 MCS (0) 0 (Qm 2) CCE fail 1
UE 4fe0: ulsch_rounds 2680/0/0/0, ulsch_errors 0, ulsch_DTX 0, BLER 0.00000 MCS (0) 0 (Qm 2 deltaMCS 0) NPRB 5 SNR 21.8 (+1.8) RSSI -41.6 CCE fail 0
UE 4fe0: LCID 1,2,4, goodput DL    0.00 UL    0.00 Mbps

[0m[12:12:06.693231] [NR_MAC] Frame.Slot 384.0
UE RNTI 4fe0 CU-UE-ID 1 in-sync PH 48 dB PCMAX 20 dBm, average RSRP -43 (16 meas)
UE 4fe0: dlsch_rounds 410/0/0/0, dlsch_errors 0, pucch0_DTX 0 (SNR 16.2+1.2) RSSI -37.3, BLER 0.00000 MCS (0) 0 (Qm 2) CCE fail 1
UE 4fe0: ulsch_rounds 2698/0/0/0, ulsch_errors 0, ulsch_DTX 0, BLER 0.00000 MCS (0) 0 (Qm 2 deltaMCS 0) NPRB 17 SNR 23.1 (+3.1) RSSI -41.6 CCE fail 0
UE 4fe0: LCID 1,2,4, goodput DL    0.00 UL    0.00 Mbps

[0m[12:12:07.158443] [NR_MAC] Frame.Slot 512.0
UE RNTI 4fe0 CU-UE-ID 1 in-sync PH 48 dB PCMAX 20 dBm, average RSRP -43 (16 meas)
UE 4fe0: dlsch_rounds 412/0/0/0, dlsch_errors 0, pucch0_DTX 0 (SNR 16.2+1.2) RSSI -37.3, BLER 0.00000 MCS (0) 0 (Qm 2) CCE fail 1
UE 4fe0: ulsch_rounds 2714/0/0/0, ulsch_errors 0, ulsch_DTX 0, BLER 0.00000 MCS (0) 0 (Qm 2 deltaMCS 0) NPRB 5 SNR 21.8 (+1.8) RSSI -41.4 CCE fail 0
UE 4fe0: LCID 1,2,4, goodput DL    0.00 UL    0.00 Mbps

[0m[12:12:07.619849] [NR_MAC] Frame.Slot 640.0
UE RNTI 4fe0 CU-UE-ID 1 in-sync PH 48 dB PCMAX 20 dBm, average RSRP -43 (16 meas)
UE 4fe0: dlsch_rounds 415/0/0/0, dlsch_errors 0, pucch0_DTX 0 (SNR 16.2+1.2) RSSI -37.3, BLER 0.00000 MCS (0) 0 (Qm 2) CCE fail 1
UE 4fe0: ulsch_rounds 2729/0/0/0, ulsch_errors 0, ulsch_DTX 0, BLER 0.00000 MCS (0) 0 (Qm 2 deltaMCS 0) NPRB 5 SNR 21.9 (+1.9) RSSI -41.5 CCE fail 0
UE 4fe0: LCID 1,2,4, goodput DL    0.00 UL    0.00 Mbps

[0m[12:12:08.084377] [NR_MAC] Frame.Slot 768.0
UE RNTI 4fe0 CU-UE-ID 1 in-sync PH 48 dB PCMAX 20 dBm, average RSRP -43 (16 meas)
UE 4fe0: dlsch_rounds 417/0/0/0, dlsch_errors 0, pucch0_DTX 0 (SNR 16.2+1.2) RSSI -37.3, BLER 0.00000 MCS (0) 0 (Qm 2) CCE fail 1
UE 4fe0: ulsch_rounds 2745/0/0/0, ulsch_errors 0, ulsch_DTX 0, BLER 0.00000 MCS (0) 0 (Qm 2 deltaMCS 0) NPRB 5 SNR 22.6 (+2.6) RSSI -41.5 CCE fail 0
UE 4fe0: LCID 1,2,4, goodput DL    0.00 UL    0.00 Mbps

[0m[12:12:08.544190] [NR_MAC] Frame.Slot 896.0
UE RNTI 4fe0 CU-UE-ID 1 in-sync PH 48 dB PCMAX 20 dBm, average RSRP -43 (16 meas)
UE 4fe0: dlsch_rounds 420/0/0/0, dlsch_errors 0, pucch0_DTX 0 (SNR 16.2+1.2) RSSI -37.3, BLER 0.00000 MCS (0) 0 (Qm 2) CCE fail 1
UE 4fe0: ulsch_rounds 2764/0/0/0, ulsch_errors 0, ulsch_DTX 0, BLER 0.00000 MCS (0) 0 (Qm 2 deltaMCS 0) NPRB 17 SNR 22.5 (+2.5) RSSI -41.5 CCE fail 0
UE 4fe0: LCID 1,2,4, goodput DL    0.00 UL    0.00 Mbps

[0m[12:12:09.005954] [NR_MAC] Frame.Slot 0.0
UE RNTI 4fe0 CU-UE-ID 1 in-sync PH 48 dB PCMAX 20 dBm, average RSRP -43 (16 meas)
UE 4fe0: dlsch_rounds 422/0/0/0, dlsch_errors 0, pucch0_DTX 0 (SNR 16.2+1.2) RSSI -37.3, BLER 0.00000 MCS (0) 0 (Qm 2) CCE fail 1
UE 4fe0: ulsch_rounds 2780/0/0/0, ulsch_errors 0, ulsch_DTX 0, BLER 0.00000 MCS (0) 0 (Qm 2 deltaMCS 0) NPRB 5 SNR 23.2 (+3.2) RSSI -41.4 CCE fail 0
UE 4fe0: LCID 1,2,4, goodput DL    0.00 UL    0.00 Mbps

[0m[12:12:09.465315] [NR_MAC] Frame.Slot 128.0
UE RNTI 4fe0 CU-UE-ID 1 in-sync PH 48 dB PCMAX 20 dBm, average RSRP -43 (16 meas)
UE 4fe0: dlsch_rounds 425/0/0/0, dlsch_errors 0, pucch0_DTX 0 (SNR 16.2+1.2) RSSI -37.3, BLER 0.00000 MCS (0) 0 (Qm 2) CCE fail 1
UE 4fe0: ulsch_rounds 2796/0/0/0, ulsch_errors 0, ulsch_DTX 0, BLER 0.00000 MCS (0) 0 (Qm 2 deltaMCS 0) NPRB 5 SNR 21.9 (+1.9) RSSI -41.4 CCE fail 0
UE 4fe0: LCID 1,2,4, goodput DL    0.00 UL    0.00 Mbps

[0m[12:12:09.933405] [NR_MAC] Frame.Slot 256.0
UE RNTI 4fe0 CU-UE-ID 1 in-sync PH 48 dB PCMAX 20 dBm, average RSRP -43 (16 meas)
UE 4fe0: dlsch_rounds 427/0/0/0, dlsch_errors 0, pucch0_DTX 0 (SNR 16.2+1.2) RSSI -37.3, BLER 0.00000 MCS (0) 0 (Qm 2) CCE fail 1
UE 4fe0: ulsch_rounds 2812/0/0/0, ulsch_errors 0, ulsch_DTX 0, BLER 0.00000 MCS (0) 0 (Qm 2 deltaMCS 0) NPRB 5 SNR 22.6 (+2.6) RSSI -41.4 CCE fail 0
UE 4fe0: LCID 1,2,4, goodput DL    0.00 UL    0.00 Mbps

[0m[12:12:10.393359] [NR_MAC] Frame.Slot 384.0
UE RNTI 4fe0 CU-UE-ID 1 in-sync PH 48 dB PCMAX 20 dBm, average RSRP -43 (16 meas)
UE 4fe0: dlsch_rounds 429/0/0/0, dlsch_errors 0, pucch0_DTX 0 (SNR 16.2+1.2) RSSI -37.3, BLER 0.00000 MCS (0) 0 (Qm 2) CCE fail 1
UE 4fe0: ulsch_rounds 2831/0/0/0, ulsch_errors 0, ulsch_DTX 0, BLER 0.00000 MCS (0) 0 (Qm 2 deltaMCS 0) NPRB 5 SNR 21.8 (+1.8) RSSI -41.5 CCE fail 0
UE 4fe0: LCID 1,2,4, goodput DL    0.00 UL    0.00 Mbps

[0m[12:12:10.853920] [NR_MAC] Frame.Slot 512.0
UE RNTI 4fe0 CU-UE-ID 1 in-sync PH 48 dB PCMAX 20 dBm, average RSRP -43 (16 meas)
UE 4fe0: dlsch_rounds 433/0/0/0, dlsch_errors 0, pucch0_DTX 0 (SNR 16.2+1.2) RSSI -37.3, BLER 0.00000 MCS (0) 0 (Qm 2) CCE fail 1
UE 4fe0: ulsch_rounds 2848/0/0/0, ulsch_errors 0, ulsch_DTX 0, BLER 0.00000 MCS (0) 0 (Qm 2 deltaMCS 0) NPRB 5 SNR 22.8 (+2.8) RSSI -41.3 CCE fail 0
UE 4fe0: LCID 1,2,4, goodput DL    0.00 UL    0.00 Mbps

[0m[12:12:11.320560] [NR_MAC] Frame.Slot 640.0
UE RNTI 4fe0 CU-UE-ID 1 in-sync PH 48 dB PCMAX 20 dBm, average RSRP -43 (16 meas)
UE 4fe0: dlsch_rounds 435/0/0/0, dlsch_errors 0, pucch0_DTX 0 (SNR 16.2+1.2) RSSI -37.3, BLER 0.00000 MCS (0) 0 (Qm 2) CCE fail 1
UE 4fe0: ulsch_rounds 2864/0/0/0, ulsch_errors 0, ulsch_DTX 0, BLER 0.00000 MCS (0) 0 (Qm 2 deltaMCS 0) NPRB 5 SNR 22.4 (+2.4) RSSI -41.4 CCE fail 0
UE 4fe0: LCID 1,2,4, goodput DL    0.00 UL    0.00 Mbps

[0m[12:12:11.785762] [NR_MAC] Frame.Slot 768.0
UE RNTI 4fe0 CU-UE-ID 1 in-sync PH 48 dB PCMAX 20 dBm, average RSRP -43 (16 meas)
UE 4fe0: dlsch_rounds 437/0/0/0, dlsch_errors 0, pucch0_DTX 0 (SNR 16.2+1.2) RSSI -37.3, BLER 0.00000 MCS (0) 0 (Qm 2) CCE fail 1
UE 4fe0: ulsch_rounds 2880/0/0/0, ulsch_errors 0, ulsch_DTX 0, BLER 0.00000 MCS (0) 0 (Qm 2 deltaMCS 0) NPRB 5 SNR 22.2 (+2.2) RSSI -41.5 CCE fail 0
UE 4fe0: LCID 1,2,4, goodput DL    0.00 UL    0.00 Mbps

[0m[12:12:12.246281] [NR_MAC] Frame.Slot 896.0
UE RNTI 4fe0 CU-UE-ID 1 in-sync PH 48 dB PCMAX 20 dBm, average RSRP -43 (16 meas)
UE 4fe0: dlsch_rounds 439/0/0/0, dlsch_errors 0, pucch0_DTX 0 (SNR 16.2+1.2) RSSI -37.3, BLER 0.00000 MCS (0) 0 (Qm 2) CCE fail 1
UE 4fe0: ulsch_rounds 2896/0/0/0, ulsch_errors 0, ulsch_DTX 0, BLER 0.00000 MCS (0) 0 (Qm 2 deltaMCS 0) NPRB 5 SNR 21.9 (+1.9) RSSI -41.5 CCE fail 0
UE 4fe0: LCID 1,2,4, goodput DL    0.00 UL    0.00 Mbps

[0m[12:12:12.708908] [NR_MAC] Frame.Slot 0.0
UE RNTI 4fe0 CU-UE-ID 1 in-sync PH 48 dB PCMAX 20 dBm, average RSRP -43 (16 meas)
UE 4fe0: dlsch_rounds 443/0/0/0, dlsch_errors 0, pucch0_DTX 0 (SNR 16.2+1.2) RSSI -37.3, BLER 0.00000 MCS (0) 0 (Qm 2) CCE fail 1
UE 4fe0: ulsch_rounds 2916/0/0/0, ulsch_errors 0, ulsch_DTX 0, BLER 0.00000 MCS (0) 0 (Qm 2 deltaMCS 0) NPRB 5 SNR 23.5 (+3.5) RSSI -41.5 CCE fail 0
UE 4fe0: LCID 1,2,4, goodput DL    0.00 UL    0.00 Mbps

[0m[12:12:13.170277] [NR_MAC] Frame.Slot 128.0
UE RNTI 4fe0 CU-UE-ID 1 in-sync PH 48 dB PCMAX 20 dBm, average RSRP -43 (16 meas)
UE 4fe0: dlsch_rounds 445/0/0/0, dlsch_errors 0, pucch0_DTX 0 (SNR 16.2+1.2) RSSI -37.3, BLER 0.00000 MCS (0) 0 (Qm 2) CCE fail 1
UE 4fe0: ulsch_rounds 2932/0/0/0, ulsch_errors 0, ulsch_DTX 0, BLER 0.00000 MCS (0) 0 (Qm 2 deltaMCS 0) NPRB 5 SNR 22.2 (+2.2) RSSI -41.5 CCE fail 0
UE 4fe0: LCID 1,2,4, goodput DL    0.00 UL    0.00 Mbps

[0m[12:12:13.635083] [NR_MAC] Frame.Slot 256.0
UE RNTI 4fe0 CU-UE-ID 1 in-sync PH 48 dB PCMAX 20 dBm, average RSRP -43 (16 meas)
UE 4fe0: dlsch_rounds 447/0/0/0, dlsch_errors 0, pucch0_DTX 0 (SNR 16.2+1.2) RSSI -37.3, BLER 0.00000 MCS (0) 0 (Qm 2) CCE fail 1
UE 4fe0: ulsch_rounds 2949/0/0/0, ulsch_errors 0, ulsch_DTX 0, BLER 0.00000 MCS (0) 0 (Qm 2 deltaMCS 0) NPRB 5 SNR 22.6 (+2.6) RSSI -41.6 CCE fail 0
UE 4fe0: LCID 1,2,4, goodput DL    0.00 UL    0.00 Mbps

[0m[12:12:14.098955] [NR_MAC] Frame.Slot 384.0
UE RNTI 4fe0 CU-UE-ID 1 in-sync PH 48 dB PCMAX 20 dBm, average RSRP -43 (16 meas)
UE 4fe0: dlsch_rounds 450/0/0/0, dlsch_errors 0, pucch0_DTX 0 (SNR 16.2+1.2) RSSI -37.3, BLER 0.00000 MCS (0) 0 (Qm 2) CCE fail 1
UE 4fe0: ulsch_rounds 2965/0/0/0, ulsch_errors 0, ulsch_DTX 0, BLER 0.00000 MCS (0) 0 (Qm 2 deltaMCS 0) NPRB 5 SNR 22.3 (+2.3) RSSI -41.6 CCE fail 0
UE 4fe0: LCID 1,2,4, goodput DL    0.00 UL    0.00 Mbps

[0m[12:12:14.590690] [NR_MAC] Frame.Slot 512.0
UE RNTI 4fe0 CU-UE-ID 1 in-sync PH 48 dB PCMAX 20 dBm, average RSRP -43 (16 meas)
UE 4fe0: dlsch_rounds 453/0/0/0, dlsch_errors 0, pucch0_DTX 0 (SNR 16.2+1.2) RSSI -37.3, BLER 0.00000 MCS (0) 0 (Qm 2) CCE fail 1
UE 4fe0: ulsch_rounds 2985/0/0/0, ulsch_errors 0, ulsch_DTX 0, BLER 0.00000 MCS (0) 1 (Qm 2 deltaMCS 0) NPRB 5 SNR 23.0 (+3.0) RSSI -41.5 CCE fail 0
UE 4fe0: LCID 1,2,4, goodput DL    0.00 UL    0.00 Mbps

[0m[12:12:15.054062] [NR_MAC] Frame.Slot 640.0
UE RNTI 4fe0 CU-UE-ID 1 in-sync PH 48 dB PCMAX 20 dBm, average RSRP -43 (16 meas)
UE 4fe0: dlsch_rounds 455/0/0/0, dlsch_errors 0, pucch0_DTX 0 (SNR 16.2+1.2) RSSI -37.3, BLER 0.00000 MCS (0) 0 (Qm 2) CCE fail 1
UE 4fe0: ulsch_rounds 3002/0/0/0, ulsch_errors 0, ulsch_DTX 0, BLER 0.00000 MCS (0) 0 (Qm 2 deltaMCS 0) NPRB 5 SNR 22.4 (+2.4) RSSI -41.5 CCE fail 0
UE 4fe0: LCID 1,2,4, goodput DL    0.00 UL    0.00 Mbps

[0m[12:12:15.524311] [NR_MAC] Frame.Slot 768.0
UE RNTI 4fe0 CU-UE-ID 1 in-sync PH 48 dB PCMAX 20 dBm, average RSRP -43 (16 meas)
UE 4fe0: dlsch_rounds 457/0/0/0, dlsch_errors 0, pucch0_DTX 0 (SNR 16.2+1.2) RSSI -37.3, BLER 0.00000 MCS (0) 0 (Qm 2) CCE fail 1
UE 4fe0: ulsch_rounds 3017/0/0/0, ulsch_errors 0, ulsch_DTX 0, BLER 0.00000 MCS (0) 0 (Qm 2 deltaMCS 0) NPRB 5 SNR 22.4 (+2.4) RSSI -41.5 CCE fail 0
UE 4fe0: LCID 1,2,4, goodput DL    0.00 UL    0.00 Mbps

[0m[12:12:15.999817] [NR_MAC] Frame.Slot 896.0
UE RNTI 4fe0 CU-UE-ID 1 in-sync PH 48 dB PCMAX 20 dBm, average RSRP -43 (16 meas)
UE 4fe0: dlsch_rounds 460/0/0/0, dlsch_errors 0, pucch0_DTX 0 (SNR 16.2+1.2) RSSI -37.3, BLER 0.00000 MCS (0) 0 (Qm 2) CCE fail 1
UE 4fe0: ulsch_rounds 3034/0/0/0, ulsch_errors 0, ulsch_DTX 0, BLER 0.00000 MCS (0) 0 (Qm 2 deltaMCS 0) NPRB 5 SNR 21.9 (+1.9) RSSI -41.5 CCE fail 0
UE 4fe0: LCID 1,2,4, goodput DL    0.00 UL    0.00 Mbps

[0m[12:12:16.469725] [NR_MAC] Frame.Slot 0.0
UE RNTI 4fe0 CU-UE-ID 1 in-sync PH 48 dB PCMAX 20 dBm, average RSRP -43 (16 meas)
UE 4fe0: dlsch_rounds 463/0/0/0, dlsch_errors 0, pucch0_DTX 0 (SNR 16.2+1.2) RSSI -37.3, BLER 0.00000 MCS (0) 0 (Qm 2) CCE fail 1
UE 4fe0: ulsch_rounds 3054/0/0/0, ulsch_errors 0, ulsch_DTX 0, BLER 0.00000 MCS (0) 1 (Qm 2 deltaMCS 0) NPRB 5 SNR 23.4 (+3.4) RSSI -41.5 CCE fail 0
UE 4fe0: LCID 1,2,4, goodput DL    0.00 UL    0.00 Mbps

[0m[12:12:16.937977] [NR_MAC] Frame.Slot 128.0
UE RNTI 4fe0 CU-UE-ID 1 in-sync PH 48 dB PCMAX 20 dBm, average RSRP -43 (16 meas)
UE 4fe0: dlsch_rounds 465/0/0/0, dlsch_errors 0, pucch0_DTX 0 (SNR 16.2+1.2) RSSI -37.3, BLER 0.00000 MCS (0) 0 (Qm 2) CCE fail 1
UE 4fe0: ulsch_rounds 3070/0/0/0, ulsch_errors 0, ulsch_DTX 0, BLER 0.00000 MCS (0) 0 (Qm 2 deltaMCS 0) NPRB 5 SNR 22.1 (+2.1) RSSI -41.5 CCE fail 0
UE 4fe0: LCID 1,2,4, goodput DL    0.00 UL    0.00 Mbps

[0m[12:12:17.403413] [NR_MAC] Frame.Slot 256.0
UE RNTI 4fe0 CU-UE-ID 1 in-sync PH 48 dB PCMAX 20 dBm, average RSRP -43 (16 meas)
UE 4fe0: dlsch_rounds 467/0/0/0, dlsch_errors 0, pucch0_DTX 0 (SNR 16.2+1.2) RSSI -37.3, BLER 0.00000 MCS (0) 0 (Qm 2) CCE fail 1
UE 4fe0: ulsch_rounds 3086/0/0/0, ulsch_errors 0, ulsch_DTX 0, BLER 0.00000 MCS (0) 0 (Qm 2 deltaMCS 0) NPRB 5 SNR 21.9 (+1.9) RSSI -41.5 CCE fail 0
UE 4fe0: LCID 1,2,4, goodput DL    0.00 UL    0.00 Mbps

[0m[12:12:17.870397] [NR_MAC] Frame.Slot 384.0
UE RNTI 4fe0 CU-UE-ID 1 in-sync PH 48 dB PCMAX 20 dBm, average RSRP -43 (16 meas)
UE 4fe0: dlsch_rounds 470/0/0/0, dlsch_errors 0, pucch0_DTX 0 (SNR 16.2+1.2) RSSI -37.3, BLER 0.00000 MCS (0) 0 (Qm 2) CCE fail 1
UE 4fe0: ulsch_rounds 3102/0/0/0, ulsch_errors 0, ulsch_DTX 0, BLER 0.00000 MCS (0) 0 (Qm 2 deltaMCS 0) NPRB 5 SNR 22.6 (+2.6) RSSI -41.6 CCE fail 0
UE 4fe0: LCID 1,2,4, goodput DL    0.00 UL    0.00 Mbps

[0m[12:12:18.339632] [NR_MAC] Frame.Slot 512.0
UE RNTI 4fe0 CU-UE-ID 1 in-sync PH 48 dB PCMAX 20 dBm, average RSRP -43 (16 meas)
UE 4fe0: dlsch_rounds 473/0/0/0, dlsch_errors 0, pucch0_DTX 0 (SNR 16.2+1.2) RSSI -37.3, BLER 0.00000 MCS (0) 0 (Qm 2) CCE fail 1
UE 4fe0: ulsch_rounds 3121/0/0/0, ulsch_errors 0, ulsch_DTX 0, BLER 0.00000 MCS (0) 1 (Qm 2 deltaMCS 0) NPRB 5 SNR 22.5 (+2.5) RSSI -41.4 CCE fail 0
UE 4fe0: LCID 1,2,4, goodput DL    0.00 UL    0.00 Mbps

[0m[12:12:18.808241] [NR_MAC] Frame.Slot 640.0
UE RNTI 4fe0 CU-UE-ID 1 in-sync PH 48 dB PCMAX 20 dBm, average RSRP -43 (16 meas)
UE 4fe0: dlsch_rounds 475/0/0/0, dlsch_errors 0, pucch0_DTX 0 (SNR 16.2+1.2) RSSI -37.3, BLER 0.00000 MCS (0) 0 (Qm 2) CCE fail 1
UE 4fe0: ulsch_rounds 3137/0/0/0, ulsch_errors 0, ulsch_DTX 0, BLER 0.00000 MCS (0) 0 (Qm 2 deltaMCS 0) NPRB 5 SNR 23.2 (+3.2) RSSI -41.4 CCE fail 0
UE 4fe0: LCID 1,2,4, goodput DL    0.00 UL    0.00 Mbps

[0m[12:12:19.288001] [NR_MAC] Frame.Slot 768.0
UE RNTI 4fe0 CU-UE-ID 1 in-sync PH 48 dB PCMAX 20 dBm, average RSRP -43 (16 meas)
UE 4fe0: dlsch_rounds 478/0/0/0, dlsch_errors 0, pucch0_DTX 0 (SNR 16.2+1.2) RSSI -37.3, BLER 0.00000 MCS (0) 0 (Qm 2) CCE fail 1
UE 4fe0: ulsch_rounds 3154/0/0/0, ulsch_errors 0, ulsch_DTX 0, BLER 0.00000 MCS (0) 0 (Qm 2 deltaMCS 0) NPRB 5 SNR 22.6 (+2.6) RSSI -41.5 CCE fail 0
UE 4fe0: LCID 1,2,4, goodput DL    0.00 UL    0.00 Mbps

[0m[12:12:19.761435] [NR_MAC] Frame.Slot 896.0
UE RNTI 4fe0 CU-UE-ID 1 in-sync PH 48 dB PCMAX 20 dBm, average RSRP -43 (16 meas)
UE 4fe0: dlsch_rounds 480/0/0/0, dlsch_errors 0, pucch0_DTX 0 (SNR 16.2+1.2) RSSI -37.3, BLER 0.00000 MCS (0) 0 (Qm 2) CCE fail 1
UE 4fe0: ulsch_rounds 3170/0/0/0, ulsch_errors 0, ulsch_DTX 0, BLER 0.00000 MCS (0) 0 (Qm 2 deltaMCS 0) NPRB 5 SNR 22.3 (+2.3) RSSI -41.5 CCE fail 0
UE 4fe0: LCID 1,2,4, goodput DL    0.00 UL    0.00 Mbps

[0m[12:12:20.235477] [NR_MAC] Frame.Slot 0.0
UE RNTI 4fe0 CU-UE-ID 1 in-sync PH 48 dB PCMAX 20 dBm, average RSRP -43 (16 meas)
UE 4fe0: dlsch_rounds 483/0/0/0, dlsch_errors 0, pucch0_DTX 0 (SNR 16.2+1.2) RSSI -37.3, BLER 0.00000 MCS (0) 0 (Qm 2) CCE fail 1
UE 4fe0: ulsch_rounds 3189/0/0/0, ulsch_errors 0, ulsch_DTX 0, BLER 0.00000 MCS (0) 0 (Qm 2 deltaMCS 0) NPRB 5 SNR 23.3 (+3.3) RSSI -41.5 CCE fail 0
UE 4fe0: LCID 1,2,4, goodput DL    0.00 UL    0.00 Mbps

[0m[12:12:20.726940] [NR_MAC] Frame.Slot 128.0
UE RNTI 4fe0 CU-UE-ID 1 in-sync PH 48 dB PCMAX 20 dBm, average RSRP -43 (16 meas)
UE 4fe0: dlsch_rounds 485/0/0/0, dlsch_errors 0, pucch0_DTX 0 (SNR 16.2+1.2) RSSI -37.3, BLER 0.00000 MCS (0) 0 (Qm 2) CCE fail 1
UE 4fe0: ulsch_rounds 3205/0/0/0, ulsch_errors 0, ulsch_DTX 0, BLER 0.00000 MCS (0) 0 (Qm 2 deltaMCS 0) NPRB 5 SNR 22.0 (+2.0) RSSI -41.5 CCE fail 0
UE 4fe0: LCID 1,2,4, goodput DL    0.00 UL    0.00 Mbps

[0m[12:12:21.230156] [NR_MAC] Frame.Slot 256.0
UE RNTI 4fe0 CU-UE-ID 1 in-sync PH 48 dB PCMAX 20 dBm, average RSRP -43 (16 meas)
UE 4fe0: dlsch_rounds 488/0/0/0, dlsch_errors 0, pucch0_DTX 0 (SNR 16.2+1.2) RSSI -37.3, BLER 0.00000 MCS (0) 0 (Qm 2) CCE fail 1
UE 4fe0: ulsch_rounds 3221/0/0/0, ulsch_errors 0, ulsch_DTX 0, BLER 0.00000 MCS (0) 0 (Qm 2 deltaMCS 0) NPRB 5 SNR 22.6 (+2.6) RSSI -41.5 CCE fail 0
UE 4fe0: LCID 1,2,4, goodput DL    0.00 UL    0.00 Mbps

[0m[12:12:21.738429] [NR_MAC] Frame.Slot 384.0
UE RNTI 4fe0 CU-UE-ID 1 in-sync PH 48 dB PCMAX 20 dBm, average RSRP -43 (16 meas)
UE 4fe0: dlsch_rounds 490/0/0/0, dlsch_errors 0, pucch0_DTX 0 (SNR 16.2+1.2) RSSI -37.3, BLER 0.00000 MCS (0) 0 (Qm 2) CCE fail 1
UE 4fe0: ulsch_rounds 3238/0/0/0, ulsch_errors 0, ulsch_DTX 0, BLER 0.00000 MCS (0) 0 (Qm 2 deltaMCS 0) NPRB 5 SNR 22.1 (+2.1) RSSI -41.5 CCE fail 0
UE 4fe0: LCID 1,2,4, goodput DL    0.00 UL    0.00 Mbps

[0m[12:12:22.257950] [NR_MAC] Frame.Slot 512.0
UE RNTI 4fe0 CU-UE-ID 1 in-sync PH 48 dB PCMAX 20 dBm, average RSRP -43 (16 meas)
UE 4fe0: dlsch_rounds 493/0/0/0, dlsch_errors 0, pucch0_DTX 0 (SNR 16.2+1.2) RSSI -37.3, BLER 0.00000 MCS (0) 0 (Qm 2) CCE fail 1
UE 4fe0: ulsch_rounds 3258/0/0/0, ulsch_errors 0, ulsch_DTX 0, BLER 0.00000 MCS (0) 0 (Qm 2 deltaMCS 0) NPRB 5 SNR 23.7 (+3.7) RSSI -41.5 CCE fail 0
UE 4fe0: LCID 1,2,4, goodput DL    0.00 UL    0.00 Mbps

[0m[12:12:22.769856] [NR_MAC] Frame.Slot 640.0
UE RNTI 4fe0 CU-UE-ID 1 in-sync PH 48 dB PCMAX 20 dBm, average RSRP -43 (16 meas)
UE 4fe0: dlsch_rounds 496/0/0/0, dlsch_errors 0, pucch0_DTX 0 (SNR 16.2+1.2) RSSI -37.3, BLER 0.00000 MCS (0) 0 (Qm 2) CCE fail 1
UE 4fe0: ulsch_rounds 3275/0/0/0, ulsch_errors 0, ulsch_DTX 0, BLER 0.00000 MCS (0) 0 (Qm 2 deltaMCS 0) NPRB 5 SNR 23.0 (+3.0) RSSI -41.5 CCE fail 0
UE 4fe0: LCID 1,2,4, goodput DL    0.00 UL    0.00 Mbps

[0m[12:12:23.270641] [NR_MAC] Frame.Slot 768.0
UE RNTI 4fe0 CU-UE-ID 1 in-sync PH 48 dB PCMAX 20 dBm, average RSRP -43 (16 meas)
UE 4fe0: dlsch_rounds 498/0/0/0, dlsch_errors 0, pucch0_DTX 0 (SNR 16.2+1.2) RSSI -37.3, BLER 0.00000 MCS (0) 0 (Qm 2) CCE fail 1
UE 4fe0: ulsch_rounds 3291/0/0/0, ulsch_errors 0, ulsch_DTX 0, BLER 0.00000 MCS (0) 0 (Qm 2 deltaMCS 0) NPRB 5 SNR 22.6 (+2.6) RSSI -41.5 CCE fail 0
UE 4fe0: LCID 1,2,4, goodput DL    0.00 UL    0.00 Mbps

[0m[12:12:23.765133] [NR_MAC] Frame.Slot 896.0
UE RNTI 4fe0 CU-UE-ID 1 in-sync PH 48 dB PCMAX 20 dBm, average RSRP -43 (16 meas)
UE 4fe0: dlsch_rounds 500/0/0/0, dlsch_errors 0, pucch0_DTX 0 (SNR 16.2+1.2) RSSI -37.3, BLER 0.00000 MCS (0) 0 (Qm 2) CCE fail 1
UE 4fe0: ulsch_rounds 3308/0/0/0, ulsch_errors 0, ulsch_DTX 0, BLER 0.00000 MCS (0) 0 (Qm 2 deltaMCS 0) NPRB 5 SNR 22.1 (+2.1) RSSI -41.5 CCE fail 0
UE 4fe0: LCID 1,2,4, goodput DL    0.00 UL    0.00 Mbps

[0m[12:12:24.281301] [NR_MAC] Frame.Slot 0.0
UE RNTI 4fe0 CU-UE-ID 1 in-sync PH 48 dB PCMAX 20 dBm, average RSRP -43 (16 meas)
UE 4fe0: dlsch_rounds 503/0/0/0, dlsch_errors 0, pucch0_DTX 0 (SNR 16.2+1.2) RSSI -37.3, BLER 0.00000 MCS (0) 0 (Qm 2) CCE fail 1
UE 4fe0: ulsch_rounds 3328/0/0/0, ulsch_errors 0, ulsch_DTX 0, BLER 0.00000 MCS (0) 0 (Qm 2 deltaMCS 0) NPRB 5 SNR 23.7 (+3.7) RSSI -41.5 CCE fail 0
UE 4fe0: LCID 1,2,4, goodput DL    0.00 UL    0.00 Mbps

[0m[12:12:24.812122] [NR_MAC] Frame.Slot 128.0
UE RNTI 4fe0 CU-UE-ID 1 in-sync PH 48 dB PCMAX 20 dBm, average RSRP -43 (16 meas)
UE 4fe0: dlsch_rounds 506/0/0/0, dlsch_errors 0, pucch0_DTX 0 (SNR 16.2+1.2) RSSI -37.3, BLER 0.00000 MCS (0) 0 (Qm 2) CCE fail 1
UE 4fe0: ulsch_rounds 3343/0/0/0, ulsch_errors 0, ulsch_DTX 0, BLER 0.00000 MCS (0) 0 (Qm 2 deltaMCS 0) NPRB 5 SNR 22.7 (+2.7) RSSI -41.5 CCE fail 0
UE 4fe0: LCID 1,2,4, goodput DL    0.00 UL    0.00 Mbps

[0m[12:12:25.324976] [NR_MAC] Frame.Slot 256.0
UE RNTI 4fe0 CU-UE-ID 1 in-sync PH 48 dB PCMAX 20 dBm, average RSRP -43 (16 meas)
UE 4fe0: dlsch_rounds 508/0/0/0, dlsch_errors 0, pucch0_DTX 0 (SNR 16.2+1.2) RSSI -37.3, BLER 0.00000 MCS (0) 0 (Qm 2) CCE fail 1
UE 4fe0: ulsch_rounds 3360/0/0/0, ulsch_errors 0, ulsch_DTX 0, BLER 0.00000 MCS (0) 0 (Qm 2 deltaMCS 0) NPRB 5 SNR 22.1 (+2.1) RSSI -41.5 CCE fail 0
UE 4fe0: LCID 1,2,4, goodput DL    0.00 UL    0.00 Mbps

[0m[12:12:25.843776] [NR_MAC] Frame.Slot 384.0
UE RNTI 4fe0 CU-UE-ID 1 in-sync PH 48 dB PCMAX 20 dBm, average RSRP -43 (16 meas)
UE 4fe0: dlsch_rounds 510/0/0/0, dlsch_errors 0, pucch0_DTX 0 (SNR 16.2+1.2) RSSI -37.3, BLER 0.00000 MCS (0) 0 (Qm 2) CCE fail 1
UE 4fe0: ulsch_rounds 3376/0/0/0, ulsch_errors 0, ulsch_DTX 0, BLER 0.00000 MCS (0) 0 (Qm 2 deltaMCS 0) NPRB 5 SNR 21.8 (+1.8) RSSI -41.6 CCE fail 0
UE 4fe0: LCID 1,2,4, goodput DL    0.00 UL    0.00 Mbps

[0m[12:12:26.385444] [NR_MAC] Frame.Slot 512.0
UE RNTI 4fe0 CU-UE-ID 1 in-sync PH 48 dB PCMAX 20 dBm, average RSRP -43 (16 meas)
UE 4fe0: dlsch_rounds 514/0/0/0, dlsch_errors 0, pucch0_DTX 0 (SNR 16.2+1.2) RSSI -37.3, BLER 0.00000 MCS (0) 0 (Qm 2) CCE fail 1
UE 4fe0: ulsch_rounds 3397/0/0/0, ulsch_errors 0, ulsch_DTX 0, BLER 0.00000 MCS (0) 0 (Qm 2 deltaMCS 0) NPRB 5 SNR 24.0 (+4.0) RSSI -41.5 CCE fail 0
UE 4fe0: LCID 1,2,4, goodput DL    0.00 UL    0.00 Mbps

[0m[12:12:26.916121] [NR_MAC] Frame.Slot 640.0
UE RNTI 4fe0 CU-UE-ID 1 in-sync PH 48 dB PCMAX 20 dBm, average RSRP -43 (16 meas)
UE 4fe0: dlsch_rounds 516/0/0/0, dlsch_errors 0, pucch0_DTX 0 (SNR 16.2+1.2) RSSI -37.3, BLER 0.00000 MCS (0) 0 (Qm 2) CCE fail 1
UE 4fe0: ulsch_rounds 3413/0/0/0, ulsch_errors 0, ulsch_DTX 0, BLER 0.00000 MCS (0) 0 (Qm 2 deltaMCS 0) NPRB 5 SNR 22.7 (+2.7) RSSI -41.5 CCE fail 0
UE 4fe0: LCID 1,2,4, goodput DL    0.00 UL    0.00 Mbps

[0m[12:12:27.423275] [NR_MAC] Frame.Slot 768.0
UE RNTI 4fe0 CU-UE-ID 1 in-sync PH 48 dB PCMAX 20 dBm, average RSRP -43 (16 meas)
UE 4fe0: dlsch_rounds 518/0/0/0, dlsch_errors 0, pucch0_DTX 0 (SNR 16.2+1.2) RSSI -37.3, BLER 0.00000 MCS (0) 0 (Qm 2) CCE fail 1
UE 4fe0: ulsch_rounds 3430/0/0/0, ulsch_errors 0, ulsch_DTX 0, BLER 0.00000 MCS (0) 0 (Qm 2 deltaMCS 0) NPRB 5 SNR 22.1 (+2.1) RSSI -41.5 CCE fail 0
UE 4fe0: LCID 1,2,4, goodput DL    0.00 UL    0.00 Mbps

[0m[12:12:27.922064] [NR_MAC] Frame.Slot 896.0
UE RNTI 4fe0 CU-UE-ID 1 in-sync PH 48 dB PCMAX 20 dBm, average RSRP -43 (16 meas)
UE 4fe0: dlsch_rounds 520/0/0/0, dlsch_errors 0, pucch0_DTX 0 (SNR 16.2+1.2) RSSI -37.3, BLER 0.00000 MCS (0) 0 (Qm 2) CCE fail 1
UE 4fe0: ulsch_rounds 3446/0/0/0, ulsch_errors 0, ulsch_DTX 0, BLER 0.00000 MCS (0) 0 (Qm 2 deltaMCS 0) NPRB 5 SNR 21.8 (+1.8) RSSI -41.6 CCE fail 0
UE 4fe0: LCID 1,2,4, goodput DL    0.00 UL    0.00 Mbps

[0m[12:12:28.440207] [NR_MAC] Frame.Slot 0.0
UE RNTI 4fe0 CU-UE-ID 1 in-sync PH 48 dB PCMAX 20 dBm, average RSRP -43 (16 meas)
UE 4fe0: dlsch_rounds 523/0/0/0, dlsch_errors 0, pucch0_DTX 0 (SNR 16.2+1.2) RSSI -37.3, BLER 0.00000 MCS (0) 0 (Qm 2) CCE fail 1
UE 4fe0: ulsch_rounds 3463/0/0/0, ulsch_errors 0, ulsch_DTX 0, BLER 0.00000 MCS (0) 0 (Qm 2 deltaMCS 0) NPRB 5 SNR 22.2 (+2.2) RSSI -41.6 CCE fail 0
UE 4fe0: LCID 1,2,4, goodput DL    0.00 UL    0.00 Mbps

[0m[12:12:28.963799] [NR_MAC] Frame.Slot 128.0
UE RNTI 4fe0 CU-UE-ID 1 in-sync PH 48 dB PCMAX 20 dBm, average RSRP -43 (16 meas)
UE 4fe0: dlsch_rounds 526/0/0/0, dlsch_errors 0, pucch0_DTX 0 (SNR 16.2+1.2) RSSI -37.3, BLER 0.00000 MCS (0) 0 (Qm 2) CCE fail 1
UE 4fe0: ulsch_rounds 3482/0/0/0, ulsch_errors 0, ulsch_DTX 0, BLER 0.00000 MCS (0) 0 (Qm 2 deltaMCS 0) NPRB 5 SNR 22.0 (+2.0) RSSI -41.4 CCE fail 0
UE 4fe0: LCID 1,2,4, goodput DL    0.00 UL    0.00 Mbps

[0m[12:12:29.474483] [NR_MAC] Frame.Slot 256.0
UE RNTI 4fe0 CU-UE-ID 1 in-sync PH 48 dB PCMAX 20 dBm, average RSRP -43 (16 meas)
UE 4fe0: dlsch_rounds 528/0/0/0, dlsch_errors 0, pucch0_DTX 0 (SNR 16.2+1.2) RSSI -37.3, BLER 0.00000 MCS (0) 0 (Qm 2) CCE fail 1
UE 4fe0: ulsch_rounds 3498/0/0/0, ulsch_errors 0, ulsch_DTX 0, BLER 0.00000 MCS (0) 0 (Qm 2 deltaMCS 0) NPRB 5 SNR 22.6 (+2.6) RSSI -41.5 CCE fail 0
UE 4fe0: LCID 1,2,4, goodput DL    0.00 UL    0.00 Mbps

[0m[12:12:29.979851] [NR_MAC] Frame.Slot 384.0
UE RNTI 4fe0 CU-UE-ID 1 in-sync PH 48 dB PCMAX 20 dBm, average RSRP -43 (16 meas)
UE 4fe0: dlsch_rounds 530/0/0/0, dlsch_errors 0, pucch0_DTX 0 (SNR 16.2+1.2) RSSI -37.3, BLER 0.00000 MCS (0) 0 (Qm 2) CCE fail 1
UE 4fe0: ulsch_rounds 3515/0/0/0, ulsch_errors 0, ulsch_DTX 0, BLER 0.00000 MCS (0) 0 (Qm 2 deltaMCS 0) NPRB 5 SNR 22.0 (+2.0) RSSI -41.5 CCE fail 0
UE 4fe0: LCID 1,2,4, goodput DL    0.00 UL    0.00 Mbps

[0m[12:12:30.493342] [NR_MAC] Frame.Slot 512.0
UE RNTI 4fe0 CU-UE-ID 1 in-sync PH 48 dB PCMAX 20 dBm, average RSRP -43 (16 meas)
UE 4fe0: dlsch_rounds 533/0/0/0, dlsch_errors 0, pucch0_DTX 0 (SNR 16.2+1.2) RSSI -37.3, BLER 0.00000 MCS (0) 0 (Qm 2) CCE fail 1
UE 4fe0: ulsch_rounds 3531/0/0/0, ulsch_errors 0, ulsch_DTX 0, BLER 0.00000 MCS (0) 0 (Qm 2 deltaMCS 0) NPRB 5 SNR 22.6 (+2.6) RSSI -41.6 CCE fail 0
UE 4fe0: LCID 1,2,4, goodput DL    0.00 UL    0.00 Mbps

[0m[12:12:30.993649] [NR_MAC] Frame.Slot 640.0
UE RNTI 4fe0 CU-UE-ID 1 in-sync PH 48 dB PCMAX 20 dBm, average RSRP -43 (16 meas)
UE 4fe0: dlsch_rounds 536/0/0/0, dlsch_errors 0, pucch0_DTX 0 (SNR 16.2+1.2) RSSI -37.3, BLER 0.00000 MCS (0) 0 (Qm 2) CCE fail 1
UE 4fe0: ulsch_rounds 3551/0/0/0, ulsch_errors 0, ulsch_DTX 0, BLER 0.00000 MCS (0) 1 (Qm 2 deltaMCS 0) NPRB 5 SNR 23.2 (+3.2) RSSI -41.5 CCE fail 0
UE 4fe0: LCID 1,2,4, goodput DL    0.00 UL    0.00 Mbps

[0m[12:12:31.537233] [NR_MAC] Frame.Slot 768.0
UE RNTI 4fe0 CU-UE-ID 1 in-sync PH 48 dB PCMAX 20 dBm, average RSRP -43 (16 meas)
UE 4fe0: dlsch_rounds 538/0/0/0, dlsch_errors 0, pucch0_DTX 0 (SNR 16.2+1.2) RSSI -37.3, BLER 0.00000 MCS (0) 0 (Qm 2) CCE fail 1
UE 4fe0: ulsch_rounds 3568/0/0/0, ulsch_errors 0, ulsch_DTX 0, BLER 0.00000 MCS (0) 0 (Qm 2 deltaMCS 0) NPRB 5 SNR 22.6 (+2.6) RSSI -41.5 CCE fail 0
UE 4fe0: LCID 1,2,4, goodput DL    0.00 UL    0.00 Mbps

[0m[12:12:32.059192] [NR_MAC] Frame.Slot 896.0
UE RNTI 4fe0 CU-UE-ID 1 in-sync PH 48 dB PCMAX 20 dBm, average RSRP -43 (16 meas)
UE 4fe0: dlsch_rounds 541/0/0/0, dlsch_errors 0, pucch0_DTX 0 (SNR 16.2+1.2) RSSI -37.3, BLER 0.00000 MCS (0) 0 (Qm 2) CCE fail 1
UE 4fe0: ulsch_rounds 3584/0/0/0, ulsch_errors 0, ulsch_DTX 0, BLER 0.00000 MCS (0) 0 (Qm 2 deltaMCS 0) NPRB 5 SNR 22.2 (+2.2) RSSI -41.5 CCE fail 0
UE 4fe0: LCID 1,2,4, goodput DL    0.00 UL    0.00 Mbps

[0m[12:12:32.567363] [NR_MAC] Frame.Slot 0.0
UE RNTI 4fe0 CU-UE-ID 1 in-sync PH 48 dB PCMAX 20 dBm, average RSRP -43 (16 meas)
UE 4fe0: dlsch_rounds 543/0/0/0, dlsch_errors 0, pucch0_DTX 0 (SNR 16.2+1.2) RSSI -37.3, BLER 0.00000 MCS (0) 0 (Qm 2) CCE fail 1
UE 4fe0: ulsch_rounds 3600/0/0/0, ulsch_errors 0, ulsch_DTX 0, BLER 0.00000 MCS (0) 0 (Qm 2 deltaMCS 0) NPRB 5 SNR 22.0 (+2.0) RSSI -41.5 CCE fail 0
UE 4fe0: LCID 1,2,4, goodput DL    0.00 UL    0.00 Mbps

[0m[12:12:33.084267] [NR_MAC] Frame.Slot 128.0
UE RNTI 4fe0 CU-UE-ID 1 in-sync PH 48 dB PCMAX 20 dBm, average RSRP -43 (16 meas)
UE 4fe0: dlsch_rounds 546/0/0/0, dlsch_errors 0, pucch0_DTX 0 (SNR 16.2+1.2) RSSI -37.3, BLER 0.00000 MCS (0) 0 (Qm 2) CCE fail 1
UE 4fe0: ulsch_rounds 3619/0/0/0, ulsch_errors 0, ulsch_DTX 0, BLER 0.00000 MCS (0) 1 (Qm 2 deltaMCS 0) NPRB 5 SNR 22.8 (+2.8) RSSI -41.4 CCE fail 0
UE 4fe0: LCID 1,2,4, goodput DL    0.00 UL    0.00 Mbps

[0m[12:12:33.626774] [NR_MAC] Frame.Slot 256.0
UE RNTI 4fe0 CU-UE-ID 1 in-sync PH 48 dB PCMAX 20 dBm, average RSRP -43 (16 meas)
UE 4fe0: dlsch_rounds 548/0/0/0, dlsch_errors 0, pucch0_DTX 0 (SNR 16.2+1.2) RSSI -37.3, BLER 0.00000 MCS (0) 0 (Qm 2) CCE fail 1
UE 4fe0: ulsch_rounds 3636/0/0/0, ulsch_errors 0, ulsch_DTX 0, BLER 0.00000 MCS (0) 0 (Qm 2 deltaMCS 0) NPRB 5 SNR 22.3 (+2.3) RSSI -41.4 CCE fail 0
UE 4fe0: LCID 1,2,4, goodput DL    0.00 UL    0.00 Mbps

[0m[12:12:34.155501] [NR_MAC] Frame.Slot 384.0
UE RNTI 4fe0 CU-UE-ID 1 in-sync PH 48 dB PCMAX 20 dBm, average RSRP -43 (16 meas)
UE 4fe0: dlsch_rounds 551/0/0/0, dlsch_errors 0, pucch0_DTX 0 (SNR 16.2+1.2) RSSI -37.3, BLER 0.00000 MCS (0) 0 (Qm 2) CCE fail 1
UE 4fe0: ulsch_rounds 3652/0/0/0, ulsch_errors 0, ulsch_DTX 0, BLER 0.00000 MCS (0) 0 (Qm 2 deltaMCS 0) NPRB 5 SNR 22.0 (+2.0) RSSI -41.5 CCE fail 0
UE 4fe0: LCID 1,2,4, goodput DL    0.00 UL    0.00 Mbps

[0m[12:12:34.677538] [NR_MAC] Frame.Slot 512.0
UE RNTI 4fe0 CU-UE-ID 1 in-sync PH 48 dB PCMAX 20 dBm, average RSRP -43 (16 meas)
UE 4fe0: dlsch_rounds 553/0/0/0, dlsch_errors 0, pucch0_DTX 0 (SNR 16.2+1.2) RSSI -37.3, BLER 0.00000 MCS (0) 0 (Qm 2) CCE fail 1
UE 4fe0: ulsch_rounds 3669/0/0/0, ulsch_errors 0, ulsch_DTX 0, BLER 0.00000 MCS (0) 0 (Qm 2 deltaMCS 0) NPRB 5 SNR 22.3 (+2.3) RSSI -41.5 CCE fail 0
UE 4fe0: LCID 1,2,4, goodput DL    0.00 UL    0.00 Mbps

[0m[12:12:35.192962] [NR_MAC] Frame.Slot 640.0
UE RNTI 4fe0 CU-UE-ID 1 in-sync PH 48 dB PCMAX 20 dBm, average RSRP -43 (16 meas)
UE 4fe0: dlsch_rounds 556/0/0/0, dlsch_errors 0, pucch0_DTX 0 (SNR 16.2+1.2) RSSI -37.3, BLER 0.00000 MCS (0) 0 (Qm 2) CCE fail 1
UE 4fe0: ulsch_rounds 3688/0/0/0, ulsch_errors 0, ulsch_DTX 0, BLER 0.00000 MCS (0) 1 (Qm 2 deltaMCS 0) NPRB 5 SNR 23.2 (+3.2) RSSI -41.4 CCE fail 0
UE 4fe0: LCID 1,2,4, goodput DL    0.00 UL    0.00 Mbps

[0m[12:12:35.701387] [NR_MAC] Frame.Slot 768.0
UE RNTI 4fe0 CU-UE-ID 1 in-sync PH 48 dB PCMAX 20 dBm, average RSRP -43 (16 meas)
UE 4fe0: dlsch_rounds 559/0/0/0, dlsch_errors 0, pucch0_DTX 0 (SNR 16.2+1.2) RSSI -37.3, BLER 0.00000 MCS (0) 0 (Qm 2) CCE fail 1
UE 4fe0: ulsch_rounds 3703/0/0/0, ulsch_errors 0, ulsch_DTX 0, BLER 0.00000 MCS (0) 0 (Qm 2 deltaMCS 0) NPRB 5 SNR 22.2 (+2.2) RSSI -41.4 CCE fail 0
UE 4fe0: LCID 1,2,4, goodput DL    0.00 UL    0.00 Mbps

[0m[12:12:36.216534] [NR_MAC] Frame.Slot 896.0
UE RNTI 4fe0 CU-UE-ID 1 in-sync PH 48 dB PCMAX 20 dBm, average RSRP -43 (16 meas)
UE 4fe0: dlsch_rounds 561/0/0/0, dlsch_errors 0, pucch0_DTX 0 (SNR 16.2+1.2) RSSI -37.3, BLER 0.00000 MCS (0) 0 (Qm 2) CCE fail 1
UE 4fe0: ulsch_rounds 3720/0/0/0, ulsch_errors 0, ulsch_DTX 0, BLER 0.00000 MCS (0) 0 (Qm 2 deltaMCS 0) NPRB 5 SNR 22.7 (+2.7) RSSI -41.5 CCE fail 0
UE 4fe0: LCID 1,2,4, goodput DL    0.00 UL    0.00 Mbps

[0m[12:12:36.734440] [NR_MAC] Frame.Slot 0.0
UE RNTI 4fe0 CU-UE-ID 1 in-sync PH 48 dB PCMAX 20 dBm, average RSRP -43 (16 meas)
UE 4fe0: dlsch_rounds 563/0/0/0, dlsch_errors 0, pucch0_DTX 0 (SNR 16.2+1.2) RSSI -37.3, BLER 0.00000 MCS (0) 0 (Qm 2) CCE fail 1
UE 4fe0: ulsch_rounds 3735/0/0/0, ulsch_errors 0, ulsch_DTX 0, BLER 0.00000 MCS (0) 0 (Qm 2 deltaMCS 0) NPRB 5 SNR 22.7 (+2.7) RSSI -41.5 CCE fail 0
UE 4fe0: LCID 1,2,4, goodput DL    0.00 UL    0.00 Mbps

[0m[12:12:37.271548] [NR_MAC] Frame.Slot 128.0
UE RNTI 4fe0 CU-UE-ID 1 in-sync PH 48 dB PCMAX 20 dBm, average RSRP -43 (16 meas)
UE 4fe0: dlsch_rounds 566/0/0/0, dlsch_errors 0, pucch0_DTX 0 (SNR 16.2+1.2) RSSI -37.3, BLER 0.00000 MCS (0) 0 (Qm 2) CCE fail 1
UE 4fe0: ulsch_rounds 3755/0/0/0, ulsch_errors 0, ulsch_DTX 0, BLER 0.00000 MCS (0) 1 (Qm 2 deltaMCS 0) NPRB 5 SNR 23.3 (+3.3) RSSI -41.4 CCE fail 0
UE 4fe0: LCID 1,2,4, goodput DL    0.00 UL    0.00 Mbps

[0m[12:12:37.792337] [NR_MAC] Frame.Slot 256.0
UE RNTI 4fe0 CU-UE-ID 1 in-sync PH 48 dB PCMAX 20 dBm, average RSRP -43 (16 meas)
UE 4fe0: dlsch_rounds 569/0/0/0, dlsch_errors 0, pucch0_DTX 0 (SNR 16.2+1.2) RSSI -37.3, BLER 0.00000 MCS (0) 0 (Qm 2) CCE fail 1
UE 4fe0: ulsch_rounds 3771/0/0/0, ulsch_errors 0, ulsch_DTX 0, BLER 0.00000 MCS (0) 0 (Qm 2 deltaMCS 0) NPRB 5 SNR 22.9 (+2.9) RSSI -41.5 CCE fail 0
UE 4fe0: LCID 1,2,4, goodput DL    0.00 UL    0.00 Mbps

[0m[12:12:38.299468] [NR_MAC] Frame.Slot 384.0
UE RNTI 4fe0 CU-UE-ID 1 in-sync PH 48 dB PCMAX 20 dBm, average RSRP -43 (16 meas)
UE 4fe0: dlsch_rounds 571/0/0/0, dlsch_errors 0, pucch0_DTX 0 (SNR 16.2+1.2) RSSI -37.3, BLER 0.00000 MCS (0) 0 (Qm 2) CCE fail 1
UE 4fe0: ulsch_rounds 3787/0/0/0, ulsch_errors 0, ulsch_DTX 0, BLER 0.00000 MCS (0) 0 (Qm 2 deltaMCS 0) NPRB 5 SNR 22.6 (+2.6) RSSI -41.5 CCE fail 0
UE 4fe0: LCID 1,2,4, goodput DL    0.00 UL    0.00 Mbps

[0m[12:12:38.836865] [NR_MAC] Frame.Slot 512.0
UE RNTI 4fe0 CU-UE-ID 1 in-sync PH 48 dB PCMAX 20 dBm, average RSRP -43 (16 meas)
UE 4fe0: dlsch_rounds 573/0/0/0, dlsch_errors 0, pucch0_DTX 0 (SNR 16.2+1.2) RSSI -37.3, BLER 0.00000 MCS (0) 0 (Qm 2) CCE fail 1
UE 4fe0: ulsch_rounds 3803/0/0/0, ulsch_errors 0, ulsch_DTX 0, BLER 0.00000 MCS (0) 0 (Qm 2 deltaMCS 0) NPRB 5 SNR 22.3 (+2.3) RSSI -41.6 CCE fail 0
UE 4fe0: LCID 1,2,4, goodput DL    0.00 UL    0.00 Mbps

[0m[12:12:39.526149] [NR_MAC] Frame.Slot 640.0
UE RNTI 4fe0 CU-UE-ID 1 in-sync PH 48 dB PCMAX 20 dBm, average RSRP -43 (16 meas)
UE 4fe0: dlsch_rounds 577/0/0/0, dlsch_errors 0, pucch0_DTX 0 (SNR 16.2+1.2) RSSI -37.3, BLER 0.00000 MCS (0) 0 (Qm 2) CCE fail 1
UE 4fe0: ulsch_rounds 3822/0/0/0, ulsch_errors 0, ulsch_DTX 0, BLER 0.00000 MCS (0) 0 (Qm 2 deltaMCS 0) NPRB 5 SNR 23.3 (+3.3) RSSI -41.5 CCE fail 0
UE 4fe0: LCID 1,2,4, goodput DL    0.00 UL    0.00 Mbps

[0m[12:12:40.162955] [NR_MAC] Frame.Slot 768.0
UE RNTI 4fe0 CU-UE-ID 1 in-sync PH 48 dB PCMAX 20 dBm, average RSRP -43 (16 meas)
UE 4fe0: dlsch_rounds 579/0/0/0, dlsch_errors 0, pucch0_DTX 0 (SNR 16.2+1.2) RSSI -37.3, BLER 0.00000 MCS (0) 0 (Qm 2) CCE fail 1
UE 4fe0: ulsch_rounds 3838/0/0/0, ulsch_errors 0, ulsch_DTX 0, BLER 0.00000 MCS (0) 0 (Qm 2 deltaMCS 0) NPRB 5 SNR 22.0 (+2.0) RSSI -41.5 CCE fail 0
UE 4fe0: LCID 1,2,4, goodput DL    0.00 UL    0.00 Mbps

[0m[12:12:40.769475] [NR_MAC] Frame.Slot 896.0
UE RNTI 4fe0 CU-UE-ID 1 in-sync PH 48 dB PCMAX 20 dBm, average RSRP -43 (16 meas)
UE 4fe0: dlsch_rounds 581/0/0/0, dlsch_errors 0, pucch0_DTX 0 (SNR 16.2+1.2) RSSI -37.3, BLER 0.00000 MCS (0) 0 (Qm 2) CCE fail 1
UE 4fe0: ulsch_rounds 3853/0/0/0, ulsch_errors 0, ulsch_DTX 0, BLER 0.00000 MCS (0) 0 (Qm 2 deltaMCS 0) NPRB 5 SNR 22.0 (+2.0) RSSI -41.5 CCE fail 0
UE 4fe0: LCID 1,2,4, goodput DL    0.00 UL    0.00 Mbps

[0m[12:12:41.313670] [NR_MAC] Frame.Slot 0.0
UE RNTI 4fe0 CU-UE-ID 1 in-sync PH 48 dB PCMAX 20 dBm, average RSRP -43 (16 meas)
UE 4fe0: dlsch_rounds 583/0/0/0, dlsch_errors 0, pucch0_DTX 0 (SNR 16.2+1.2) RSSI -37.3, BLER 0.00000 MCS (0) 0 (Qm 2) CCE fail 1
UE 4fe0: ulsch_rounds 3869/0/0/0, ulsch_errors 0, ulsch_DTX 0, BLER 0.00000 MCS (0) 0 (Qm 2 deltaMCS 0) NPRB 5 SNR 21.8 (+1.8) RSSI -41.6 CCE fail 0
UE 4fe0: LCID 1,2,4, goodput DL    0.00 UL    0.00 Mbps

[0m[12:12:41.980836] [NR_MAC] Frame.Slot 128.0
UE RNTI 4fe0 CU-UE-ID 1 in-sync PH 48 dB PCMAX 20 dBm, average RSRP -43 (16 meas)
UE 4fe0: dlsch_rounds 587/0/0/0, dlsch_errors 0, pucch0_DTX 0 (SNR 16.2+1.2) RSSI -37.3, BLER 0.00000 MCS (0) 0 (Qm 2) CCE fail 1
UE 4fe0: ulsch_rounds 3888/0/0/0, ulsch_errors 0, ulsch_DTX 0, BLER 0.00000 MCS (0) 0 (Qm 2 deltaMCS 0) NPRB 17 SNR 22.8 (+2.8) RSSI -41.5 CCE fail 0
UE 4fe0: LCID 1,2,4, goodput DL    0.00 UL    0.00 Mbps

[0m[12:12:42.587624] [NR_MAC] Frame.Slot 256.0
UE RNTI 4fe0 CU-UE-ID 1 in-sync PH 48 dB PCMAX 20 dBm, average RSRP -43 (16 meas)
UE 4fe0: dlsch_rounds 589/0/0/0, dlsch_errors 0, pucch0_DTX 0 (SNR 16.2+1.2) RSSI -37.3, BLER 0.00000 MCS (0) 0 (Qm 2) CCE fail 1
UE 4fe0: ulsch_rounds 3903/0/0/0, ulsch_errors 0, ulsch_DTX 0, BLER 0.00000 MCS (0) 0 (Qm 2 deltaMCS 0) NPRB 5 SNR 22.7 (+2.7) RSSI -41.5 CCE fail 0
UE 4fe0: LCID 1,2,4, goodput DL    0.00 UL    0.00 Mbps

[0m[12:12:43.158829] [NR_MAC] Frame.Slot 384.0
UE RNTI 4fe0 CU-UE-ID 1 in-sync PH 48 dB PCMAX 20 dBm, average RSRP -43 (16 meas)
UE 4fe0: dlsch_rounds 591/0/0/0, dlsch_errors 0, pucch0_DTX 0 (SNR 16.2+1.2) RSSI -37.3, BLER 0.00000 MCS (0) 0 (Qm 2) CCE fail 1
UE 4fe0: ulsch_rounds 3920/0/0/0, ulsch_errors 0, ulsch_DTX 0, BLER 0.00000 MCS (0) 0 (Qm 2 deltaMCS 0) NPRB 5 SNR 22.2 (+2.2) RSSI -41.5 CCE fail 0
UE 4fe0: LCID 1,2,4, goodput DL    0.00 UL    0.00 Mbps

[0m[12:12:43.723382] [NR_MAC] Frame.Slot 512.0
UE RNTI 4fe0 CU-UE-ID 1 in-sync PH 48 dB PCMAX 20 dBm, average RSRP -43 (16 meas)
UE 4fe0: dlsch_rounds 593/0/0/0, dlsch_errors 0, pucch0_DTX 0 (SNR 16.2+1.2) RSSI -37.3, BLER 0.00000 MCS (0) 0 (Qm 2) CCE fail 1
UE 4fe0: ulsch_rounds 3936/0/0/0, ulsch_errors 0, ulsch_DTX 0, BLER 0.00000 MCS (0) 0 (Qm 2 deltaMCS 0) NPRB 5 SNR 21.8 (+1.8) RSSI -41.6 CCE fail 0
UE 4fe0: LCID 1,2,4, goodput DL    0.00 UL    0.00 Mbps

[0m[12:12:44.286302] [NR_MAC] Frame.Slot 640.0
UE RNTI 4fe0 CU-UE-ID 1 in-sync PH 48 dB PCMAX 20 dBm, average RSRP -43 (16 meas)
UE 4fe0: dlsch_rounds 597/0/0/0, dlsch_errors 0, pucch0_DTX 0 (SNR 16.2+1.2) RSSI -37.3, BLER 0.00000 MCS (0) 0 (Qm 2) CCE fail 1
UE 4fe0: ulsch_rounds 3956/0/0/0, ulsch_errors 0, ulsch_DTX 0, BLER 0.00000 MCS (0) 0 (Qm 2 deltaMCS 0) NPRB 5 SNR 23.5 (+3.5) RSSI -41.6 CCE fail 0
UE 4fe0: LCID 1,2,4, goodput DL    0.00 UL    0.00 Mbps

[0m[12:12:44.892250] [NR_MAC] Frame.Slot 768.0
UE RNTI 4fe0 CU-UE-ID 1 in-sync PH 48 dB PCMAX 20 dBm, average RSRP -43 (16 meas)
UE 4fe0: dlsch_rounds 599/0/0/0, dlsch_errors 0, pucch0_DTX 0 (SNR 16.2+1.2) RSSI -37.3, BLER 0.00000 MCS (0) 0 (Qm 2) CCE fail 1
UE 4fe0: ulsch_rounds 3972/0/0/0, ulsch_errors 0, ulsch_DTX 0, BLER 0.00000 MCS (0) 0 (Qm 2 deltaMCS 0) NPRB 5 SNR 23.1 (+3.1) RSSI -41.5 CCE fail 0
UE 4fe0: LCID 1,2,4, goodput DL    0.00 UL    0.00 Mbps

[0m[12:12:45.438317] [NR_MAC] Frame.Slot 896.0
UE RNTI 4fe0 CU-UE-ID 1 in-sync PH 48 dB PCMAX 20 dBm, average RSRP -43 (16 meas)
UE 4fe0: dlsch_rounds 601/0/0/0, dlsch_errors 0, pucch0_DTX 0 (SNR 16.2+1.2) RSSI -37.3, BLER 0.00000 MCS (0) 0 (Qm 2) CCE fail 1
UE 4fe0: ulsch_rounds 3988/0/0/0, ulsch_errors 0, ulsch_DTX 0, BLER 0.00000 MCS (0) 0 (Qm 2 deltaMCS 0) NPRB 5 SNR 21.9 (+1.9) RSSI -41.5 CCE fail 0
UE 4fe0: LCID 1,2,4, goodput DL    0.00 UL    0.00 Mbps

[0m[12:12:45.966439] [NR_MAC] Frame.Slot 0.0
UE RNTI 4fe0 CU-UE-ID 1 in-sync PH 48 dB PCMAX 20 dBm, average RSRP -43 (16 meas)
UE 4fe0: dlsch_rounds 604/0/0/0, dlsch_errors 0, pucch0_DTX 0 (SNR 16.2+1.2) RSSI -37.3, BLER 0.00000 MCS (0) 0 (Qm 2) CCE fail 1
UE 4fe0: ulsch_rounds 4004/0/0/0, ulsch_errors 0, ulsch_DTX 0, BLER 0.00000 MCS (0) 0 (Qm 2 deltaMCS 0) NPRB 5 SNR 22.6 (+2.6) RSSI -41.6 CCE fail 0
UE 4fe0: LCID 1,2,4, goodput DL    0.00 UL    0.00 Mbps

[0m[12:12:46.592715] [NR_MAC] Frame.Slot 128.0
UE RNTI 4fe0 CU-UE-ID 1 in-sync PH 48 dB PCMAX 20 dBm, average RSRP -43 (16 meas)
UE 4fe0: dlsch_rounds 606/0/0/0, dlsch_errors 0, pucch0_DTX 0 (SNR 16.2+1.2) RSSI -37.3, BLER 0.00000 MCS (0) 0 (Qm 2) CCE fail 1
UE 4fe0: ulsch_rounds 4021/0/0/0, ulsch_errors 0, ulsch_DTX 0, BLER 0.00000 MCS (0) 0 (Qm 2 deltaMCS 0) NPRB 5 SNR 22.0 (+2.0) RSSI -41.5 CCE fail 0
UE 4fe0: LCID 1,2,4, goodput DL    0.00 UL    0.00 Mbps

[0m[12:12:47.132141] [NR_MAC] Frame.Slot 256.0
UE RNTI 4fe0 CU-UE-ID 1 in-sync PH 48 dB PCMAX 20 dBm, average RSRP -43 (16 meas)
UE 4fe0: dlsch_rounds 609/0/0/0, dlsch_errors 0, pucch0_DTX 0 (SNR 16.2+1.2) RSSI -37.3, BLER 0.00000 MCS (0) 0 (Qm 2) CCE fail 1
UE 4fe0: ulsch_rounds 4041/0/0/0, ulsch_errors 0, ulsch_DTX 0, BLER 0.00000 MCS (0) 0 (Qm 2 deltaMCS 0) NPRB 5 SNR 23.4 (+3.4) RSSI -41.5 CCE fail 0
UE 4fe0: LCID 1,2,4, goodput DL    0.00 UL    0.00 Mbps

[0m[12:12:47.657493] [NR_MAC] Frame.Slot 384.0
UE RNTI 4fe0 CU-UE-ID 1 in-sync PH 48 dB PCMAX 20 dBm, average RSRP -43 (16 meas)
UE 4fe0: dlsch_rounds 611/0/0/0, dlsch_errors 0, pucch0_DTX 0 (SNR 16.2+1.2) RSSI -37.3, BLER 0.00000 MCS (0) 0 (Qm 2) CCE fail 1
UE 4fe0: ulsch_rounds 4056/0/0/0, ulsch_errors 0, ulsch_DTX 0, BLER 0.00000 MCS (0) 0 (Qm 2 deltaMCS 0) NPRB 5 SNR 22.5 (+2.5) RSSI -41.5 CCE fail 0
UE 4fe0: LCID 1,2,4, goodput DL    0.00 UL    0.00 Mbps

[0m[12:12:48.186560] [NR_MAC] Frame.Slot 512.0
UE RNTI 4fe0 CU-UE-ID 1 in-sync PH 48 dB PCMAX 20 dBm, average RSRP -43 (16 meas)
UE 4fe0: dlsch_rounds 614/0/0/0, dlsch_errors 0, pucch0_DTX 0 (SNR 16.2+1.2) RSSI -37.3, BLER 0.00000 MCS (0) 0 (Qm 2) CCE fail 1
UE 4fe0: ulsch_rounds 4073/0/0/0, ulsch_errors 0, ulsch_DTX 0, BLER 0.00000 MCS (0) 0 (Qm 2 deltaMCS 0) NPRB 5 SNR 21.8 (+1.8) RSSI -41.6 CCE fail 0
UE 4fe0: LCID 1,2,4, goodput DL    0.00 UL    0.00 Mbps

[0m[12:12:48.772996] [NR_MAC] Frame.Slot 640.0
UE RNTI 4fe0 CU-UE-ID 1 in-sync PH 48 dB PCMAX 20 dBm, average RSRP -43 (16 meas)
UE 4fe0: dlsch_rounds 616/0/0/0, dlsch_errors 0, pucch0_DTX 0 (SNR 16.2+1.2) RSSI -37.3, BLER 0.00000 MCS (0) 0 (Qm 2) CCE fail 1
UE 4fe0: ulsch_rounds 4088/0/0/0, ulsch_errors 0, ulsch_DTX 0, BLER 0.00000 MCS (0) 0 (Qm 2 deltaMCS 0) NPRB 5 SNR 21.9 (+1.9) RSSI -41.6 CCE fail 0
UE 4fe0: LCID 1,2,4, goodput DL    0.00 UL    0.00 Mbps

[0m[12:12:49.325799] [NR_MAC] Frame.Slot 768.0
UE RNTI 4fe0 CU-UE-ID 1 in-sync PH 48 dB PCMAX 20 dBm, average RSRP -43 (16 meas)
UE 4fe0: dlsch_rounds 619/0/0/0, dlsch_errors 0, pucch0_DTX 0 (SNR 16.2+1.2) RSSI -37.3, BLER 0.00000 MCS (0) 0 (Qm 2) CCE fail 1
UE 4fe0: ulsch_rounds 4108/0/0/0, ulsch_errors 0, ulsch_DTX 0, BLER 0.00000 MCS (0) 0 (Qm 2 deltaMCS 0) NPRB 5 SNR 22.5 (+2.5) RSSI -41.4 CCE fail 0
UE 4fe0: LCID 1,2,4, goodput DL    0.00 UL    0.00 Mbps

[0m[12:12:49.863227] [NR_MAC] Frame.Slot 896.0
UE RNTI 4fe0 CU-UE-ID 1 in-sync PH 48 dB PCMAX 20 dBm, average RSRP -43 (16 meas)
UE 4fe0: dlsch_rounds 622/0/0/0, dlsch_errors 0, pucch0_DTX 0 (SNR 16.2+1.2) RSSI -37.3, BLER 0.00000 MCS (0) 0 (Qm 2) CCE fail 1
UE 4fe0: ulsch_rounds 4124/0/0/0, ulsch_errors 0, ulsch_DTX 0, BLER 0.00000 MCS (0) 0 (Qm 2 deltaMCS 0) NPRB 5 SNR 22.2 (+2.2) RSSI -41.5 CCE fail 0
UE 4fe0: LCID 1,2,4, goodput DL    0.00 UL    0.00 Mbps

[0m[12:12:50.393654] [NR_MAC] Frame.Slot 0.0
UE RNTI 4fe0 CU-UE-ID 1 in-sync PH 48 dB PCMAX 20 dBm, average RSRP -43 (16 meas)
UE 4fe0: dlsch_rounds 624/0/0/0, dlsch_errors 0, pucch0_DTX 0 (SNR 16.2+1.2) RSSI -37.3, BLER 0.00000 MCS (0) 0 (Qm 2) CCE fail 1
UE 4fe0: ulsch_rounds 4141/0/0/0, ulsch_errors 0, ulsch_DTX 0, BLER 0.00000 MCS (0) 0 (Qm 2 deltaMCS 0) NPRB 5 SNR 22.6 (+2.6) RSSI -41.5 CCE fail 0
UE 4fe0: LCID 1,2,4, goodput DL    0.00 UL    0.00 Mbps

[0m[12:12:50.925192] [NR_MAC] Frame.Slot 128.0
UE RNTI 4fe0 CU-UE-ID 1 in-sync PH 48 dB PCMAX 20 dBm, average RSRP -43 (16 meas)
UE 4fe0: dlsch_rounds 627/0/0/0, dlsch_errors 0, pucch0_DTX 0 (SNR 16.2+1.2) RSSI -37.3, BLER 0.00000 MCS (0) 0 (Qm 2) CCE fail 1
UE 4fe0: ulsch_rounds 4162/0/0/0, ulsch_errors 0, ulsch_DTX 0, BLER 0.00000 MCS (0) 0 (Qm 2 deltaMCS 0) NPRB 5 SNR 22.9 (+2.9) RSSI -41.6 CCE fail 0
UE 4fe0: LCID 1,2,4, goodput DL    0.00 UL    0.00 Mbps

[0m[12:12:51.443634] [NR_MAC] Frame.Slot 256.0
UE RNTI 4fe0 CU-UE-ID 1 in-sync PH 48 dB PCMAX 20 dBm, average RSRP -43 (16 meas)
UE 4fe0: dlsch_rounds 630/0/0/0, dlsch_errors 0, pucch0_DTX 0 (SNR 16.2+1.2) RSSI -37.3, BLER 0.00000 MCS (0) 0 (Qm 2) CCE fail 1
UE 4fe0: ulsch_rounds 4180/0/0/0, ulsch_errors 0, ulsch_DTX 0, BLER 0.00000 MCS (0) 1 (Qm 2 deltaMCS 0) NPRB 5 SNR 23.0 (+3.0) RSSI -41.5 CCE fail 0
UE 4fe0: LCID 1,2,4, goodput DL    0.00 UL    0.00 Mbps

[0m[12:12:51.967797] [NR_MAC] Frame.Slot 384.0
UE RNTI 4fe0 CU-UE-ID 1 in-sync PH 48 dB PCMAX 20 dBm, average RSRP -43 (16 meas)
UE 4fe0: dlsch_rounds 633/0/0/0, dlsch_errors 0, pucch0_DTX 0 (SNR 16.2+1.2) RSSI -37.3, BLER 0.00000 MCS (0) 0 (Qm 2) CCE fail 1
UE 4fe0: ulsch_rounds 4196/0/0/0, ulsch_errors 0, ulsch_DTX 0, BLER 0.00000 MCS (0) 0 (Qm 2 deltaMCS 0) NPRB 5 SNR 21.8 (+1.8) RSSI -41.4 CCE fail 0
UE 4fe0: LCID 1,2,4, goodput DL    0.00 UL    0.00 Mbps

[0m[12:12:52.495871] [NR_MAC] Frame.Slot 512.0
UE RNTI 4fe0 CU-UE-ID 1 in-sync PH 48 dB PCMAX 20 dBm, average RSRP -43 (16 meas)
UE 4fe0: dlsch_rounds 635/0/0/0, dlsch_errors 0, pucch0_DTX 0 (SNR 16.2+1.2) RSSI -37.3, BLER 0.00000 MCS (0) 0 (Qm 2) CCE fail 1
UE 4fe0: ulsch_rounds 4212/0/0/0, ulsch_errors 0, ulsch_DTX 0, BLER 0.00000 MCS (0) 0 (Qm 2 deltaMCS 0) NPRB 5 SNR 22.4 (+2.4) RSSI -41.5 CCE fail 0
UE 4fe0: LCID 1,2,4, goodput DL    0.00 UL    0.00 Mbps

[0m[12:12:53.017454] [NR_MAC] Frame.Slot 640.0
UE RNTI 4fe0 CU-UE-ID 1 in-sync PH 48 dB PCMAX 20 dBm, average RSRP -43 (16 meas)
UE 4fe0: dlsch_rounds 637/0/0/0, dlsch_errors 0, pucch0_DTX 0 (SNR 16.2+1.2) RSSI -37.3, BLER 0.00000 MCS (0) 0 (Qm 2) CCE fail 1
UE 4fe0: ulsch_rounds 4229/0/0/0, ulsch_errors 0, ulsch_DTX 0, BLER 0.00000 MCS (0) 0 (Qm 2 deltaMCS 0) NPRB 5 SNR 21.9 (+1.9) RSSI -41.5 CCE fail 0
UE 4fe0: LCID 1,2,4, goodput DL    0.00 UL    0.00 Mbps

[0m[12:12:53.542768] [NR_MAC] Frame.Slot 768.0
UE RNTI 4fe0 CU-UE-ID 1 in-sync PH 48 dB PCMAX 20 dBm, average RSRP -43 (16 meas)
UE 4fe0: dlsch_rounds 641/0/0/0, dlsch_errors 0, pucch0_DTX 0 (SNR 16.2+1.2) RSSI -37.3, BLER 0.00000 MCS (0) 0 (Qm 2) CCE fail 1
UE 4fe0: ulsch_rounds 4248/0/0/0, ulsch_errors 0, ulsch_DTX 0, BLER 0.00000 MCS (0) 1 (Qm 2 deltaMCS 0) NPRB 5 SNR 22.7 (+2.7) RSSI -41.4 CCE fail 0
UE 4fe0: LCID 1,2,4, goodput DL    0.00 UL    0.00 Mbps

[0m[12:12:54.070449] [NR_MAC] Frame.Slot 896.0
UE RNTI 4fe0 CU-UE-ID 1 in-sync PH 48 dB PCMAX 20 dBm, average RSRP -43 (16 meas)
UE 4fe0: dlsch_rounds 643/0/0/0, dlsch_errors 0, pucch0_DTX 0 (SNR 16.2+1.2) RSSI -37.3, BLER 0.00000 MCS (0) 0 (Qm 2) CCE fail 1
UE 4fe0: ulsch_rounds 4264/0/0/0, ulsch_errors 0, ulsch_DTX 0, BLER 0.00000 MCS (0) 0 (Qm 2 deltaMCS 0) NPRB 5 SNR 22.5 (+2.5) RSSI -41.4 CCE fail 0
UE 4fe0: LCID 1,2,4, goodput DL    0.00 UL    0.00 Mbps

[0m[12:12:54.650511] [NR_MAC] Frame.Slot 0.0
UE RNTI 4fe0 CU-UE-ID 1 in-sync PH 48 dB PCMAX 20 dBm, average RSRP -43 (16 meas)
UE 4fe0: dlsch_rounds 645/0/0/0, dlsch_errors 0, pucch0_DTX 0 (SNR 16.2+1.2) RSSI -37.3, BLER 0.00000 MCS (0) 0 (Qm 2) CCE fail 1
UE 4fe0: ulsch_rounds 4281/0/0/0, ulsch_errors 0, ulsch_DTX 0, BLER 0.00000 MCS (0) 0 (Qm 2 deltaMCS 0) NPRB 5 SNR 21.9 (+1.9) RSSI -41.4 CCE fail 0
UE 4fe0: LCID 1,2,4, goodput DL    0.00 UL    0.00 Mbps

[0m[12:12:55.191060] [NR_MAC] Frame.Slot 128.0
UE RNTI 4fe0 CU-UE-ID 1 in-sync PH 48 dB PCMAX 20 dBm, average RSRP -43 (16 meas)
UE 4fe0: dlsch_rounds 647/0/0/0, dlsch_errors 0, pucch0_DTX 0 (SNR 16.2+1.2) RSSI -37.3, BLER 0.00000 MCS (0) 0 (Qm 2) CCE fail 1
UE 4fe0: ulsch_rounds 4297/0/0/0, ulsch_errors 0, ulsch_DTX 0, BLER 0.00000 MCS (0) 0 (Qm 2 deltaMCS 0) NPRB 5 SNR 22.6 (+2.6) RSSI -41.5 CCE fail 0
UE 4fe0: LCID 1,2,4, goodput DL    0.00 UL    0.00 Mbps

[0m[12:12:55.726929] [NR_MAC] Frame.Slot 256.0
UE RNTI 4fe0 CU-UE-ID 1 in-sync PH 48 dB PCMAX 20 dBm, average RSRP -43 (16 meas)
UE 4fe0: dlsch_rounds 651/0/0/0, dlsch_errors 0, pucch0_DTX 0 (SNR 16.2+1.2) RSSI -37.3, BLER 0.00000 MCS (0) 0 (Qm 2) CCE fail 1
UE 4fe0: ulsch_rounds 4318/0/0/0, ulsch_errors 0, ulsch_DTX 0, BLER 0.00000 MCS (0) 1 (Qm 2 deltaMCS 0) NPRB 5 SNR 23.8 (+3.8) RSSI -41.5 CCE fail 0
UE 4fe0: LCID 1,2,4, goodput DL    0.00 UL    0.00 Mbps

[0m[12:12:56.255468] [NR_MAC] Frame.Slot 384.0
UE RNTI 4fe0 CU-UE-ID 1 in-sync PH 48 dB PCMAX 20 dBm, average RSRP -43 (16 meas)
UE 4fe0: dlsch_rounds 653/0/0/0, dlsch_errors 0, pucch0_DTX 0 (SNR 16.2+1.2) RSSI -37.3, BLER 0.00000 MCS (0) 0 (Qm 2) CCE fail 1
UE 4fe0: ulsch_rounds 4333/0/0/0, ulsch_errors 0, ulsch_DTX 0, BLER 0.00000 MCS (0) 0 (Qm 2 deltaMCS 0) NPRB 5 SNR 21.8 (+1.8) RSSI -41.5 CCE fail 0
UE 4fe0: LCID 1,2,4, goodput DL    0.00 UL    0.00 Mbps

[0m[12:12:56.784309] [NR_MAC] Frame.Slot 512.0
UE RNTI 4fe0 CU-UE-ID 1 in-sync PH 48 dB PCMAX 20 dBm, average RSRP -43 (16 meas)
UE 4fe0: dlsch_rounds 655/0/0/0, dlsch_errors 0, pucch0_DTX 0 (SNR 16.2+1.2) RSSI -37.3, BLER 0.00000 MCS (0) 0 (Qm 2) CCE fail 1
UE 4fe0: ulsch_rounds 4350/0/0/0, ulsch_errors 0, ulsch_DTX 0, BLER 0.00000 MCS (0) 0 (Qm 2 deltaMCS 0) NPRB 5 SNR 22.1 (+2.1) RSSI -41.5 CCE fail 0
UE 4fe0: LCID 1,2,4, goodput DL    0.00 UL    0.00 Mbps

[0m[12:12:57.318206] [NR_MAC] Frame.Slot 640.0
UE RNTI 4fe0 CU-UE-ID 1 in-sync PH 48 dB PCMAX 20 dBm, average RSRP -43 (16 meas)
UE 4fe0: dlsch_rounds 657/0/0/0, dlsch_errors 0, pucch0_DTX 0 (SNR 16.2+1.2) RSSI -37.3, BLER 0.00000 MCS (0) 0 (Qm 2) CCE fail 1
UE 4fe0: ulsch_rounds 4365/0/0/0, ulsch_errors 0, ulsch_DTX 0, BLER 0.00000 MCS (0) 0 (Qm 2 deltaMCS 0) NPRB 5 SNR 22.1 (+2.1) RSSI -41.6 CCE fail 0
UE 4fe0: LCID 1,2,4, goodput DL    0.00 UL    0.00 Mbps

[0m[12:12:57.849805] [NR_MAC] Frame.Slot 768.0
UE RNTI 4fe0 CU-UE-ID 1 in-sync PH 48 dB PCMAX 20 dBm, average RSRP -43 (16 meas)
UE 4fe0: dlsch_rounds 661/0/0/0, dlsch_errors 0, pucch0_DTX 0 (SNR 16.2+1.2) RSSI -37.3, BLER 0.00000 MCS (0) 0 (Qm 2) CCE fail 1
UE 4fe0: ulsch_rounds 4384/0/0/0, ulsch_errors 0, ulsch_DTX 0, BLER 0.00000 MCS (0) 0 (Qm 2 deltaMCS 0) NPRB 17 SNR 23.0 (+3.0) RSSI -41.5 CCE fail 0
UE 4fe0: LCID 1,2,4, goodput DL    0.00 UL    0.00 Mbps

[0m[12:12:58.386907] [NR_MAC] Frame.Slot 896.0
UE RNTI 4fe0 CU-UE-ID 1 in-sync PH 48 dB PCMAX 20 dBm, average RSRP -43 (16 meas)
UE 4fe0: dlsch_rounds 663/0/0/0, dlsch_errors 0, pucch0_DTX 0 (SNR 16.2+1.2) RSSI -37.3, BLER 0.00000 MCS (0) 0 (Qm 2) CCE fail 1
UE 4fe0: ulsch_rounds 4401/0/0/0, ulsch_errors 0, ulsch_DTX 0, BLER 0.00000 MCS (0) 0 (Qm 2 deltaMCS 0) NPRB 5 SNR 22.5 (+2.5) RSSI -41.4 CCE fail 0
UE 4fe0: LCID 1,2,4, goodput DL    0.00 UL    0.00 Mbps

[0m[12:12:58.912236] [NR_MAC] Frame.Slot 0.0
UE RNTI 4fe0 CU-UE-ID 1 in-sync PH 48 dB PCMAX 20 dBm, average RSRP -43 (16 meas)
UE 4fe0: dlsch_rounds 665/0/0/0, dlsch_errors 0, pucch0_DTX 0 (SNR 16.2+1.2) RSSI -37.3, BLER 0.00000 MCS (0) 0 (Qm 2) CCE fail 1
UE 4fe0: ulsch_rounds 4417/0/0/0, ulsch_errors 0, ulsch_DTX 0, BLER 0.00000 MCS (0) 0 (Qm 2 deltaMCS 0) NPRB 5 SNR 22.2 (+2.2) RSSI -41.5 CCE fail 0
UE 4fe0: LCID 1,2,4, goodput DL    0.00 UL    0.00 Mbps

[0m[12:12:59.433178] [NR_MAC] Frame.Slot 128.0
UE RNTI 4fe0 CU-UE-ID 1 in-sync PH 48 dB PCMAX 20 dBm, average RSRP -43 (16 meas)
UE 4fe0: dlsch_rounds 668/0/0/0, dlsch_errors 0, pucch0_DTX 0 (SNR 16.2+1.2) RSSI -37.3, BLER 0.00000 MCS (0) 0 (Qm 2) CCE fail 1
UE 4fe0: ulsch_rounds 4434/0/0/0, ulsch_errors 0, ulsch_DTX 0, BLER 0.00000 MCS (0) 0 (Qm 2 deltaMCS 0) NPRB 5 SNR 22.6 (+2.6) RSSI -41.6 CCE fail 0
UE 4fe0: LCID 1,2,4, goodput DL    0.00 UL    0.00 Mbps

[0m[12:12:59.947288] [NR_MAC] Frame.Slot 256.0
UE RNTI 4fe0 CU-UE-ID 1 in-sync PH 48 dB PCMAX 20 dBm, average RSRP -43 (16 meas)
UE 4fe0: dlsch_rounds 671/0/0/0, dlsch_errors 0, pucch0_DTX 0 (SNR 16.2+1.2) RSSI -37.3, BLER 0.00000 MCS (0) 0 (Qm 2) CCE fail 1
UE 4fe0: ulsch_rounds 4453/0/0/0, ulsch_errors 0, ulsch_DTX 0, BLER 0.00000 MCS (0) 0 (Qm 2 deltaMCS 0) NPRB 5 SNR 23.5 (+3.5) RSSI -41.6 CCE fail 0
UE 4fe0: LCID 1,2,4, goodput DL    0.00 UL    0.00 Mbps

[0m[12:13:00.473475] [NR_MAC] Frame.Slot 384.0
UE RNTI 4fe0 CU-UE-ID 1 in-sync PH 48 dB PCMAX 20 dBm, average RSRP -43 (16 meas)
UE 4fe0: dlsch_rounds 673/0/0/0, dlsch_errors 0, pucch0_DTX 0 (SNR 16.2+1.2) RSSI -37.3, BLER 0.00000 MCS (0) 0 (Qm 2) CCE fail 1
UE 4fe0: ulsch_rounds 4470/0/0/0, ulsch_errors 0, ulsch_DTX 0, BLER 0.00000 MCS (0) 0 (Qm 2 deltaMCS 0) NPRB 5 SNR 22.8 (+2.8) RSSI -41.5 CCE fail 0
UE 4fe0: LCID 1,2,4, goodput DL    0.00 UL    0.00 Mbps

[0m[12:13:01.024600] [NR_MAC] Frame.Slot 512.0
UE RNTI 4fe0 CU-UE-ID 1 in-sync PH 48 dB PCMAX 20 dBm, average RSRP -43 (16 meas)
UE 4fe0: dlsch_rounds 675/0/0/0, dlsch_errors 0, pucch0_DTX 0 (SNR 16.2+1.2) RSSI -37.3, BLER 0.00000 MCS (0) 0 (Qm 2) CCE fail 1
UE 4fe0: ulsch_rounds 4486/0/0/0, ulsch_errors 0, ulsch_DTX 0, BLER 0.00000 MCS (0) 0 (Qm 2 deltaMCS 0) NPRB 5 SNR 22.5 (+2.5) RSSI -41.5 CCE fail 0
UE 4fe0: LCID 1,2,4, goodput DL    0.00 UL    0.00 Mbps

[0m[12:13:01.550060] [NR_MAC] Frame.Slot 640.0
UE RNTI 4fe0 CU-UE-ID 1 in-sync PH 48 dB PCMAX 20 dBm, average RSRP -43 (16 meas)
UE 4fe0: dlsch_rounds 678/0/0/0, dlsch_errors 0, pucch0_DTX 0 (SNR 16.2+1.2) RSSI -37.3, BLER 0.00000 MCS (0) 0 (Qm 2) CCE fail 1
UE 4fe0: ulsch_rounds 4502/0/0/0, ulsch_errors 0, ulsch_DTX 0, BLER 0.00000 MCS (0) 0 (Qm 2 deltaMCS 0) NPRB 5 SNR 22.2 (+2.2) RSSI -41.5 CCE fail 0
UE 4fe0: LCID 1,2,4, goodput DL    0.00 UL    0.00 Mbps

[0m[12:13:02.177053] [NR_MAC] Frame.Slot 768.0
UE RNTI 4fe0 CU-UE-ID 1 in-sync PH 48 dB PCMAX 20 dBm, average RSRP -43 (16 meas)
UE 4fe0: dlsch_rounds 681/0/0/0, dlsch_errors 0, pucch0_DTX 0 (SNR 16.2+1.2) RSSI -37.3, BLER 0.00000 MCS (0) 0 (Qm 2) CCE fail 1
UE 4fe0: ulsch_rounds 4522/0/0/0, ulsch_errors 0, ulsch_DTX 0, BLER 0.00000 MCS (0) 0 (Qm 2 deltaMCS 0) NPRB 5 SNR 23.8 (+3.8) RSSI -41.5 CCE fail 0
UE 4fe0: LCID 1,2,4, goodput DL    0.00 UL    0.00 Mbps

[0m[12:13:02.691843] [NR_MAC] Frame.Slot 896.0
UE RNTI 4fe0 CU-UE-ID 1 in-sync PH 48 dB PCMAX 20 dBm, average RSRP -43 (16 meas)
UE 4fe0: dlsch_rounds 683/0/0/0, dlsch_errors 0, pucch0_DTX 0 (SNR 16.2+1.2) RSSI -37.3, BLER 0.00000 MCS (0) 0 (Qm 2) CCE fail 1
UE 4fe0: ulsch_rounds 4538/0/0/0, ulsch_errors 0, ulsch_DTX 0, BLER 0.00000 MCS (0) 0 (Qm 2 deltaMCS 0) NPRB 5 SNR 23.3 (+3.3) RSSI -41.5 CCE fail 0
UE 4fe0: LCID 1,2,4, goodput DL    0.00 UL    0.00 Mbps

[0m[12:13:03.201407] [NR_MAC] Frame.Slot 0.0
UE RNTI 4fe0 CU-UE-ID 1 in-sync PH 48 dB PCMAX 20 dBm, average RSRP -43 (16 meas)
UE 4fe0: dlsch_rounds 686/0/0/0, dlsch_errors 0, pucch0_DTX 0 (SNR 16.2+1.2) RSSI -37.3, BLER 0.00000 MCS (0) 0 (Qm 2) CCE fail 1
UE 4fe0: ulsch_rounds 4555/0/0/0, ulsch_errors 0, ulsch_DTX 0, BLER 0.00000 MCS (0) 0 (Qm 2 deltaMCS 0) NPRB 5 SNR 22.6 (+2.6) RSSI -41.5 CCE fail 0
UE 4fe0: LCID 1,2,4, goodput DL    0.00 UL    0.00 Mbps

[0m[12:13:03.715025] [NR_MAC] Frame.Slot 128.0
UE RNTI 4fe0 CU-UE-ID 1 in-sync PH 48 dB PCMAX 20 dBm, average RSRP -43 (16 meas)
UE 4fe0: dlsch_rounds 688/0/0/0, dlsch_errors 0, pucch0_DTX 0 (SNR 16.2+1.2) RSSI -37.3, BLER 0.00000 MCS (0) 0 (Qm 2) CCE fail 1
UE 4fe0: ulsch_rounds 4571/0/0/0, ulsch_errors 0, ulsch_DTX 0, BLER 0.00000 MCS (0) 0 (Qm 2 deltaMCS 0) NPRB 5 SNR 22.4 (+2.4) RSSI -41.5 CCE fail 0
UE 4fe0: LCID 1,2,4, goodput DL    0.00 UL    0.00 Mbps

[0m[12:13:04.238370] [NR_MAC] Frame.Slot 256.0
UE RNTI 4fe0 CU-UE-ID 1 in-sync PH 48 dB PCMAX 20 dBm, average RSRP -43 (16 meas)
UE 4fe0: dlsch_rounds 690/0/0/0, dlsch_errors 0, pucch0_DTX 0 (SNR 16.2+1.2) RSSI -37.3, BLER 0.00000 MCS (0) 0 (Qm 2) CCE fail 1
UE 4fe0: ulsch_rounds 4589/0/0/0, ulsch_errors 0, ulsch_DTX 0, BLER 0.00000 MCS (0) 0 (Qm 2 deltaMCS 0) NPRB 5 SNR 21.9 (+1.9) RSSI -41.4 CCE fail 0
UE 4fe0: LCID 1,2,4, goodput DL    0.00 UL    0.00 Mbps

[0m[12:13:04.761692] [NR_MAC] Frame.Slot 384.0
UE RNTI 4fe0 CU-UE-ID 1 in-sync PH 48 dB PCMAX 20 dBm, average RSRP -43 (16 meas)
UE 4fe0: dlsch_rounds 693/0/0/0, dlsch_errors 0, pucch0_DTX 0 (SNR 16.2+1.2) RSSI -37.3, BLER 0.00000 MCS (0) 0 (Qm 2) CCE fail 1
UE 4fe0: ulsch_rounds 4607/0/0/0, ulsch_errors 0, ulsch_DTX 0, BLER 0.00000 MCS (0) 0 (Qm 2 deltaMCS 0) NPRB 5 SNR 22.7 (+2.7) RSSI -41.4 CCE fail 0
UE 4fe0: LCID 1,2,4, goodput DL    0.00 UL    0.00 Mbps

[0m[12:13:05.294882] [NR_MAC] Frame.Slot 512.0
UE RNTI 4fe0 CU-UE-ID 1 in-sync PH 48 dB PCMAX 20 dBm, average RSRP -43 (16 meas)
UE 4fe0: dlsch_rounds 696/0/0/0, dlsch_errors 0, pucch0_DTX 0 (SNR 16.2+1.2) RSSI -37.3, BLER 0.00000 MCS (0) 0 (Qm 2) CCE fail 1
UE 4fe0: ulsch_rounds 4623/0/0/0, ulsch_errors 0, ulsch_DTX 0, BLER 0.00000 MCS (0) 0 (Qm 2 deltaMCS 0) NPRB 5 SNR 22.4 (+2.4) RSSI -41.4 CCE fail 0
UE 4fe0: LCID 1,2,4, goodput DL    0.00 UL    0.00 Mbps

[0m[12:13:05.819880] [NR_MAC] Frame.Slot 640.0
UE RNTI 4fe0 CU-UE-ID 1 in-sync PH 48 dB PCMAX 20 dBm, average RSRP -43 (16 meas)
UE 4fe0: dlsch_rounds 698/0/0/0, dlsch_errors 0, pucch0_DTX 0 (SNR 16.2+1.2) RSSI -37.3, BLER 0.00000 MCS (0) 0 (Qm 2) CCE fail 1
UE 4fe0: ulsch_rounds 4639/0/0/0, ulsch_errors 0, ulsch_DTX 0, BLER 0.00000 MCS (0) 0 (Qm 2 deltaMCS 0) NPRB 5 SNR 22.1 (+2.1) RSSI -41.5 CCE fail 0
UE 4fe0: LCID 1,2,4, goodput DL    0.00 UL    0.00 Mbps

[0m[12:13:06.347683] [NR_MAC] Frame.Slot 768.0
UE RNTI 4fe0 CU-UE-ID 1 in-sync PH 48 dB PCMAX 20 dBm, average RSRP -43 (16 meas)
UE 4fe0: dlsch_rounds 700/0/0/0, dlsch_errors 0, pucch0_DTX 0 (SNR 16.2+1.2) RSSI -37.3, BLER 0.00000 MCS (0) 0 (Qm 2) CCE fail 1
UE 4fe0: ulsch_rounds 4655/0/0/0, ulsch_errors 0, ulsch_DTX 0, BLER 0.00000 MCS (0) 0 (Qm 2 deltaMCS 0) NPRB 5 SNR 21.9 (+1.9) RSSI -41.5 CCE fail 0
UE 4fe0: LCID 1,2,4, goodput DL    0.00 UL    0.00 Mbps

[0m[12:13:06.880092] [NR_MAC] Frame.Slot 896.0
UE RNTI 4fe0 CU-UE-ID 1 in-sync PH 48 dB PCMAX 20 dBm, average RSRP -43 (16 meas)
UE 4fe0: dlsch_rounds 704/0/0/0, dlsch_errors 0, pucch0_DTX 0 (SNR 16.2+1.2) RSSI -37.3, BLER 0.00000 MCS (0) 0 (Qm 2) CCE fail 1
UE 4fe0: ulsch_rounds 4675/0/0/0, ulsch_errors 0, ulsch_DTX 0, BLER 0.00000 MCS (0) 0 (Qm 2 deltaMCS 0) NPRB 5 SNR 23.5 (+3.5) RSSI -41.4 CCE fail 0
UE 4fe0: LCID 1,2,4, goodput DL    0.00 UL    0.00 Mbps

[0m[12:13:07.408865] [NR_MAC] Frame.Slot 0.0
UE RNTI 4fe0 CU-UE-ID 1 in-sync PH 48 dB PCMAX 20 dBm, average RSRP -43 (16 meas)
UE 4fe0: dlsch_rounds 706/0/0/0, dlsch_errors 0, pucch0_DTX 0 (SNR 16.2+1.2) RSSI -37.3, BLER 0.00000 MCS (0) 0 (Qm 2) CCE fail 1
UE 4fe0: ulsch_rounds 4691/0/0/0, ulsch_errors 0, ulsch_DTX 0, BLER 0.00000 MCS (0) 0 (Qm 2 deltaMCS 0) NPRB 5 SNR 22.2 (+2.2) RSSI -41.5 CCE fail 0
UE 4fe0: LCID 1,2,4, goodput DL    0.00 UL    0.00 Mbps

[0m[12:13:07.922994] [NR_MAC] Frame.Slot 128.0
UE RNTI 4fe0 CU-UE-ID 1 in-sync PH 48 dB PCMAX 20 dBm, average RSRP -43 (16 meas)
UE 4fe0: dlsch_rounds 708/0/0/0, dlsch_errors 0, pucch0_DTX 0 (SNR 16.2+1.2) RSSI -37.3, BLER 0.00000 MCS (0) 0 (Qm 2) CCE fail 1
UE 4fe0: ulsch_rounds 4708/0/0/0, ulsch_errors 0, ulsch_DTX 0, BLER 0.00000 MCS (0) 0 (Qm 2 deltaMCS 0) NPRB 5 SNR 22.6 (+2.6) RSSI -41.5 CCE fail 0
UE 4fe0: LCID 1,2,4, goodput DL    0.00 UL    0.00 Mbps

[0m[12:13:08.435463] [NR_MAC] Frame.Slot 256.0
UE RNTI 4fe0 CU-UE-ID 1 in-sync PH 48 dB PCMAX 20 dBm, average RSRP -43 (16 meas)
UE 4fe0: dlsch_rounds 710/0/0/0, dlsch_errors 0, pucch0_DTX 0 (SNR 16.2+1.2) RSSI -37.3, BLER 0.00000 MCS (0) 0 (Qm 2) CCE fail 1
UE 4fe0: ulsch_rounds 4724/0/0/0, ulsch_errors 0, ulsch_DTX 0, BLER 0.00000 MCS (0) 0 (Qm 2 deltaMCS 0) NPRB 5 SNR 22.3 (+2.3) RSSI -41.6 CCE fail 0
UE 4fe0: LCID 1,2,4, goodput DL    0.00 UL    0.00 Mbps

[0m[12:13:08.960062] [NR_MAC] Frame.Slot 384.0
UE RNTI 4fe0 CU-UE-ID 1 in-sync PH 48 dB PCMAX 20 dBm, average RSRP -43 (16 meas)
UE 4fe0: dlsch_rounds 714/0/0/0, dlsch_errors 0, pucch0_DTX 0 (SNR 16.2+1.2) RSSI -37.3, BLER 0.00000 MCS (0) 0 (Qm 2) CCE fail 1
UE 4fe0: ulsch_rounds 4744/0/0/0, ulsch_errors 0, ulsch_DTX 0, BLER 0.00000 MCS (0) 1 (Qm 2 deltaMCS 0) NPRB 5 SNR 23.7 (+3.7) RSSI -41.5 CCE fail 0
UE 4fe0: LCID 1,2,4, goodput DL    0.00 UL    0.00 Mbps

[0m[12:13:09.492017] [NR_MAC] Frame.Slot 512.0
UE RNTI 4fe0 CU-UE-ID 1 in-sync PH 48 dB PCMAX 20 dBm, average RSRP -43 (16 meas)
UE 4fe0: dlsch_rounds 716/0/0/0, dlsch_errors 0, pucch0_DTX 0 (SNR 16.2+1.2) RSSI -37.3, BLER 0.00000 MCS (0) 0 (Qm 2) CCE fail 1
UE 4fe0: ulsch_rounds 4761/0/0/0, ulsch_errors 0, ulsch_DTX 0, BLER 0.00000 MCS (0) 0 (Qm 2 deltaMCS 0) NPRB 5 SNR 22.1 (+2.1) RSSI -41.5 CCE fail 0
UE 4fe0: LCID 1,2,4, goodput DL    0.00 UL    0.00 Mbps

[0m[12:13:10.014461] [NR_MAC] Frame.Slot 640.0
UE RNTI 4fe0 CU-UE-ID 1 in-sync PH 48 dB PCMAX 20 dBm, average RSRP -43 (16 meas)
UE 4fe0: dlsch_rounds 718/0/0/0, dlsch_errors 0, pucch0_DTX 0 (SNR 16.2+1.2) RSSI -37.3, BLER 0.00000 MCS (0) 0 (Qm 2) CCE fail 1
UE 4fe0: ulsch_rounds 4776/0/0/0, ulsch_errors 0, ulsch_DTX 0, BLER 0.00000 MCS (0) 0 (Qm 2 deltaMCS 0) NPRB 5 SNR 22.2 (+2.2) RSSI -41.5 CCE fail 0
UE 4fe0: LCID 1,2,4, goodput DL    0.00 UL    0.00 Mbps

[0m[12:13:10.528697] [NR_MAC] Frame.Slot 768.0
UE RNTI 4fe0 CU-UE-ID 1 in-sync PH 48 dB PCMAX 20 dBm, average RSRP -43 (16 meas)
UE 4fe0: dlsch_rounds 720/0/0/0, dlsch_errors 0, pucch0_DTX 0 (SNR 16.2+1.2) RSSI -37.3, BLER 0.00000 MCS (0) 0 (Qm 2) CCE fail 1
UE 4fe0: ulsch_rounds 4793/0/0/0, ulsch_errors 0, ulsch_DTX 0, BLER 0.00000 MCS (0) 0 (Qm 2 deltaMCS 0) NPRB 5 SNR 22.5 (+2.5) RSSI -41.5 CCE fail 0
UE 4fe0: LCID 1,2,4, goodput DL    0.00 UL    0.00 Mbps

[0m[12:13:11.059729] [NR_MAC] Frame.Slot 896.0
UE RNTI 4fe0 CU-UE-ID 1 in-sync PH 48 dB PCMAX 20 dBm, average RSRP -43 (16 meas)
UE 4fe0: dlsch_rounds 724/0/0/0, dlsch_errors 0, pucch0_DTX 0 (SNR 16.2+1.2) RSSI -37.3, BLER 0.00000 MCS (0) 0 (Qm 2) CCE fail 1
UE 4fe0: ulsch_rounds 4813/0/0/0, ulsch_errors 0, ulsch_DTX 0, BLER 0.00000 MCS (0) 1 (Qm 2 deltaMCS 0) NPRB 5 SNR 23.2 (+3.2) RSSI -41.5 CCE fail 0
UE 4fe0: LCID 1,2,4, goodput DL    0.00 UL    0.00 Mbps

[0m[12:13:11.622877] [NR_MAC] Frame.Slot 0.0
UE RNTI 4fe0 CU-UE-ID 1 in-sync PH 48 dB PCMAX 20 dBm, average RSRP -43 (16 meas)
UE 4fe0: dlsch_rounds 726/0/0/0, dlsch_errors 0, pucch0_DTX 0 (SNR 16.2+1.2) RSSI -37.3, BLER 0.00000 MCS (0) 0 (Qm 2) CCE fail 1
UE 4fe0: ulsch_rounds 4830/0/0/0, ulsch_errors 0, ulsch_DTX 0, BLER 0.00000 MCS (0) 0 (Qm 2 deltaMCS 0) NPRB 5 SNR 22.6 (+2.6) RSSI -41.5 CCE fail 0
UE 4fe0: LCID 1,2,4, goodput DL    0.00 UL    0.00 Mbps

[0m[12:13:12.135723] [NR_MAC] Frame.Slot 128.0
UE RNTI 4fe0 CU-UE-ID 1 in-sync PH 48 dB PCMAX 20 dBm, average RSRP -43 (16 meas)
UE 4fe0: dlsch_rounds 728/0/0/0, dlsch_errors 0, pucch0_DTX 0 (SNR 16.2+1.2) RSSI -37.3, BLER 0.00000 MCS (0) 0 (Qm 2) CCE fail 1
UE 4fe0: ulsch_rounds 4845/0/0/0, ulsch_errors 0, ulsch_DTX 0, BLER 0.00000 MCS (0) 0 (Qm 2 deltaMCS 0) NPRB 5 SNR 22.6 (+2.6) RSSI -41.5 CCE fail 0
UE 4fe0: LCID 1,2,4, goodput DL    0.00 UL    0.00 Mbps

[0m[12:13:12.642689] [NR_MAC] Frame.Slot 256.0
UE RNTI 4fe0 CU-UE-ID 1 in-sync PH 48 dB PCMAX 20 dBm, average RSRP -43 (16 meas)
UE 4fe0: dlsch_rounds 731/0/0/0, dlsch_errors 0, pucch0_DTX 0 (SNR 16.2+1.2) RSSI -37.3, BLER 0.00000 MCS (0) 0 (Qm 2) CCE fail 1
UE 4fe0: ulsch_rounds 4862/0/0/0, ulsch_errors 0, ulsch_DTX 0, BLER 0.00000 MCS (0) 0 (Qm 2 deltaMCS 0) NPRB 5 SNR 22.0 (+2.0) RSSI -41.6 CCE fail 0
UE 4fe0: LCID 1,2,4, goodput DL    0.00 UL    0.00 Mbps

[0m[12:13:13.144773] [NR_MAC] Frame.Slot 384.0
UE RNTI 4fe0 CU-UE-ID 1 in-sync PH 48 dB PCMAX 20 dBm, average RSRP -43 (16 meas)
UE 4fe0: dlsch_rounds 734/0/0/0, dlsch_errors 0, pucch0_DTX 0 (SNR 16.2+1.2) RSSI -37.3, BLER 0.00000 MCS (0) 0 (Qm 2) CCE fail 1
UE 4fe0: ulsch_rounds 4882/0/0/0, ulsch_errors 0, ulsch_DTX 0, BLER 0.00000 MCS (0) 1 (Qm 2 deltaMCS 0) NPRB 5 SNR 23.6 (+3.6) RSSI -41.5 CCE fail 0
UE 4fe0: LCID 1,2,4, goodput DL    0.00 UL    0.00 Mbps

[0m[12:13:13.651908] [NR_MAC] Frame.Slot 512.0
UE RNTI 4fe0 CU-UE-ID 1 in-sync PH 48 dB PCMAX 20 dBm, average RSRP -43 (16 meas)
UE 4fe0: dlsch_rounds 736/0/0/0, dlsch_errors 0, pucch0_DTX 0 (SNR 16.2+1.2) RSSI -37.3, BLER 0.00000 MCS (0) 0 (Qm 2) CCE fail 1
UE 4fe0: ulsch_rounds 4898/0/0/0, ulsch_errors 0, ulsch_DTX 0, BLER 0.00000 MCS (0) 0 (Qm 2 deltaMCS 0) NPRB 5 SNR 23.1 (+3.1) RSSI -41.5 CCE fail 0
UE 4fe0: LCID 1,2,4, goodput DL    0.00 UL    0.00 Mbps

[0m[12:13:14.173830] [NR_MAC] Frame.Slot 640.0
UE RNTI 4fe0 CU-UE-ID 1 in-sync PH 48 dB PCMAX 20 dBm, average RSRP -43 (16 meas)
UE 4fe0: dlsch_rounds 738/0/0/0, dlsch_errors 0, pucch0_DTX 0 (SNR 16.2+1.2) RSSI -37.3, BLER 0.00000 MCS (0) 0 (Qm 2) CCE fail 1
UE 4fe0: ulsch_rounds 4914/0/0/0, ulsch_errors 0, ulsch_DTX 0, BLER 0.00000 MCS (0) 0 (Qm 2 deltaMCS 0) NPRB 5 SNR 21.9 (+1.9) RSSI -41.5 CCE fail 0
UE 4fe0: LCID 1,2,4, goodput DL    0.00 UL    0.00 Mbps

[0m[12:13:14.681194] [NR_MAC] Frame.Slot 768.0
UE RNTI 4fe0 CU-UE-ID 1 in-sync PH 48 dB PCMAX 20 dBm, average RSRP -43 (16 meas)
UE 4fe0: dlsch_rounds 741/0/0/0, dlsch_errors 0, pucch0_DTX 0 (SNR 16.2+1.2) RSSI -37.3, BLER 0.00000 MCS (0) 0 (Qm 2) CCE fail 1
UE 4fe0: ulsch_rounds 4930/0/0/0, ulsch_errors 0, ulsch_DTX 0, BLER 0.00000 MCS (0) 0 (Qm 2 deltaMCS 0) NPRB 5 SNR 22.6 (+2.6) RSSI -41.5 CCE fail 0
UE 4fe0: LCID 1,2,4, goodput DL    0.00 UL    0.00 Mbps

[0m[12:13:15.187094] [NR_MAC] Frame.Slot 896.0
UE RNTI 4fe0 CU-UE-ID 1 in-sync PH 48 dB PCMAX 20 dBm, average RSRP -43 (16 meas)
UE 4fe0: dlsch_rounds 744/0/0/0, dlsch_errors 0, pucch0_DTX 0 (SNR 16.2+1.2) RSSI -37.3, BLER 0.00000 MCS (0) 0 (Qm 2) CCE fail 1
UE 4fe0: ulsch_rounds 4950/0/0/0, ulsch_errors 0, ulsch_DTX 0, BLER 0.00000 MCS (0) 0 (Qm 2 deltaMCS 0) NPRB 5 SNR 24.1 (+4.1) RSSI -41.5 CCE fail 0
UE 4fe0: LCID 1,2,4, goodput DL    0.00 UL    0.00 Mbps

[0m[12:13:15.706195] [NR_MAC] Frame.Slot 0.0
UE RNTI 4fe0 CU-UE-ID 1 in-sync PH 48 dB PCMAX 20 dBm, average RSRP -43 (16 meas)
UE 4fe0: dlsch_rounds 746/0/0/0, dlsch_errors 0, pucch0_DTX 0 (SNR 16.2+1.2) RSSI -37.3, BLER 0.00000 MCS (0) 0 (Qm 2) CCE fail 1
UE 4fe0: ulsch_rounds 4966/0/0/0, ulsch_errors 0, ulsch_DTX 0, BLER 0.00000 MCS (0) 0 (Qm 2 deltaMCS 0) NPRB 5 SNR 21.8 (+1.8) RSSI -41.4 CCE fail 0
UE 4fe0: LCID 1,2,4, goodput DL    0.00 UL    0.00 Mbps

[0m[12:13:16.277733] [NR_MAC] Frame.Slot 128.0
UE RNTI 4fe0 CU-UE-ID 1 in-sync PH 48 dB PCMAX 20 dBm, average RSRP -43 (16 meas)
UE 4fe0: dlsch_rounds 749/0/0/0, dlsch_errors 0, pucch0_DTX 0 (SNR 16.2+1.2) RSSI -37.3, BLER 0.00000 MCS (0) 0 (Qm 2) CCE fail 1
UE 4fe0: ulsch_rounds 4982/0/0/0, ulsch_errors 0, ulsch_DTX 0, BLER 0.00000 MCS (0) 0 (Qm 2 deltaMCS 0) NPRB 5 SNR 22.4 (+2.4) RSSI -41.5 CCE fail 0
UE 4fe0: LCID 1,2,4, goodput DL    0.00 UL    0.00 Mbps

[0m[12:13:16.805829] [NR_MAC] Frame.Slot 256.0
UE RNTI 4fe0 CU-UE-ID 1 in-sync PH 48 dB PCMAX 20 dBm, average RSRP -43 (16 meas)
UE 4fe0: dlsch_rounds 751/0/0/0, dlsch_errors 0, pucch0_DTX 0 (SNR 16.2+1.2) RSSI -37.3, BLER 0.00000 MCS (0) 0 (Qm 2) CCE fail 1
UE 4fe0: ulsch_rounds 4999/0/0/0, ulsch_errors 0, ulsch_DTX 0, BLER 0.00000 MCS (0) 0 (Qm 2 deltaMCS 0) NPRB 5 SNR 21.8 (+1.8) RSSI -41.5 CCE fail 0
UE 4fe0: LCID 1,2,4, goodput DL    0.00 UL    0.00 Mbps

[0m[12:13:17.332629] [NR_MAC] Frame.Slot 384.0
UE RNTI 4fe0 CU-UE-ID 1 in-sync PH 48 dB PCMAX 20 dBm, average RSRP -43 (16 meas)
UE 4fe0: dlsch_rounds 754/0/0/0, dlsch_errors 0, pucch0_DTX 0 (SNR 16.2+1.2) RSSI -37.3, BLER 0.00000 MCS (0) 0 (Qm 2) CCE fail 1
UE 4fe0: ulsch_rounds 5019/0/0/0, ulsch_errors 0, ulsch_DTX 0, BLER 0.00000 MCS (0) 0 (Qm 2 deltaMCS 0) NPRB 5 SNR 23.3 (+3.3) RSSI -41.5 CCE fail 0
UE 4fe0: LCID 1,2,4, goodput DL    0.00 UL    0.00 Mbps

[0m[12:13:17.858908] [NR_MAC] Frame.Slot 512.0
UE RNTI 4fe0 CU-UE-ID 1 in-sync PH 48 dB PCMAX 20 dBm, average RSRP -43 (16 meas)
UE 4fe0: dlsch_rounds 756/0/0/0, dlsch_errors 0, pucch0_DTX 0 (SNR 16.2+1.2) RSSI -37.3, BLER 0.00000 MCS (0) 0 (Qm 2) CCE fail 1
UE 4fe0: ulsch_rounds 5036/0/0/0, ulsch_errors 0, ulsch_DTX 0, BLER 0.00000 MCS (0) 0 (Qm 2 deltaMCS 0) NPRB 5 SNR 22.7 (+2.7) RSSI -41.5 CCE fail 0
UE 4fe0: LCID 1,2,4, goodput DL    0.00 UL    0.00 Mbps

[0m[12:13:18.395146] [NR_MAC] Frame.Slot 640.0
UE RNTI 4fe0 CU-UE-ID 1 in-sync PH 48 dB PCMAX 20 dBm, average RSRP -43 (16 meas)
UE 4fe0: dlsch_rounds 759/0/0/0, dlsch_errors 0, pucch0_DTX 0 (SNR 16.2+1.2) RSSI -37.3, BLER 0.00000 MCS (0) 0 (Qm 2) CCE fail 1
UE 4fe0: ulsch_rounds 5052/0/0/0, ulsch_errors 0, ulsch_DTX 0, BLER 0.00000 MCS (0) 0 (Qm 2 deltaMCS 0) NPRB 5 SNR 22.3 (+2.3) RSSI -41.5 CCE fail 0
UE 4fe0: LCID 1,2,4, goodput DL    0.00 UL    0.00 Mbps

[0m[12:13:18.923920] [NR_MAC] Frame.Slot 768.0
UE RNTI 4fe0 CU-UE-ID 1 in-sync PH 48 dB PCMAX 20 dBm, average RSRP -43 (16 meas)
UE 4fe0: dlsch_rounds 761/0/0/0, dlsch_errors 0, pucch0_DTX 0 (SNR 16.2+1.2) RSSI -37.3, BLER 0.00000 MCS (0) 0 (Qm 2) CCE fail 1
UE 4fe0: ulsch_rounds 5069/0/0/0, ulsch_errors 0, ulsch_DTX 0, BLER 0.00000 MCS (0) 0 (Qm 2 deltaMCS 0) NPRB 5 SNR 22.7 (+2.7) RSSI -41.6 CCE fail 0
UE 4fe0: LCID 1,2,4, goodput DL    0.00 UL    0.00 Mbps

[0m[12:13:19.495917] [NR_MAC] Frame.Slot 896.0
UE RNTI 4fe0 CU-UE-ID 1 in-sync PH 48 dB PCMAX 20 dBm, average RSRP -43 (16 meas)
UE 4fe0: dlsch_rounds 764/0/0/0, dlsch_errors 0, pucch0_DTX 0 (SNR 16.2+1.2) RSSI -37.3, BLER 0.00000 MCS (0) 0 (Qm 2) CCE fail 1
UE 4fe0: ulsch_rounds 5089/0/0/0, ulsch_errors 0, ulsch_DTX 0, BLER 0.00000 MCS (0) 0 (Qm 2 deltaMCS 0) NPRB 5 SNR 23.2 (+3.2) RSSI -41.6 CCE fail 0
UE 4fe0: LCID 1,2,4, goodput DL    0.00 UL    0.00 Mbps

[0m[12:13:20.030106] [NR_MAC] Frame.Slot 0.0
UE RNTI 4fe0 CU-UE-ID 1 in-sync PH 48 dB PCMAX 20 dBm, average RSRP -43 (16 meas)
UE 4fe0: dlsch_rounds 767/0/0/0, dlsch_errors 0, pucch0_DTX 0 (SNR 16.2+1.2) RSSI -37.3, BLER 0.00000 MCS (0) 0 (Qm 2) CCE fail 1
UE 4fe0: ulsch_rounds 5104/0/0/0, ulsch_errors 0, ulsch_DTX 0, BLER 0.00000 MCS (0) 0 (Qm 2 deltaMCS 0) NPRB 5 SNR 22.2 (+2.2) RSSI -41.5 CCE fail 0
UE 4fe0: LCID 1,2,4, goodput DL    0.00 UL    0.00 Mbps

[0m[12:13:20.554306] [NR_MAC] Frame.Slot 128.0
UE RNTI 4fe0 CU-UE-ID 1 in-sync PH 48 dB PCMAX 20 dBm, average RSRP -43 (16 meas)
UE 4fe0: dlsch_rounds 769/0/0/0, dlsch_errors 0, pucch0_DTX 0 (SNR 16.2+1.2) RSSI -37.3, BLER 0.00000 MCS (0) 0 (Qm 2) CCE fail 1
UE 4fe0: ulsch_rounds 5121/0/0/0, ulsch_errors 0, ulsch_DTX 0, BLER 0.00000 MCS (0) 0 (Qm 2 deltaMCS 0) NPRB 5 SNR 22.6 (+2.6) RSSI -41.5 CCE fail 0
UE 4fe0: LCID 1,2,4, goodput DL    0.00 UL    0.00 Mbps

[0m[12:13:21.122576] [NR_MAC] Frame.Slot 256.0
UE RNTI 4fe0 CU-UE-ID 1 in-sync PH 48 dB PCMAX 20 dBm, average RSRP -43 (16 meas)
UE 4fe0: dlsch_rounds 771/0/0/0, dlsch_errors 0, pucch0_DTX 0 (SNR 16.2+1.2) RSSI -37.3, BLER 0.00000 MCS (0) 0 (Qm 2) CCE fail 1
UE 4fe0: ulsch_rounds 5136/0/0/0, ulsch_errors 0, ulsch_DTX 0, BLER 0.00000 MCS (0) 0 (Qm 2 deltaMCS 0) NPRB 5 SNR 22.6 (+2.6) RSSI -41.5 CCE fail 0
UE 4fe0: LCID 1,2,4, goodput DL    0.00 UL    0.00 Mbps

[0m[12:13:21.657948] [NR_MAC] Frame.Slot 384.0
UE RNTI 4fe0 CU-UE-ID 1 in-sync PH 48 dB PCMAX 20 dBm, average RSRP -43 (16 meas)
UE 4fe0: dlsch_rounds 774/0/0/0, dlsch_errors 0, pucch0_DTX 0 (SNR 16.2+1.2) RSSI -37.3, BLER 0.00000 MCS (0) 0 (Qm 2) CCE fail 1
UE 4fe0: ulsch_rounds 5157/0/0/0, ulsch_errors 0, ulsch_DTX 0, BLER 0.00000 MCS (0) 0 (Qm 2 deltaMCS 0) NPRB 5 SNR 23.9 (+3.9) RSSI -41.5 CCE fail 0
UE 4fe0: LCID 1,2,4, goodput DL    0.00 UL    0.00 Mbps

[0m[12:13:22.169305] [NR_MAC] Frame.Slot 512.0
UE RNTI 4fe0 CU-UE-ID 1 in-sync PH 48 dB PCMAX 20 dBm, average RSRP -43 (16 meas)
UE 4fe0: dlsch_rounds 777/0/0/0, dlsch_errors 0, pucch0_DTX 0 (SNR 16.2+1.2) RSSI -37.3, BLER 0.00000 MCS (0) 0 (Qm 2) CCE fail 1
UE 4fe0: ulsch_rounds 5173/0/0/0, ulsch_errors 0, ulsch_DTX 0, BLER 0.00000 MCS (0) 0 (Qm 2 deltaMCS 0) NPRB 5 SNR 23.5 (+3.5) RSSI -41.4 CCE fail 0
UE 4fe0: LCID 1,2,4, goodput DL    0.00 UL    0.00 Mbps

[0m[12:13:22.691872] [NR_MAC] Frame.Slot 640.0
UE RNTI 4fe0 CU-UE-ID 1 in-sync PH 48 dB PCMAX 20 dBm, average RSRP -43 (16 meas)
UE 4fe0: dlsch_rounds 779/0/0/0, dlsch_errors 0, pucch0_DTX 0 (SNR 16.2+1.2) RSSI -37.3, BLER 0.00000 MCS (0) 0 (Qm 2) CCE fail 1
UE 4fe0: ulsch_rounds 5189/0/0/0, ulsch_errors 0, ulsch_DTX 0, BLER 0.00000 MCS (0) 0 (Qm 2 deltaMCS 0) NPRB 5 SNR 22.2 (+2.2) RSSI -41.5 CCE fail 0
UE 4fe0: LCID 1,2,4, goodput DL    0.00 UL    0.00 Mbps

[0m[12:13:23.224870] [NR_MAC] Frame.Slot 768.0
UE RNTI 4fe0 CU-UE-ID 1 in-sync PH 48 dB PCMAX 20 dBm, average RSRP -43 (16 meas)
UE 4fe0: dlsch_rounds 781/0/0/0, dlsch_errors 0, pucch0_DTX 0 (SNR 16.2+1.2) RSSI -37.3, BLER 0.00000 MCS (0) 0 (Qm 2) CCE fail 1
UE 4fe0: ulsch_rounds 5205/0/0/0, ulsch_errors 0, ulsch_DTX 0, BLER 0.00000 MCS (0) 0 (Qm 2 deltaMCS 0) NPRB 5 SNR 21.9 (+1.9) RSSI -41.5 CCE fail 0
UE 4fe0: LCID 1,2,4, goodput DL    0.00 UL    0.00 Mbps

[0m[12:13:23.744914] [NR_MAC] Frame.Slot 896.0
UE RNTI 4fe0 CU-UE-ID 1 in-sync PH 48 dB PCMAX 20 dBm, average RSRP -43 (16 meas)
UE 4fe0: dlsch_rounds 783/0/0/0, dlsch_errors 0, pucch0_DTX 0 (SNR 16.2+1.2) RSSI -37.3, BLER 0.00000 MCS (0) 0 (Qm 2) CCE fail 1
UE 4fe0: ulsch_rounds 5221/0/0/0, ulsch_errors 0, ulsch_DTX 0, BLER 0.00000 MCS (0) 0 (Qm 2 deltaMCS 0) NPRB 5 SNR 22.6 (+2.6) RSSI -41.5 CCE fail 0
UE 4fe0: LCID 1,2,4, goodput DL    0.00 UL    0.00 Mbps

[0m[12:13:24.266505] [NR_MAC] Frame.Slot 0.0
UE RNTI 4fe0 CU-UE-ID 1 in-sync PH 48 dB PCMAX 20 dBm, average RSRP -43 (16 meas)
UE 4fe0: dlsch_rounds 787/0/0/0, dlsch_errors 0, pucch0_DTX 0 (SNR 16.2+1.2) RSSI -37.3, BLER 0.00000 MCS (0) 0 (Qm 2) CCE fail 1
UE 4fe0: ulsch_rounds 5241/0/0/0, ulsch_errors 0, ulsch_DTX 0, BLER 0.00000 MCS (0) 0 (Qm 2 deltaMCS 0) NPRB 5 SNR 23.1 (+3.1) RSSI -41.5 CCE fail 0
UE 4fe0: LCID 1,2,4, goodput DL    0.00 UL    0.00 Mbps

[0m[12:13:24.788455] [NR_MAC] Frame.Slot 128.0
UE RNTI 4fe0 CU-UE-ID 1 in-sync PH 48 dB PCMAX 20 dBm, average RSRP -43 (16 meas)
UE 4fe0: dlsch_rounds 789/0/0/0, dlsch_errors 0, pucch0_DTX 0 (SNR 16.2+1.2) RSSI -37.3, BLER 0.00000 MCS (0) 0 (Qm 2) CCE fail 1
UE 4fe0: ulsch_rounds 5257/0/0/0, ulsch_errors 0, ulsch_DTX 0, BLER 0.00000 MCS (0) 0 (Qm 2 deltaMCS 0) NPRB 5 SNR 22.8 (+2.8) RSSI -41.5 CCE fail 0
UE 4fe0: LCID 1,2,4, goodput DL    0.00 UL    0.00 Mbps

[0m[12:13:25.307853] [NR_MAC] Frame.Slot 256.0
UE RNTI 4fe0 CU-UE-ID 1 in-sync PH 48 dB PCMAX 20 dBm, average RSRP -43 (16 meas)
UE 4fe0: dlsch_rounds 791/0/0/0, dlsch_errors 0, pucch0_DTX 0 (SNR 16.2+1.2) RSSI -37.3, BLER 0.00000 MCS (0) 0 (Qm 2) CCE fail 1
UE 4fe0: ulsch_rounds 5273/0/0/0, ulsch_errors 0, ulsch_DTX 0, BLER 0.00000 MCS (0) 0 (Qm 2 deltaMCS 0) NPRB 5 SNR 22.5 (+2.5) RSSI -41.5 CCE fail 0
UE 4fe0: LCID 1,2,4, goodput DL    0.00 UL    0.00 Mbps

[0m[12:13:25.838814] [NR_MAC] Frame.Slot 384.0
UE RNTI 4fe0 CU-UE-ID 1 in-sync PH 48 dB PCMAX 20 dBm, average RSRP -43 (16 meas)
UE 4fe0: dlsch_rounds 794/0/0/0, dlsch_errors 0, pucch0_DTX 0 (SNR 16.2+1.2) RSSI -37.3, BLER 0.00000 MCS (0) 0 (Qm 2) CCE fail 1
UE 4fe0: ulsch_rounds 5289/0/0/0, ulsch_errors 0, ulsch_DTX 0, BLER 0.00000 MCS (0) 0 (Qm 2 deltaMCS 0) NPRB 5 SNR 22.2 (+2.2) RSSI -41.6 CCE fail 0
UE 4fe0: LCID 1,2,4, goodput DL    0.00 UL    0.00 Mbps

[0m[12:13:26.372212] [NR_MAC] Frame.Slot 512.0
UE RNTI 4fe0 CU-UE-ID 1 in-sync PH 48 dB PCMAX 20 dBm, average RSRP -43 (16 meas)
UE 4fe0: dlsch_rounds 797/0/0/0, dlsch_errors 0, pucch0_DTX 0 (SNR 16.2+1.2) RSSI -37.3, BLER 0.00000 MCS (0) 0 (Qm 2) CCE fail 1
UE 4fe0: ulsch_rounds 5309/0/0/0, ulsch_errors 0, ulsch_DTX 0, BLER 0.00000 MCS (0) 1 (Qm 2 deltaMCS 0) NPRB 5 SNR 23.7 (+3.7) RSSI -41.5 CCE fail 0
UE 4fe0: LCID 1,2,4, goodput DL    0.00 UL    0.00 Mbps

[0m[12:13:26.900921] [NR_MAC] Frame.Slot 640.0
UE RNTI 4fe0 CU-UE-ID 1 in-sync PH 48 dB PCMAX 20 dBm, average RSRP -43 (16 meas)
UE 4fe0: dlsch_rounds 799/0/0/0, dlsch_errors 0, pucch0_DTX 0 (SNR 16.2+1.2) RSSI -37.3, BLER 0.00000 MCS (0) 0 (Qm 2) CCE fail 1
UE 4fe0: ulsch_rounds 5325/0/0/0, ulsch_errors 0, ulsch_DTX 0, BLER 0.00000 MCS (0) 0 (Qm 2 deltaMCS 0) NPRB 5 SNR 22.3 (+2.3) RSSI -41.5 CCE fail 0
UE 4fe0: LCID 1,2,4, goodput DL    0.00 UL    0.00 Mbps

[0m[12:13:27.430926] [NR_MAC] Frame.Slot 768.0
UE RNTI 4fe0 CU-UE-ID 1 in-sync PH 48 dB PCMAX 20 dBm, average RSRP -43 (16 meas)
UE 4fe0: dlsch_rounds 801/0/0/0, dlsch_errors 0, pucch0_DTX 0 (SNR 16.2+1.2) RSSI -37.3, BLER 0.00000 MCS (0) 0 (Qm 2) CCE fail 1
UE 4fe0: ulsch_rounds 5341/0/0/0, ulsch_errors 0, ulsch_DTX 0, BLER 0.00000 MCS (0) 0 (Qm 2 deltaMCS 0) NPRB 5 SNR 22.0 (+2.0) RSSI -41.6 CCE fail 0
UE 4fe0: LCID 1,2,4, goodput DL    0.00 UL    0.00 Mbps

[0m[12:13:27.963154] [NR_MAC] Frame.Slot 896.0
UE RNTI 4fe0 CU-UE-ID 1 in-sync PH 48 dB PCMAX 20 dBm, average RSRP -43 (16 meas)
UE 4fe0: dlsch_rounds 804/0/0/0, dlsch_errors 0, pucch0_DTX 0 (SNR 16.2+1.2) RSSI -37.3, BLER 0.00000 MCS (0) 0 (Qm 2) CCE fail 1
UE 4fe0: ulsch_rounds 5357/0/0/0, ulsch_errors 0, ulsch_DTX 0, BLER 0.00000 MCS (0) 0 (Qm 2 deltaMCS 0) NPRB 5 SNR 21.8 (+1.8) RSSI -41.5 CCE fail 0
UE 4fe0: LCID 1,2,4, goodput DL    0.00 UL    0.00 Mbps

[0m[12:13:28.519344] [NR_MAC] Frame.Slot 0.0
UE RNTI 4fe0 CU-UE-ID 1 in-sync PH 48 dB PCMAX 20 dBm, average RSRP -43 (16 meas)
UE 4fe0: dlsch_rounds 807/0/0/0, dlsch_errors 0, pucch0_DTX 0 (SNR 16.2+1.2) RSSI -37.3, BLER 0.00000 MCS (0) 0 (Qm 2) CCE fail 1
UE 4fe0: ulsch_rounds 5377/0/0/0, ulsch_errors 0, ulsch_DTX 0, BLER 0.00000 MCS (0) 1 (Qm 2 deltaMCS 0) NPRB 5 SNR 23.4 (+3.4) RSSI -41.4 CCE fail 0
UE 4fe0: LCID 1,2,4, goodput DL    0.00 UL    0.00 Mbps

[0m[12:13:29.026442] [NR_MAC] Frame.Slot 128.0
UE RNTI 4fe0 CU-UE-ID 1 in-sync PH 48 dB PCMAX 20 dBm, average RSRP -43 (16 meas)
UE 4fe0: dlsch_rounds 809/0/0/0, dlsch_errors 0, pucch0_DTX 0 (SNR 16.2+1.2) RSSI -37.3, BLER 0.00000 MCS (0) 0 (Qm 2) CCE fail 1
UE 4fe0: ulsch_rounds 5394/0/0/0, ulsch_errors 0, ulsch_DTX 0, BLER 0.00000 MCS (0) 0 (Qm 2 deltaMCS 0) NPRB 5 SNR 22.7 (+2.7) RSSI -41.5 CCE fail 0
UE 4fe0: LCID 1,2,4, goodput DL    0.00 UL    0.00 Mbps

[0m[12:13:29.534166] [NR_MAC] Frame.Slot 256.0
UE RNTI 4fe0 CU-UE-ID 1 in-sync PH 48 dB PCMAX 20 dBm, average RSRP -43 (16 meas)
UE 4fe0: dlsch_rounds 812/0/0/0, dlsch_errors 0, pucch0_DTX 0 (SNR 16.2+1.2) RSSI -37.3, BLER 0.00000 MCS (0) 0 (Qm 2) CCE fail 1
UE 4fe0: ulsch_rounds 5410/0/0/0, ulsch_errors 0, ulsch_DTX 0, BLER 0.00000 MCS (0) 0 (Qm 2 deltaMCS 0) NPRB 5 SNR 22.3 (+2.3) RSSI -41.5 CCE fail 0
UE 4fe0: LCID 1,2,4, goodput DL    0.00 UL    0.00 Mbps

[0m[12:13:30.039825] [NR_MAC] Frame.Slot 384.0
UE RNTI 4fe0 CU-UE-ID 1 in-sync PH 48 dB PCMAX 20 dBm, average RSRP -43 (16 meas)
UE 4fe0: dlsch_rounds 814/0/0/0, dlsch_errors 0, pucch0_DTX 0 (SNR 16.2+1.2) RSSI -37.3, BLER 0.00000 MCS (0) 0 (Qm 2) CCE fail 1
UE 4fe0: ulsch_rounds 5427/0/0/0, ulsch_errors 0, ulsch_DTX 0, BLER 0.00000 MCS (0) 0 (Qm 2 deltaMCS 0) NPRB 5 SNR 21.8 (+1.8) RSSI -41.5 CCE fail 0
UE 4fe0: LCID 1,2,4, goodput DL    0.00 UL    0.00 Mbps

[0m[12:13:30.541297] [NR_MAC] Frame.Slot 512.0
UE RNTI 4fe0 CU-UE-ID 1 in-sync PH 48 dB PCMAX 20 dBm, average RSRP -43 (16 meas)
UE 4fe0: dlsch_rounds 817/0/0/0, dlsch_errors 0, pucch0_DTX 0 (SNR 16.2+1.2) RSSI -37.3, BLER 0.00000 MCS (0) 0 (Qm 2) CCE fail 1
UE 4fe0: ulsch_rounds 5446/0/0/0, ulsch_errors 0, ulsch_DTX 0, BLER 0.00000 MCS (0) 1 (Qm 2 deltaMCS 0) NPRB 5 SNR 23.7 (+3.7) RSSI -41.4 CCE fail 0
UE 4fe0: LCID 1,2,4, goodput DL    0.00 UL    0.00 Mbps

[0m[12:13:31.057300] [NR_MAC] Frame.Slot 640.0
UE RNTI 4fe0 CU-UE-ID 1 in-sync PH 48 dB PCMAX 20 dBm, average RSRP -43 (16 meas)
UE 4fe0: dlsch_rounds 819/0/0/0, dlsch_errors 0, pucch0_DTX 0 (SNR 16.2+1.2) RSSI -37.3, BLER 0.00000 MCS (0) 0 (Qm 2) CCE fail 1
UE 4fe0: ulsch_rounds 5461/0/0/0, ulsch_errors 0, ulsch_DTX 0, BLER 0.00000 MCS (0) 0 (Qm 2 deltaMCS 0) NPRB 5 SNR 22.7 (+2.7) RSSI -41.5 CCE fail 0
UE 4fe0: LCID 1,2,4, goodput DL    0.00 UL    0.00 Mbps

[0m[12:13:31.585646] [NR_MAC] Frame.Slot 768.0
UE RNTI 4fe0 CU-UE-ID 1 in-sync PH 48 dB PCMAX 20 dBm, average RSRP -43 (16 meas)
UE 4fe0: dlsch_rounds 822/0/0/0, dlsch_errors 0, pucch0_DTX 0 (SNR 16.2+1.2) RSSI -37.3, BLER 0.00000 MCS (0) 0 (Qm 2) CCE fail 1
UE 4fe0: ulsch_rounds 5478/0/0/0, ulsch_errors 0, ulsch_DTX 0, BLER 0.00000 MCS (0) 0 (Qm 2 deltaMCS 0) NPRB 5 SNR 22.1 (+2.1) RSSI -41.5 CCE fail 0
UE 4fe0: LCID 1,2,4, goodput DL    0.00 UL    0.00 Mbps

[0m[12:13:32.096333] [NR_MAC] Frame.Slot 896.0
UE RNTI 4fe0 CU-UE-ID 1 in-sync PH 48 dB PCMAX 20 dBm, average RSRP -43 (16 meas)
UE 4fe0: dlsch_rounds 824/0/0/0, dlsch_errors 0, pucch0_DTX 0 (SNR 16.2+1.2) RSSI -37.3, BLER 0.00000 MCS (0) 0 (Qm 2) CCE fail 1
UE 4fe0: ulsch_rounds 5493/0/0/0, ulsch_errors 0, ulsch_DTX 0, BLER 0.00000 MCS (0) 0 (Qm 2 deltaMCS 0) NPRB 5 SNR 22.1 (+2.1) RSSI -41.5 CCE fail 0
UE 4fe0: LCID 1,2,4, goodput DL    0.00 UL    0.00 Mbps

[0m[12:13:32.710063] [NR_MAC] Frame.Slot 0.0
UE RNTI 4fe0 CU-UE-ID 1 in-sync PH 48 dB PCMAX 20 dBm, average RSRP -43 (16 meas)
UE 4fe0: dlsch_rounds 827/0/0/0, dlsch_errors 0, pucch0_DTX 0 (SNR 16.2+1.2) RSSI -37.3, BLER 0.00000 MCS (0) 0 (Qm 2) CCE fail 1
UE 4fe0: ulsch_rounds 5514/0/0/0, ulsch_errors 0, ulsch_DTX 0, BLER 0.00000 MCS (0) 1 (Qm 2 deltaMCS 0) NPRB 5 SNR 23.4 (+3.4) RSSI -41.4 CCE fail 0
UE 4fe0: LCID 1,2,4, goodput DL    0.00 UL    0.00 Mbps

[0m[12:13:33.333053] [NR_MAC] Frame.Slot 128.0
UE RNTI 4fe0 CU-UE-ID 1 in-sync PH 48 dB PCMAX 20 dBm, average RSRP -43 (16 meas)
UE 4fe0: dlsch_rounds 830/0/0/0, dlsch_errors 0, pucch0_DTX 0 (SNR 16.2+1.2) RSSI -37.3, BLER 0.00000 MCS (0) 0 (Qm 2) CCE fail 1
UE 4fe0: ulsch_rounds 5530/0/0/0, ulsch_errors 0, ulsch_DTX 0, BLER 0.00000 MCS (0) 0 (Qm 2 deltaMCS 0) NPRB 5 SNR 23.0 (+3.0) RSSI -41.5 CCE fail 0
UE 4fe0: LCID 1,2,4, goodput DL    0.00 UL    0.00 Mbps

[0m[12:13:33.861465] [NR_MAC] Frame.Slot 256.0
UE RNTI 4fe0 CU-UE-ID 1 in-sync PH 48 dB PCMAX 20 dBm, average RSRP -43 (16 meas)
UE 4fe0: dlsch_rounds 832/0/0/0, dlsch_errors 0, pucch0_DTX 0 (SNR 16.2+1.2) RSSI -37.3, BLER 0.00000 MCS (0) 0 (Qm 2) CCE fail 1
UE 4fe0: ulsch_rounds 5546/0/0/0, ulsch_errors 0, ulsch_DTX 0, BLER 0.00000 MCS (0) 0 (Qm 2 deltaMCS 0) NPRB 5 SNR 22.7 (+2.7) RSSI -41.5 CCE fail 0
UE 4fe0: LCID 1,2,4, goodput DL    0.00 UL    0.00 Mbps

[0m[12:13:34.398418] [NR_MAC] Frame.Slot 384.0
UE RNTI 4fe0 CU-UE-ID 1 in-sync PH 48 dB PCMAX 20 dBm, average RSRP -43 (16 meas)
UE 4fe0: dlsch_rounds 834/0/0/0, dlsch_errors 0, pucch0_DTX 0 (SNR 16.2+1.2) RSSI -37.3, BLER 0.00000 MCS (0) 0 (Qm 2) CCE fail 1
UE 4fe0: ulsch_rounds 5562/0/0/0, ulsch_errors 0, ulsch_DTX 0, BLER 0.00000 MCS (0) 0 (Qm 2 deltaMCS 0) NPRB 5 SNR 22.4 (+2.4) RSSI -41.5 CCE fail 0
UE 4fe0: LCID 1,2,4, goodput DL    0.00 UL    0.00 Mbps

[0m[12:13:34.913486] [NR_MAC] Frame.Slot 512.0
UE RNTI 4fe0 CU-UE-ID 1 in-sync PH 48 dB PCMAX 20 dBm, average RSRP -43 (16 meas)
UE 4fe0: dlsch_rounds 837/0/0/0, dlsch_errors 0, pucch0_DTX 0 (SNR 16.2+1.2) RSSI -37.3, BLER 0.00000 MCS (0) 0 (Qm 2) CCE fail 1
UE 4fe0: ulsch_rounds 5581/0/0/0, ulsch_errors 0, ulsch_DTX 0, BLER 0.00000 MCS (0) 0 (Qm 2 deltaMCS 0) NPRB 5 SNR 23.3 (+3.3) RSSI -41.5 CCE fail 0
UE 4fe0: LCID 1,2,4, goodput DL    0.00 UL    0.00 Mbps

[0m[12:13:35.433214] [NR_MAC] Frame.Slot 640.0
UE RNTI 4fe0 CU-UE-ID 1 in-sync PH 48 dB PCMAX 20 dBm, average RSRP -43 (16 meas)
UE 4fe0: dlsch_rounds 840/0/0/0, dlsch_errors 0, pucch0_DTX 0 (SNR 16.2+1.2) RSSI -37.3, BLER 0.00000 MCS (0) 0 (Qm 2) CCE fail 1
UE 4fe0: ulsch_rounds 5598/0/0/0, ulsch_errors 0, ulsch_DTX 0, BLER 0.00000 MCS (0) 0 (Qm 2 deltaMCS 0) NPRB 5 SNR 22.7 (+2.7) RSSI -41.5 CCE fail 0
UE 4fe0: LCID 1,2,4, goodput DL    0.00 UL    0.00 Mbps

[0m[12:13:35.974525] [NR_MAC] Frame.Slot 768.0
UE RNTI 4fe0 CU-UE-ID 1 in-sync PH 48 dB PCMAX 20 dBm, average RSRP -43 (16 meas)
UE 4fe0: dlsch_rounds 842/0/0/0, dlsch_errors 0, pucch0_DTX 0 (SNR 16.2+1.2) RSSI -37.3, BLER 0.00000 MCS (0) 0 (Qm 2) CCE fail 1
UE 4fe0: ulsch_rounds 5614/0/0/0, ulsch_errors 0, ulsch_DTX 0, BLER 0.00000 MCS (0) 0 (Qm 2 deltaMCS 0) NPRB 5 SNR 22.3 (+2.3) RSSI -41.5 CCE fail 0
UE 4fe0: LCID 1,2,4, goodput DL    0.00 UL    0.00 Mbps

[0m[12:13:36.491202] [NR_MAC] Frame.Slot 896.0
UE RNTI 4fe0 CU-UE-ID 1 in-sync PH 48 dB PCMAX 20 dBm, average RSRP -43 (16 meas)
UE 4fe0: dlsch_rounds 844/0/0/0, dlsch_errors 0, pucch0_DTX 0 (SNR 16.2+1.2) RSSI -37.3, BLER 0.00000 MCS (0) 0 (Qm 2) CCE fail 1
UE 4fe0: ulsch_rounds 5630/0/0/0, ulsch_errors 0, ulsch_DTX 0, BLER 0.00000 MCS (0) 0 (Qm 2 deltaMCS 0) NPRB 5 SNR 22.1 (+2.1) RSSI -41.5 CCE fail 0
UE 4fe0: LCID 1,2,4, goodput DL    0.00 UL    0.00 Mbps

[0m[12:13:36.988683] [NR_MAC] Frame.Slot 0.0
UE RNTI 4fe0 CU-UE-ID 1 in-sync PH 48 dB PCMAX 20 dBm, average RSRP -43 (16 meas)
UE 4fe0: dlsch_rounds 847/0/0/0, dlsch_errors 0, pucch0_DTX 0 (SNR 16.2+1.2) RSSI -37.3, BLER 0.00000 MCS (0) 0 (Qm 2) CCE fail 1
UE 4fe0: ulsch_rounds 5649/0/0/0, ulsch_errors 0, ulsch_DTX 0, BLER 0.00000 MCS (0) 0 (Qm 2 deltaMCS 0) NPRB 17 SNR 23.0 (+3.0) RSSI -41.4 CCE fail 0
UE 4fe0: LCID 1,2,4, goodput DL    0.00 UL    0.00 Mbps

[0m[12:13:37.514600] [NR_MAC] Frame.Slot 128.0
UE RNTI 4fe0 CU-UE-ID 1 in-sync PH 48 dB PCMAX 20 dBm, average RSRP -43 (16 meas)
UE 4fe0: dlsch_rounds 850/0/0/0, dlsch_errors 0, pucch0_DTX 0 (SNR 16.2+1.2) RSSI -37.3, BLER 0.00000 MCS (0) 0 (Qm 2) CCE fail 1
UE 4fe0: ulsch_rounds 5665/0/0/0, ulsch_errors 0, ulsch_DTX 0, BLER 0.00000 MCS (0) 0 (Qm 2 deltaMCS 0) NPRB 5 SNR 22.7 (+2.7) RSSI -41.4 CCE fail 0
UE 4fe0: LCID 1,2,4, goodput DL    0.00 UL    0.00 Mbps

[0m[12:13:38.039492] [NR_MAC] Frame.Slot 256.0
UE RNTI 4fe0 CU-UE-ID 1 in-sync PH 48 dB PCMAX 20 dBm, average RSRP -43 (16 meas)
UE 4fe0: dlsch_rounds 852/0/0/0, dlsch_errors 0, pucch0_DTX 0 (SNR 16.2+1.2) RSSI -37.3, BLER 0.00000 MCS (0) 0 (Qm 2) CCE fail 1
UE 4fe0: ulsch_rounds 5682/0/0/0, ulsch_errors 0, ulsch_DTX 0, BLER 0.00000 MCS (0) 0 (Qm 2 deltaMCS 0) NPRB 5 SNR 22.1 (+2.1) RSSI -41.5 CCE fail 0
UE 4fe0: LCID 1,2,4, goodput DL    0.00 UL    0.00 Mbps

[0m[12:13:38.557806] [NR_MAC] Frame.Slot 384.0
UE RNTI 4fe0 CU-UE-ID 1 in-sync PH 48 dB PCMAX 20 dBm, average RSRP -43 (16 meas)
UE 4fe0: dlsch_rounds 854/0/0/0, dlsch_errors 0, pucch0_DTX 0 (SNR 16.2+1.2) RSSI -37.3, BLER 0.00000 MCS (0) 0 (Qm 2) CCE fail 1
UE 4fe0: ulsch_rounds 5698/0/0/0, ulsch_errors 0, ulsch_DTX 0, BLER 0.00000 MCS (0) 0 (Qm 2 deltaMCS 0) NPRB 5 SNR 21.8 (+1.8) RSSI -41.5 CCE fail 0
UE 4fe0: LCID 1,2,4, goodput DL    0.00 UL    0.00 Mbps

[0m[12:13:39.086196] [NR_MAC] Frame.Slot 512.0
UE RNTI 4fe0 CU-UE-ID 1 in-sync PH 48 dB PCMAX 20 dBm, average RSRP -43 (16 meas)
UE 4fe0: dlsch_rounds 858/0/0/0, dlsch_errors 0, pucch0_DTX 0 (SNR 16.2+1.2) RSSI -37.3, BLER 0.00000 MCS (0) 0 (Qm 2) CCE fail 1
UE 4fe0: ulsch_rounds 5718/0/0/0, ulsch_errors 0, ulsch_DTX 0, BLER 0.00000 MCS (0) 0 (Qm 2 deltaMCS 0) NPRB 17 SNR 23.4 (+3.4) RSSI -41.5 CCE fail 0
UE 4fe0: LCID 1,2,4, goodput DL    0.00 UL    0.00 Mbps

[0m[12:13:39.615693] [NR_MAC] Frame.Slot 640.0
UE RNTI 4fe0 CU-UE-ID 1 in-sync PH 48 dB PCMAX 20 dBm, average RSRP -43 (16 meas)
UE 4fe0: dlsch_rounds 860/0/0/0, dlsch_errors 0, pucch0_DTX 0 (SNR 16.2+1.2) RSSI -37.3, BLER 0.00000 MCS (0) 0 (Qm 2) CCE fail 1
UE 4fe0: ulsch_rounds 5733/0/0/0, ulsch_errors 0, ulsch_DTX 0, BLER 0.00000 MCS (0) 0 (Qm 2 deltaMCS 0) NPRB 5 SNR 22.4 (+2.4) RSSI -41.4 CCE fail 0
UE 4fe0: LCID 1,2,4, goodput DL    0.00 UL    0.00 Mbps

[0m[12:13:40.139944] [NR_MAC] Frame.Slot 768.0
UE RNTI 4fe0 CU-UE-ID 1 in-sync PH 48 dB PCMAX 20 dBm, average RSRP -43 (16 meas)
UE 4fe0: dlsch_rounds 862/0/0/0, dlsch_errors 0, pucch0_DTX 0 (SNR 16.2+1.2) RSSI -37.3, BLER 0.00000 MCS (0) 0 (Qm 2) CCE fail 1
UE 4fe0: ulsch_rounds 5750/0/0/0, ulsch_errors 0, ulsch_DTX 0, BLER 0.00000 MCS (0) 0 (Qm 2 deltaMCS 0) NPRB 5 SNR 21.9 (+1.9) RSSI -41.5 CCE fail 0
UE 4fe0: LCID 1,2,4, goodput DL    0.00 UL    0.00 Mbps

[0m[12:13:40.665592] [NR_MAC] Frame.Slot 896.0
UE RNTI 4fe0 CU-UE-ID 1 in-sync PH 48 dB PCMAX 20 dBm, average RSRP -43 (16 meas)
UE 4fe0: dlsch_rounds 864/0/0/0, dlsch_errors 0, pucch0_DTX 0 (SNR 16.2+1.2) RSSI -37.3, BLER 0.00000 MCS (0) 0 (Qm 2) CCE fail 1
UE 4fe0: ulsch_rounds 5766/0/0/0, ulsch_errors 0, ulsch_DTX 0, BLER 0.00000 MCS (0) 0 (Qm 2 deltaMCS 0) NPRB 5 SNR 22.6 (+2.6) RSSI -41.5 CCE fail 0
UE 4fe0: LCID 1,2,4, goodput DL    0.00 UL    0.00 Mbps

[0m[12:13:41.232825] [NR_MAC] Frame.Slot 0.0
UE RNTI 4fe0 CU-UE-ID 1 in-sync PH 48 dB PCMAX 20 dBm, average RSRP -43 (16 meas)
UE 4fe0: dlsch_rounds 867/0/0/0, dlsch_errors 0, pucch0_DTX 0 (SNR 16.2+1.2) RSSI -37.3, BLER 0.00000 MCS (0) 0 (Qm 2) CCE fail 1
UE 4fe0: ulsch_rounds 5783/0/0/0, ulsch_errors 0, ulsch_DTX 0, BLER 0.00000 MCS (0) 0 (Qm 2 deltaMCS 0) NPRB 5 SNR 22.0 (+2.0) RSSI -41.5 CCE fail 0
UE 4fe0: LCID 1,2,4, goodput DL    0.00 UL    0.00 Mbps

[0m[12:13:41.756989] [NR_MAC] Frame.Slot 128.0
UE RNTI 4fe0 CU-UE-ID 1 in-sync PH 48 dB PCMAX 20 dBm, average RSRP -43 (16 meas)
UE 4fe0: dlsch_rounds 870/0/0/0, dlsch_errors 0, pucch0_DTX 0 (SNR 16.2+1.2) RSSI -37.3, BLER 0.00000 MCS (0) 0 (Qm 2) CCE fail 1
UE 4fe0: ulsch_rounds 5803/0/0/0, ulsch_errors 0, ulsch_DTX 0, BLER 0.00000 MCS (0) 0 (Qm 2 deltaMCS 0) NPRB 5 SNR 23.4 (+3.4) RSSI -41.4 CCE fail 0
UE 4fe0: LCID 1,2,4, goodput DL    0.00 UL    0.00 Mbps

[0m[12:13:42.298664] [NR_MAC] Frame.Slot 256.0
UE RNTI 4fe0 CU-UE-ID 1 in-sync PH 48 dB PCMAX 20 dBm, average RSRP -43 (16 meas)
UE 4fe0: dlsch_rounds 872/0/0/0, dlsch_errors 0, pucch0_DTX 0 (SNR 16.2+1.2) RSSI -37.3, BLER 0.00000 MCS (0) 0 (Qm 2) CCE fail 1
UE 4fe0: ulsch_rounds 5818/0/0/0, ulsch_errors 0, ulsch_DTX 0, BLER 0.00000 MCS (0) 0 (Qm 2 deltaMCS 0) NPRB 5 SNR 22.4 (+2.4) RSSI -41.5 CCE fail 0
UE 4fe0: LCID 1,2,4, goodput DL    0.00 UL    0.00 Mbps

[0m[12:13:42.829153] [NR_MAC] Frame.Slot 384.0
UE RNTI 4fe0 CU-UE-ID 1 in-sync PH 48 dB PCMAX 20 dBm, average RSRP -43 (16 meas)
UE 4fe0: dlsch_rounds 875/0/0/0, dlsch_errors 0, pucch0_DTX 0 (SNR 16.2+1.2) RSSI -37.3, BLER 0.00000 MCS (0) 0 (Qm 2) CCE fail 1
UE 4fe0: ulsch_rounds 5835/0/0/0, ulsch_errors 0, ulsch_DTX 0, BLER 0.00000 MCS (0) 0 (Qm 2 deltaMCS 0) NPRB 5 SNR 21.8 (+1.8) RSSI -41.5 CCE fail 0
UE 4fe0: LCID 1,2,4, goodput DL    0.00 UL    0.00 Mbps

[0m[12:13:43.368841] [NR_MAC] Frame.Slot 512.0
UE RNTI 4fe0 CU-UE-ID 1 in-sync PH 48 dB PCMAX 20 dBm, average RSRP -43 (16 meas)
UE 4fe0: dlsch_rounds 877/0/0/0, dlsch_errors 0, pucch0_DTX 0 (SNR 16.2+1.2) RSSI -37.3, BLER 0.00000 MCS (0) 0 (Qm 2) CCE fail 1
UE 4fe0: ulsch_rounds 5851/0/0/0, ulsch_errors 0, ulsch_DTX 0, BLER 0.00000 MCS (0) 0 (Qm 2 deltaMCS 0) NPRB 5 SNR 22.5 (+2.5) RSSI -41.6 CCE fail 0
UE 4fe0: LCID 1,2,4, goodput DL    0.00 UL    0.00 Mbps

[0m[12:13:43.895516] [NR_MAC] Frame.Slot 640.0
UE RNTI 4fe0 CU-UE-ID 1 in-sync PH 48 dB PCMAX 20 dBm, average RSRP -43 (16 meas)
UE 4fe0: dlsch_rounds 880/0/0/0, dlsch_errors 0, pucch0_DTX 0 (SNR 16.2+1.2) RSSI -37.3, BLER 0.00000 MCS (0) 0 (Qm 2) CCE fail 1
UE 4fe0: ulsch_rounds 5871/0/0/0, ulsch_errors 0, ulsch_DTX 0, BLER 0.00000 MCS (0) 0 (Qm 2 deltaMCS 0) NPRB 5 SNR 22.0 (+2.0) RSSI -41.5 CCE fail 0
UE 4fe0: LCID 1,2,4, goodput DL    0.00 UL    0.00 Mbps

[0m[12:13:44.433217] [NR_MAC] Frame.Slot 768.0
UE RNTI 4fe0 CU-UE-ID 1 in-sync PH 48 dB PCMAX 20 dBm, average RSRP -43 (16 meas)
UE 4fe0: dlsch_rounds 882/0/0/0, dlsch_errors 0, pucch0_DTX 0 (SNR 16.2+1.2) RSSI -37.3, BLER 0.00000 MCS (0) 0 (Qm 2) CCE fail 1
UE 4fe0: ulsch_rounds 5887/0/0/0, ulsch_errors 0, ulsch_DTX 0, BLER 0.00000 MCS (0) 0 (Qm 2 deltaMCS 0) NPRB 5 SNR 22.7 (+2.7) RSSI -41.5 CCE fail 0
UE 4fe0: LCID 1,2,4, goodput DL    0.00 UL    0.00 Mbps

[0m[12:13:44.958461] [NR_MAC] Frame.Slot 896.0
UE RNTI 4fe0 CU-UE-ID 1 in-sync PH 48 dB PCMAX 20 dBm, average RSRP -43 (16 meas)
UE 4fe0: dlsch_rounds 885/0/0/0, dlsch_errors 0, pucch0_DTX 0 (SNR 16.2+1.2) RSSI -37.3, BLER 0.00000 MCS (0) 0 (Qm 2) CCE fail 1
UE 4fe0: ulsch_rounds 5903/0/0/0, ulsch_errors 0, ulsch_DTX 0, BLER 0.00000 MCS (0) 0 (Qm 2 deltaMCS 0) NPRB 5 SNR 22.4 (+2.4) RSSI -41.6 CCE fail 0
UE 4fe0: LCID 1,2,4, goodput DL    0.00 UL    0.00 Mbps

[0m[12:13:45.495548] [NR_MAC] Frame.Slot 0.0
UE RNTI 4fe0 CU-UE-ID 1 in-sync PH 48 dB PCMAX 20 dBm, average RSRP -43 (16 meas)
UE 4fe0: dlsch_rounds 887/0/0/0, dlsch_errors 0, pucch0_DTX 0 (SNR 16.2+1.2) RSSI -37.3, BLER 0.00000 MCS (0) 0 (Qm 2) CCE fail 1
UE 4fe0: ulsch_rounds 5919/0/0/0, ulsch_errors 0, ulsch_DTX 0, BLER 0.00000 MCS (0) 0 (Qm 2 deltaMCS 0) NPRB 5 SNR 22.1 (+2.1) RSSI -41.6 CCE fail 0
UE 4fe0: LCID 1,2,4, goodput DL    0.00 UL    0.00 Mbps

[0m[12:13:46.034112] [NR_MAC] Frame.Slot 128.0
UE RNTI 4fe0 CU-UE-ID 1 in-sync PH 48 dB PCMAX 20 dBm, average RSRP -43 (16 meas)
UE 4fe0: dlsch_rounds 890/0/0/0, dlsch_errors 0, pucch0_DTX 0 (SNR 16.2+1.2) RSSI -37.3, BLER 0.00000 MCS (0) 0 (Qm 2) CCE fail 1
UE 4fe0: ulsch_rounds 5939/0/0/0, ulsch_errors 0, ulsch_DTX 0, BLER 0.00000 MCS (0) 1 (Qm 2 deltaMCS 0) NPRB 5 SNR 23.6 (+3.6) RSSI -41.5 CCE fail 0
UE 4fe0: LCID 1,2,4, goodput DL    0.00 UL    0.00 Mbps

[0m[12:13:46.563764] [NR_MAC] Frame.Slot 256.0
UE RNTI 4fe0 CU-UE-ID 1 in-sync PH 48 dB PCMAX 20 dBm, average RSRP -43 (16 meas)
UE 4fe0: dlsch_rounds 893/0/0/0, dlsch_errors 0, pucch0_DTX 0 (SNR 16.2+1.2) RSSI -37.3, BLER 0.00000 MCS (0) 0 (Qm 2) CCE fail 1
UE 4fe0: ulsch_rounds 5955/0/0/0, ulsch_errors 0, ulsch_DTX 0, BLER 0.00000 MCS (0) 0 (Qm 2 deltaMCS 0) NPRB 5 SNR 22.3 (+2.3) RSSI -41.5 CCE fail 0
UE 4fe0: LCID 1,2,4, goodput DL    0.00 UL    0.00 Mbps

[0m[12:13:47.100206] [NR_MAC] Frame.Slot 384.0
UE RNTI 4fe0 CU-UE-ID 1 in-sync PH 48 dB PCMAX 20 dBm, average RSRP -43 (16 meas)
UE 4fe0: dlsch_rounds 895/0/0/0, dlsch_errors 0, pucch0_DTX 0 (SNR 16.2+1.2) RSSI -37.3, BLER 0.00000 MCS (0) 0 (Qm 2) CCE fail 1
UE 4fe0: ulsch_rounds 5971/0/0/0, ulsch_errors 0, ulsch_DTX 0, BLER 0.00000 MCS (0) 0 (Qm 2 deltaMCS 0) NPRB 5 SNR 22.0 (+2.0) RSSI -41.5 CCE fail 0
UE 4fe0: LCID 1,2,4, goodput DL    0.00 UL    0.00 Mbps

[0m[12:13:47.627074] [NR_MAC] Frame.Slot 512.0
UE RNTI 4fe0 CU-UE-ID 1 in-sync PH 48 dB PCMAX 20 dBm, average RSRP -43 (16 meas)
UE 4fe0: dlsch_rounds 897/0/0/0, dlsch_errors 0, pucch0_DTX 0 (SNR 16.2+1.2) RSSI -37.3, BLER 0.00000 MCS (0) 0 (Qm 2) CCE fail 1
UE 4fe0: ulsch_rounds 5987/0/0/0, ulsch_errors 0, ulsch_DTX 0, BLER 0.00000 MCS (0) 0 (Qm 2 deltaMCS 0) NPRB 5 SNR 22.7 (+2.7) RSSI -41.6 CCE fail 0
UE 4fe0: LCID 1,2,4, goodput DL    0.00 UL    0.00 Mbps

[0m[12:13:49.827996] [NR_MAC] Frame.Slot 640.0
UE RNTI 4fe0 CU-UE-ID 1 in-sync PH 48 dB PCMAX 20 dBm, average RSRP -43 (16 meas)
UE 4fe0: dlsch_rounds 900/0/0/0, dlsch_errors 0, pucch0_DTX 0 (SNR 16.2+1.2) RSSI -37.3, BLER 0.00000 MCS (0) 0 (Qm 2) CCE fail 1
UE 4fe0: ulsch_rounds 6007/0/0/0, ulsch_errors 0, ulsch_DTX 0, BLER 0.00000 MCS (0) 1 (Qm 2 deltaMCS 0) NPRB 5 SNR 23.3 (+3.3) RSSI -41.4 CCE fail 0
UE 4fe0: LCID 1,2,4, goodput DL    0.00 UL    0.00 Mbps

[0m[12:13:50.352242] [NR_MAC] Frame.Slot 768.0
UE RNTI 4fe0 CU-UE-ID 1 in-sync PH 48 dB PCMAX 20 dBm, average RSRP -43 (16 meas)
UE 4fe0: dlsch_rounds 903/0/0/0, dlsch_errors 0, pucch0_DTX 0 (SNR 16.2+1.2) RSSI -37.3, BLER 0.00000 MCS (0) 0 (Qm 2) CCE fail 1
UE 4fe0: ulsch_rounds 6022/0/0/0, ulsch_errors 0, ulsch_DTX 0, BLER 0.00000 MCS (0) 0 (Qm 2 deltaMCS 0) NPRB 5 SNR 22.3 (+2.3) RSSI -41.5 CCE fail 0
UE 4fe0: LCID 1,2,4, goodput DL    0.00 UL    0.00 Mbps

[0m[12:13:50.993305] [NR_MAC] Frame.Slot 896.0
UE RNTI 4fe0 CU-UE-ID 1 in-sync PH 48 dB PCMAX 20 dBm, average RSRP -43 (16 meas)
UE 4fe0: dlsch_rounds 905/0/0/0, dlsch_errors 0, pucch0_DTX 0 (SNR 16.2+1.2) RSSI -37.3, BLER 0.00000 MCS (0) 0 (Qm 2) CCE fail 1
UE 4fe0: ulsch_rounds 6038/0/0/0, ulsch_errors 0, ulsch_DTX 0, BLER 0.00000 MCS (0) 0 (Qm 2 deltaMCS 0) NPRB 5 SNR 22.1 (+2.1) RSSI -41.5 CCE fail 0
UE 4fe0: LCID 1,2,4, goodput DL    0.00 UL    0.00 Mbps

[0m[12:13:51.563803] [NR_MAC] Frame.Slot 0.0
UE RNTI 4fe0 CU-UE-ID 1 in-sync PH 48 dB PCMAX 20 dBm, average RSRP -43 (16 meas)
UE 4fe0: dlsch_rounds 907/0/0/0, dlsch_errors 0, pucch0_DTX 0 (SNR 16.2+1.2) RSSI -37.3, BLER 0.00000 MCS (0) 0 (Qm 2) CCE fail 1
UE 4fe0: ulsch_rounds 6054/0/0/0, ulsch_errors 0, ulsch_DTX 0, BLER 0.00000 MCS (0) 0 (Qm 2 deltaMCS 0) NPRB 5 SNR 22.7 (+2.7) RSSI -41.5 CCE fail 0
UE 4fe0: LCID 1,2,4, goodput DL    0.00 UL    0.00 Mbps

[0m[12:13:52.107721] [NR_MAC] Frame.Slot 128.0
UE RNTI 4fe0 CU-UE-ID 1 in-sync PH 48 dB PCMAX 20 dBm, average RSRP -43 (16 meas)
UE 4fe0: dlsch_rounds 910/0/0/0, dlsch_errors 0, pucch0_DTX 0 (SNR 16.2+1.2) RSSI -37.3, BLER 0.00000 MCS (0) 0 (Qm 2) CCE fail 1
UE 4fe0: ulsch_rounds 6074/0/0/0, ulsch_errors 0, ulsch_DTX 0, BLER 0.00000 MCS (0) 1 (Qm 2 deltaMCS 0) NPRB 5 SNR 23.3 (+3.3) RSSI -41.5 CCE fail 0
UE 4fe0: LCID 1,2,4, goodput DL    0.00 UL    0.00 Mbps

[0m[12:13:52.636176] [NR_MAC] Frame.Slot 256.0
UE RNTI 4fe0 CU-UE-ID 1 in-sync PH 48 dB PCMAX 20 dBm, average RSRP -43 (16 meas)
UE 4fe0: dlsch_rounds 913/0/0/0, dlsch_errors 0, pucch0_DTX 0 (SNR 16.2+1.2) RSSI -37.3, BLER 0.00000 MCS (0) 0 (Qm 2) CCE fail 1
UE 4fe0: ulsch_rounds 6089/0/0/0, ulsch_errors 0, ulsch_DTX 0, BLER 0.00000 MCS (0) 0 (Qm 2 deltaMCS 0) NPRB 5 SNR 22.3 (+2.3) RSSI -41.4 CCE fail 0
UE 4fe0: LCID 1,2,4, goodput DL    0.00 UL    0.00 Mbps

[0m[12:13:53.169196] [NR_MAC] Frame.Slot 384.0
UE RNTI 4fe0 CU-UE-ID 1 in-sync PH 48 dB PCMAX 20 dBm, average RSRP -43 (16 meas)
UE 4fe0: dlsch_rounds 915/0/0/0, dlsch_errors 0, pucch0_DTX 0 (SNR 16.2+1.2) RSSI -37.3, BLER 0.00000 MCS (0) 0 (Qm 2) CCE fail 1
UE 4fe0: ulsch_rounds 6106/0/0/0, ulsch_errors 0, ulsch_DTX 0, BLER 0.00000 MCS (0) 0 (Qm 2 deltaMCS 0) NPRB 5 SNR 21.8 (+1.8) RSSI -41.5 CCE fail 0
UE 4fe0: LCID 1,2,4, goodput DL    0.00 UL    0.00 Mbps

[0m[12:13:53.683349] [NR_MAC] Frame.Slot 512.0
UE RNTI 4fe0 CU-UE-ID 1 in-sync PH 48 dB PCMAX 20 dBm, average RSRP -43 (16 meas)
UE 4fe0: dlsch_rounds 917/0/0/0, dlsch_errors 0, pucch0_DTX 0 (SNR 16.2+1.2) RSSI -37.3, BLER 0.00000 MCS (0) 0 (Qm 2) CCE fail 1
UE 4fe0: ulsch_rounds 6122/0/0/0, ulsch_errors 0, ulsch_DTX 0, BLER 0.00000 MCS (0) 0 (Qm 2 deltaMCS 0) NPRB 5 SNR 22.4 (+2.4) RSSI -41.5 CCE fail 0
UE 4fe0: LCID 1,2,4, goodput DL    0.00 UL    0.00 Mbps

[0m[12:13:54.274044] [NR_MAC] Frame.Slot 640.0
UE RNTI 4fe0 CU-UE-ID 1 in-sync PH 48 dB PCMAX 20 dBm, average RSRP -43 (16 meas)
UE 4fe0: dlsch_rounds 921/0/0/0, dlsch_errors 0, pucch0_DTX 0 (SNR 16.2+1.2) RSSI -37.3, BLER 0.00000 MCS (0) 0 (Qm 2) CCE fail 1
UE 4fe0: ulsch_rounds 6142/0/0/0, ulsch_errors 0, ulsch_DTX 0, BLER 0.00000 MCS (0) 0 (Qm 2 deltaMCS 0) NPRB 5 SNR 24.0 (+4.0) RSSI -41.4 CCE fail 0
UE 4fe0: LCID 1,2,4, goodput DL    0.00 UL    0.00 Mbps

[0m[12:13:54.816527] [NR_MAC] Frame.Slot 768.0
UE RNTI 4fe0 CU-UE-ID 1 in-sync PH 48 dB PCMAX 20 dBm, average RSRP -43 (16 meas)
UE 4fe0: dlsch_rounds 923/0/0/0, dlsch_errors 0, pucch0_DTX 0 (SNR 16.2+1.2) RSSI -37.3, BLER 0.00000 MCS (0) 0 (Qm 2) CCE fail 1
UE 4fe0: ulsch_rounds 6159/0/0/0, ulsch_errors 0, ulsch_DTX 0, BLER 0.00000 MCS (0) 0 (Qm 2 deltaMCS 0) NPRB 5 SNR 23.2 (+3.2) RSSI -41.4 CCE fail 0
UE 4fe0: LCID 1,2,4, goodput DL    0.00 UL    0.00 Mbps

[0m[12:13:55.394920] [NR_MAC] Frame.Slot 896.0
UE RNTI 4fe0 CU-UE-ID 1 in-sync PH 48 dB PCMAX 20 dBm, average RSRP -43 (16 meas)
UE 4fe0: dlsch_rounds 925/0/0/0, dlsch_errors 0, pucch0_DTX 0 (SNR 16.2+1.2) RSSI -37.3, BLER 0.00000 MCS (0) 0 (Qm 2) CCE fail 1
UE 4fe0: ulsch_rounds 6174/0/0/0, ulsch_errors 0, ulsch_DTX 0, BLER 0.00000 MCS (0) 0 (Qm 2 deltaMCS 0) NPRB 5 SNR 22.3 (+2.3) RSSI -41.4 CCE fail 0
UE 4fe0: LCID 1,2,4, goodput DL    0.00 UL    0.00 Mbps

[0m[12:13:55.917252] [NR_MAC] Frame.Slot 0.0
UE RNTI 4fe0 CU-UE-ID 1 in-sync PH 48 dB PCMAX 20 dBm, average RSRP -43 (16 meas)
UE 4fe0: dlsch_rounds 927/0/0/0, dlsch_errors 0, pucch0_DTX 0 (SNR 16.2+1.2) RSSI -37.3, BLER 0.00000 MCS (0) 0 (Qm 2) CCE fail 1
UE 4fe0: ulsch_rounds 6191/0/0/0, ulsch_errors 0, ulsch_DTX 0, BLER 0.00000 MCS (0) 0 (Qm 2 deltaMCS 0) NPRB 5 SNR 22.6 (+2.6) RSSI -41.5 CCE fail 0
UE 4fe0: LCID 1,2,4, goodput DL    0.00 UL    0.00 Mbps

[0m[12:13:56.430576] [NR_MAC] Frame.Slot 128.0
UE RNTI 4fe0 CU-UE-ID 1 in-sync PH 48 dB PCMAX 20 dBm, average RSRP -43 (16 meas)
UE 4fe0: dlsch_rounds 931/0/0/0, dlsch_errors 0, pucch0_DTX 0 (SNR 16.2+1.2) RSSI -37.3, BLER 0.00000 MCS (0) 0 (Qm 2) CCE fail 1
UE 4fe0: ulsch_rounds 6211/0/0/0, ulsch_errors 0, ulsch_DTX 0, BLER 0.00000 MCS (0) 0 (Qm 2 deltaMCS 0) NPRB 5 SNR 24.1 (+4.1) RSSI -41.5 CCE fail 0
UE 4fe0: LCID 1,2,4, goodput DL    0.00 UL    0.00 Mbps

[0m[12:13:56.937159] [NR_MAC] Frame.Slot 256.0
UE RNTI 4fe0 CU-UE-ID 1 in-sync PH 48 dB PCMAX 20 dBm, average RSRP -43 (16 meas)
UE 4fe0: dlsch_rounds 933/0/0/0, dlsch_errors 0, pucch0_DTX 0 (SNR 16.2+1.2) RSSI -37.3, BLER 0.00000 MCS (0) 0 (Qm 2) CCE fail 1
UE 4fe0: ulsch_rounds 6227/0/0/0, ulsch_errors 0, ulsch_DTX 0, BLER 0.00000 MCS (0) 0 (Qm 2 deltaMCS 0) NPRB 5 SNR 21.8 (+1.8) RSSI -41.5 CCE fail 0
UE 4fe0: LCID 1,2,4, goodput DL    0.00 UL    0.00 Mbps

[0m[12:13:57.461208] [NR_MAC] Frame.Slot 384.0
UE RNTI 4fe0 CU-UE-ID 1 in-sync PH 48 dB PCMAX 20 dBm, average RSRP -43 (16 meas)
UE 4fe0: dlsch_rounds 935/0/0/0, dlsch_errors 0, pucch0_DTX 0 (SNR 16.2+1.2) RSSI -37.3, BLER 0.00000 MCS (0) 0 (Qm 2) CCE fail 1
UE 4fe0: ulsch_rounds 6243/0/0/0, ulsch_errors 0, ulsch_DTX 0, BLER 0.00000 MCS (0) 0 (Qm 2 deltaMCS 0) NPRB 5 SNR 22.4 (+2.4) RSSI -41.5 CCE fail 0
UE 4fe0: LCID 1,2,4, goodput DL    0.00 UL    0.00 Mbps

[0m[12:13:57.992978] [NR_MAC] Frame.Slot 512.0
UE RNTI 4fe0 CU-UE-ID 1 in-sync PH 48 dB PCMAX 20 dBm, average RSRP -43 (16 meas)
UE 4fe0: dlsch_rounds 938/0/0/0, dlsch_errors 0, pucch0_DTX 0 (SNR 16.2+1.2) RSSI -37.3, BLER 0.00000 MCS (0) 0 (Qm 2) CCE fail 1
UE 4fe0: ulsch_rounds 6260/0/0/0, ulsch_errors 0, ulsch_DTX 0, BLER 0.00000 MCS (0) 0 (Qm 2 deltaMCS 0) NPRB 5 SNR 21.8 (+1.8) RSSI -41.6 CCE fail 0
UE 4fe0: LCID 1,2,4, goodput DL    0.00 UL    0.00 Mbps

[0m[12:13:58.619033] [NR_MAC] Frame.Slot 640.0
UE RNTI 4fe0 CU-UE-ID 1 in-sync PH 48 dB PCMAX 20 dBm, average RSRP -43 (16 meas)
UE 4fe0: dlsch_rounds 941/0/0/0, dlsch_errors 0, pucch0_DTX 0 (SNR 16.2+1.2) RSSI -37.3, BLER 0.00000 MCS (0) 0 (Qm 2) CCE fail 1
UE 4fe0: ulsch_rounds 6279/0/0/0, ulsch_errors 0, ulsch_DTX 0, BLER 0.00000 MCS (0) 0 (Qm 2 deltaMCS 0) NPRB 17 SNR 22.8 (+2.8) RSSI -41.5 CCE fail 0
UE 4fe0: LCID 1,2,4, goodput DL    0.00 UL    0.00 Mbps

[0m[12:13:59.216380] [NR_MAC] Frame.Slot 768.0
UE RNTI 4fe0 CU-UE-ID 1 in-sync PH 48 dB PCMAX 20 dBm, average RSRP -43 (16 meas)
UE 4fe0: dlsch_rounds 943/0/0/0, dlsch_errors 0, pucch0_DTX 0 (SNR 16.2+1.2) RSSI -37.3, BLER 0.00000 MCS (0) 0 (Qm 2) CCE fail 1
UE 4fe0: ulsch_rounds 6295/0/0/0, ulsch_errors 0, ulsch_DTX 0, BLER 0.00000 MCS (0) 0 (Qm 2 deltaMCS 0) NPRB 5 SNR 23.4 (+3.4) RSSI -41.5 CCE fail 0
UE 4fe0: LCID 1,2,4, goodput DL    0.00 UL    0.00 Mbps

[0m[12:13:59.745991] [NR_MAC] Frame.Slot 896.0
UE RNTI 4fe0 CU-UE-ID 1 in-sync PH 48 dB PCMAX 20 dBm, average RSRP -43 (16 meas)
UE 4fe0: dlsch_rounds 945/0/0/0, dlsch_errors 0, pucch0_DTX 0 (SNR 16.2+1.2) RSSI -37.3, BLER 0.00000 MCS (0) 0 (Qm 2) CCE fail 1
UE 4fe0: ulsch_rounds 6312/0/0/0, ulsch_errors 0, ulsch_DTX 0, BLER 0.00000 MCS (0) 0 (Qm 2 deltaMCS 0) NPRB 5 SNR 21.9 (+1.9) RSSI -41.5 CCE fail 0
UE 4fe0: LCID 1,2,4, goodput DL    0.00 UL    0.00 Mbps

[0m[12:14:00.254759] [NR_MAC] Frame.Slot 0.0
UE RNTI 4fe0 CU-UE-ID 1 in-sync PH 48 dB PCMAX 20 dBm, average RSRP -43 (16 meas)
UE 4fe0: dlsch_rounds 948/0/0/0, dlsch_errors 0, pucch0_DTX 0 (SNR 16.2+1.2) RSSI -37.3, BLER 0.00000 MCS (0) 0 (Qm 2) CCE fail 1
UE 4fe0: ulsch_rounds 6328/0/0/0, ulsch_errors 0, ulsch_DTX 0, BLER 0.00000 MCS (0) 0 (Qm 2 deltaMCS 0) NPRB 5 SNR 22.6 (+2.6) RSSI -41.6 CCE fail 0
UE 4fe0: LCID 1,2,4, goodput DL    0.00 UL    0.00 Mbps

[0m[12:14:00.767614] [NR_MAC] Frame.Slot 128.0
UE RNTI 4fe0 CU-UE-ID 1 in-sync PH 48 dB PCMAX 20 dBm, average RSRP -43 (16 meas)
UE 4fe0: dlsch_rounds 950/0/0/0, dlsch_errors 0, pucch0_DTX 0 (SNR 16.2+1.2) RSSI -37.3, BLER 0.00000 MCS (0) 0 (Qm 2) CCE fail 1
UE 4fe0: ulsch_rounds 6347/0/0/0, ulsch_errors 0, ulsch_DTX 0, BLER 0.00000 MCS (0) 0 (Qm 2 deltaMCS 0) NPRB 5 SNR 22.7 (+2.7) RSSI -41.6 CCE fail 0
UE 4fe0: LCID 1,2,4, goodput DL    0.00 UL    0.00 Mbps

[0m[12:14:01.282756] [NR_MAC] Frame.Slot 256.0
UE RNTI 4fe0 CU-UE-ID 1 in-sync PH 48 dB PCMAX 20 dBm, average RSRP -43 (16 meas)
UE 4fe0: dlsch_rounds 953/0/0/0, dlsch_errors 0, pucch0_DTX 0 (SNR 16.2+1.2) RSSI -37.3, BLER 0.00000 MCS (0) 0 (Qm 2) CCE fail 1
UE 4fe0: ulsch_rounds 6364/0/0/0, ulsch_errors 0, ulsch_DTX 0, BLER 0.00000 MCS (0) 0 (Qm 2 deltaMCS 0) NPRB 5 SNR 22.8 (+2.8) RSSI -41.5 CCE fail 0
UE 4fe0: LCID 1,2,4, goodput DL    0.00 UL    0.00 Mbps

[0m[12:14:01.834534] [NR_MAC] Frame.Slot 384.0
UE RNTI 4fe0 CU-UE-ID 1 in-sync PH 48 dB PCMAX 20 dBm, average RSRP -43 (16 meas)
UE 4fe0: dlsch_rounds 956/0/0/0, dlsch_errors 0, pucch0_DTX 0 (SNR 16.2+1.2) RSSI -37.3, BLER 0.00000 MCS (0) 0 (Qm 2) CCE fail 1
UE 4fe0: ulsch_rounds 6380/0/0/0, ulsch_errors 0, ulsch_DTX 0, BLER 0.00000 MCS (0) 0 (Qm 2 deltaMCS 0) NPRB 5 SNR 22.4 (+2.4) RSSI -41.5 CCE fail 0
UE 4fe0: LCID 1,2,4, goodput DL    0.00 UL    0.00 Mbps

[0m[12:14:02.362473] [NR_MAC] Frame.Slot 512.0
UE RNTI 4fe0 CU-UE-ID 1 in-sync PH 48 dB PCMAX 20 dBm, average RSRP -43 (16 meas)
UE 4fe0: dlsch_rounds 958/0/0/0, dlsch_errors 0, pucch0_DTX 0 (SNR 16.2+1.2) RSSI -37.3, BLER 0.00000 MCS (0) 0 (Qm 2) CCE fail 1
UE 4fe0: ulsch_rounds 6397/0/0/0, ulsch_errors 0, ulsch_DTX 0, BLER 0.00000 MCS (0) 0 (Qm 2 deltaMCS 0) NPRB 5 SNR 21.8 (+1.8) RSSI -41.6 CCE fail 0
UE 4fe0: LCID 1,2,4, goodput DL    0.00 UL    0.00 Mbps

[0m[12:14:02.870268] [NR_MAC] Frame.Slot 640.0
UE RNTI 4fe0 CU-UE-ID 1 in-sync PH 48 dB PCMAX 20 dBm, average RSRP -43 (16 meas)
UE 4fe0: dlsch_rounds 960/0/0/0, dlsch_errors 0, pucch0_DTX 0 (SNR 16.2+1.2) RSSI -37.3, BLER 0.00000 MCS (0) 0 (Qm 2) CCE fail 1
UE 4fe0: ulsch_rounds 6413/0/0/0, ulsch_errors 0, ulsch_DTX 0, BLER 0.00000 MCS (0) 0 (Qm 2 deltaMCS 0) NPRB 5 SNR 22.5 (+2.5) RSSI -41.6 CCE fail 0
UE 4fe0: LCID 1,2,4, goodput DL    0.00 UL    0.00 Mbps

[0m[12:14:03.368595] [NR_MAC] Frame.Slot 768.0
UE RNTI 4fe0 CU-UE-ID 1 in-sync PH 48 dB PCMAX 20 dBm, average RSRP -43 (16 meas)
UE 4fe0: dlsch_rounds 963/0/0/0, dlsch_errors 0, pucch0_DTX 0 (SNR 16.2+1.2) RSSI -37.3, BLER 0.00000 MCS (0) 0 (Qm 2) CCE fail 1
UE 4fe0: ulsch_rounds 6433/0/0/0, ulsch_errors 0, ulsch_DTX 0, BLER 0.00000 MCS (0) 0 (Qm 2 deltaMCS 0) NPRB 5 SNR 23.0 (+3.0) RSSI -41.4 CCE fail 0
UE 4fe0: LCID 1,2,4, goodput DL    0.00 UL    0.00 Mbps

[0m[12:14:03.877684] [NR_MAC] Frame.Slot 896.0
UE RNTI 4fe0 CU-UE-ID 1 in-sync PH 48 dB PCMAX 20 dBm, average RSRP -43 (16 meas)
UE 4fe0: dlsch_rounds 966/0/0/0, dlsch_errors 0, pucch0_DTX 0 (SNR 16.2+1.2) RSSI -37.3, BLER 0.00000 MCS (0) 0 (Qm 2) CCE fail 1
UE 4fe0: ulsch_rounds 6448/0/0/0, ulsch_errors 0, ulsch_DTX 0, BLER 0.00000 MCS (0) 0 (Qm 2 deltaMCS 0) NPRB 5 SNR 22.0 (+2.0) RSSI -41.5 CCE fail 0
UE 4fe0: LCID 1,2,4, goodput DL    0.00 UL    0.00 Mbps

[0m[12:14:04.389828] [NR_MAC] Frame.Slot 0.0
UE RNTI 4fe0 CU-UE-ID 1 in-sync PH 48 dB PCMAX 20 dBm, average RSRP -43 (16 meas)
UE 4fe0: dlsch_rounds 968/0/0/0, dlsch_errors 0, pucch0_DTX 0 (SNR 16.2+1.2) RSSI -37.3, BLER 0.00000 MCS (0) 0 (Qm 2) CCE fail 1
UE 4fe0: ulsch_rounds 6465/0/0/0, ulsch_errors 0, ulsch_DTX 0, BLER 0.00000 MCS (0) 0 (Qm 2 deltaMCS 0) NPRB 5 SNR 22.5 (+2.5) RSSI -41.5 CCE fail 0
UE 4fe0: LCID 1,2,4, goodput DL    0.00 UL    0.00 Mbps

[0m[12:14:04.898303] [NR_MAC] Frame.Slot 128.0
UE RNTI 4fe0 CU-UE-ID 1 in-sync PH 48 dB PCMAX 20 dBm, average RSRP -43 (16 meas)
UE 4fe0: dlsch_rounds 970/0/0/0, dlsch_errors 0, pucch0_DTX 0 (SNR 16.2+1.2) RSSI -37.3, BLER 0.00000 MCS (0) 0 (Qm 2) CCE fail 1
UE 4fe0: ulsch_rounds 6481/0/0/0, ulsch_errors 0, ulsch_DTX 0, BLER 0.00000 MCS (0) 0 (Qm 2 deltaMCS 0) NPRB 5 SNR 22.2 (+2.2) RSSI -41.6 CCE fail 0
UE 4fe0: LCID 1,2,4, goodput DL    0.00 UL    0.00 Mbps

[0m[12:14:05.404559] [NR_MAC] Frame.Slot 256.0
UE RNTI 4fe0 CU-UE-ID 1 in-sync PH 48 dB PCMAX 20 dBm, average RSRP -43 (16 meas)
UE 4fe0: dlsch_rounds 973/0/0/0, dlsch_errors 0, pucch0_DTX 0 (SNR 16.2+1.2) RSSI -37.3, BLER 0.00000 MCS (0) 0 (Qm 2) CCE fail 1
UE 4fe0: ulsch_rounds 6501/0/0/0, ulsch_errors 0, ulsch_DTX 0, BLER 0.00000 MCS (0) 1 (Qm 2 deltaMCS 0) NPRB 5 SNR 23.7 (+3.7) RSSI -41.4 CCE fail 0
UE 4fe0: LCID 1,2,4, goodput DL    0.00 UL    0.00 Mbps

[0m[12:14:05.914739] [NR_MAC] Frame.Slot 384.0
UE RNTI 4fe0 CU-UE-ID 1 in-sync PH 48 dB PCMAX 20 dBm, average RSRP -43 (16 meas)
UE 4fe0: dlsch_rounds 976/0/0/0, dlsch_errors 0, pucch0_DTX 0 (SNR 16.2+1.2) RSSI -37.3, BLER 0.00000 MCS (0) 0 (Qm 2) CCE fail 1
UE 4fe0: ulsch_rounds 6518/0/0/0, ulsch_errors 0, ulsch_DTX 0, BLER 0.00000 MCS (0) 0 (Qm 2 deltaMCS 0) NPRB 5 SNR 22.9 (+2.9) RSSI -41.4 CCE fail 0
UE 4fe0: LCID 1,2,4, goodput DL    0.00 UL    0.00 Mbps

[0m[12:14:06.534776] [NR_MAC] Frame.Slot 512.0
UE RNTI 4fe0 CU-UE-ID 1 in-sync PH 48 dB PCMAX 20 dBm, average RSRP -43 (16 meas)
UE 4fe0: dlsch_rounds 978/0/0/0, dlsch_errors 0, pucch0_DTX 0 (SNR 16.2+1.2) RSSI -37.3, BLER 0.00000 MCS (0) 0 (Qm 2) CCE fail 1
UE 4fe0: ulsch_rounds 6533/0/0/0, ulsch_errors 0, ulsch_DTX 0, BLER 0.00000 MCS (0) 0 (Qm 2 deltaMCS 0) NPRB 5 SNR 22.0 (+2.0) RSSI -41.5 CCE fail 0
UE 4fe0: LCID 1,2,4, goodput DL    0.00 UL    0.00 Mbps

[0m[12:14:07.125257] [NR_MAC] Frame.Slot 640.0
UE RNTI 4fe0 CU-UE-ID 1 in-sync PH 48 dB PCMAX 20 dBm, average RSRP -43 (16 meas)
UE 4fe0: dlsch_rounds 980/0/0/0, dlsch_errors 0, pucch0_DTX 0 (SNR 16.2+1.2) RSSI -37.3, BLER 0.00000 MCS (0) 0 (Qm 2) CCE fail 1
UE 4fe0: ulsch_rounds 6550/0/0/0, ulsch_errors 0, ulsch_DTX 0, BLER 0.00000 MCS (0) 0 (Qm 2 deltaMCS 0) NPRB 5 SNR 22.4 (+2.4) RSSI -41.5 CCE fail 0
UE 4fe0: LCID 1,2,4, goodput DL    0.00 UL    0.00 Mbps

[0m[12:14:07.729767] [NR_MAC] Frame.Slot 768.0
UE RNTI 4fe0 CU-UE-ID 1 in-sync PH 48 dB PCMAX 20 dBm, average RSRP -43 (16 meas)
UE 4fe0: dlsch_rounds 984/0/0/0, dlsch_errors 0, pucch0_DTX 0 (SNR 16.2+1.2) RSSI -37.3, BLER 0.00000 MCS (0) 0 (Qm 2) CCE fail 1
UE 4fe0: ulsch_rounds 6569/0/0/0, ulsch_errors 0, ulsch_DTX 0, BLER 0.00000 MCS (0) 1 (Qm 2 deltaMCS 0) NPRB 5 SNR 23.2 (+3.2) RSSI -41.5 CCE fail 0
UE 4fe0: LCID 1,2,4, goodput DL    0.00 UL    0.00 Mbps

[0m[12:14:08.286687] [NR_MAC] Frame.Slot 896.0
UE RNTI 4fe0 CU-UE-ID 1 in-sync PH 48 dB PCMAX 20 dBm, average RSRP -43 (16 meas)
UE 4fe0: dlsch_rounds 986/0/0/0, dlsch_errors 0, pucch0_DTX 0 (SNR 16.2+1.2) RSSI -37.3, BLER 0.00000 MCS (0) 0 (Qm 2) CCE fail 1
UE 4fe0: ulsch_rounds 6585/0/0/0, ulsch_errors 0, ulsch_DTX 0, BLER 0.00000 MCS (0) 0 (Qm 2 deltaMCS 0) NPRB 5 SNR 22.0 (+2.0) RSSI -41.4 CCE fail 0
UE 4fe0: LCID 1,2,4, goodput DL    0.00 UL    0.00 Mbps

[0m[12:14:08.892727] [NR_MAC] Frame.Slot 0.0
UE RNTI 4fe0 CU-UE-ID 1 in-sync PH 48 dB PCMAX 20 dBm, average RSRP -43 (16 meas)
UE 4fe0: dlsch_rounds 988/0/0/0, dlsch_errors 0, pucch0_DTX 0 (SNR 16.2+1.2) RSSI -37.3, BLER 0.00000 MCS (0) 0 (Qm 2) CCE fail 1
UE 4fe0: ulsch_rounds 6600/0/0/0, ulsch_errors 0, ulsch_DTX 0, BLER 0.00000 MCS (0) 0 (Qm 2 deltaMCS 0) NPRB 5 SNR 22.0 (+2.0) RSSI -41.5 CCE fail 0
UE 4fe0: LCID 1,2,4, goodput DL    0.00 UL    0.00 Mbps

[0m[12:14:09.447979] [NR_MAC] Frame.Slot 128.0
UE RNTI 4fe0 CU-UE-ID 1 in-sync PH 48 dB PCMAX 20 dBm, average RSRP -43 (16 meas)
UE 4fe0: dlsch_rounds 990/0/0/0, dlsch_errors 0, pucch0_DTX 0 (SNR 16.2+1.2) RSSI -37.3, BLER 0.00000 MCS (0) 0 (Qm 2) CCE fail 1
UE 4fe0: ulsch_rounds 6617/0/0/0, ulsch_errors 0, ulsch_DTX 0, BLER 0.00000 MCS (0) 0 (Qm 2 deltaMCS 0) NPRB 5 SNR 22.4 (+2.4) RSSI -41.5 CCE fail 0
UE 4fe0: LCID 1,2,4, goodput DL    0.00 UL    0.00 Mbps

[0m[12:14:09.929216] [NR_MAC] Frame.Slot 256.0
UE RNTI 4fe0 CU-UE-ID 1 in-sync PH 48 dB PCMAX 20 dBm, average RSRP -43 (16 meas)
UE 4fe0: dlsch_rounds 994/0/0/0, dlsch_errors 0, pucch0_DTX 0 (SNR 16.2+1.2) RSSI -37.3, BLER 0.00000 MCS (0) 0 (Qm 2) CCE fail 1
UE 4fe0: ulsch_rounds 6636/0/0/0, ulsch_errors 0, ulsch_DTX 0, BLER 0.00000 MCS (0) 1 (Qm 2 deltaMCS 0) NPRB 5 SNR 22.2 (+2.2) RSSI -41.5 CCE fail 0
UE 4fe0: LCID 1,2,4, goodput DL    0.00 UL    0.00 Mbps

[0m[12:14:10.406100] [NR_MAC] Frame.Slot 384.0
UE RNTI 4fe0 CU-UE-ID 1 in-sync PH 48 dB PCMAX 20 dBm, average RSRP -43 (16 meas)
UE 4fe0: dlsch_rounds 996/0/0/0, dlsch_errors 0, pucch0_DTX 0 (SNR 16.2+1.2) RSSI -37.3, BLER 0.00000 MCS (0) 0 (Qm 2) CCE fail 1
UE 4fe0: ulsch_rounds 6652/0/0/0, ulsch_errors 0, ulsch_DTX 0, BLER 0.00000 MCS (0) 0 (Qm 2 deltaMCS 0) NPRB 5 SNR 22.9 (+2.9) RSSI -41.5 CCE fail 0
UE 4fe0: LCID 1,2,4, goodput DL    0.00 UL    0.00 Mbps

[0m[12:14:10.887666] [NR_MAC] Frame.Slot 512.0
UE RNTI 4fe0 CU-UE-ID 1 in-sync PH 48 dB PCMAX 20 dBm, average RSRP -43 (16 meas)
UE 4fe0: dlsch_rounds 998/0/0/0, dlsch_errors 0, pucch0_DTX 0 (SNR 16.2+1.2) RSSI -37.3, BLER 0.00000 MCS (0) 0 (Qm 2) CCE fail 1
UE 4fe0: ulsch_rounds 6669/0/0/0, ulsch_errors 0, ulsch_DTX 0, BLER 0.00000 MCS (0) 0 (Qm 2 deltaMCS 0) NPRB 5 SNR 22.2 (+2.2) RSSI -41.5 CCE fail 0
UE 4fe0: LCID 1,2,4, goodput DL    0.00 UL    0.00 Mbps

[0m[12:14:11.374799] [NR_MAC] Frame.Slot 640.0
UE RNTI 4fe0 CU-UE-ID 1 in-sync PH 48 dB PCMAX 20 dBm, average RSRP -43 (16 meas)
UE 4fe0: dlsch_rounds 1001/0/0/0, dlsch_errors 0, pucch0_DTX 0 (SNR 16.2+1.2) RSSI -37.3, BLER 0.00000 MCS (0) 0 (Qm 2) CCE fail 1
UE 4fe0: ulsch_rounds 6685/0/0/0, ulsch_errors 0, ulsch_DTX 0, BLER 0.00000 MCS (0) 0 (Qm 2 deltaMCS 0) NPRB 5 SNR 21.8 (+1.8) RSSI -41.6 CCE fail 0
UE 4fe0: LCID 1,2,4, goodput DL    0.00 UL    0.00 Mbps

[0m[12:14:11.890946] [NR_MAC] Frame.Slot 768.0
UE RNTI 4fe0 CU-UE-ID 1 in-sync PH 48 dB PCMAX 20 dBm, average RSRP -43 (16 meas)
UE 4fe0: dlsch_rounds 1004/0/0/0, dlsch_errors 0, pucch0_DTX 0 (SNR 16.2+1.2) RSSI -37.3, BLER 0.00000 MCS (0) 0 (Qm 2) CCE fail 1
UE 4fe0: ulsch_rounds 6705/0/0/0, ulsch_errors 0, ulsch_DTX 0, BLER 0.00000 MCS (0) 0 (Qm 2 deltaMCS 0) NPRB 5 SNR 23.5 (+3.5) RSSI -41.6 CCE fail 0
UE 4fe0: LCID 1,2,4, goodput DL    0.00 UL    0.00 Mbps

[0m[12:14:12.455424] [NR_MAC] Frame.Slot 896.0
UE RNTI 4fe0 CU-UE-ID 1 in-sync PH 48 dB PCMAX 20 dBm, average RSRP -43 (16 meas)
UE 4fe0: dlsch_rounds 1006/0/0/0, dlsch_errors 0, pucch0_DTX 0 (SNR 16.2+1.2) RSSI -37.3, BLER 0.00000 MCS (0) 0 (Qm 2) CCE fail 1
UE 4fe0: ulsch_rounds 6722/0/0/0, ulsch_errors 0, ulsch_DTX 0, BLER 0.00000 MCS (0) 0 (Qm 2 deltaMCS 0) NPRB 5 SNR 22.9 (+2.9) RSSI -41.5 CCE fail 0
UE 4fe0: LCID 1,2,4, goodput DL    0.00 UL    0.00 Mbps

[0m[12:14:12.955557] [NR_MAC] Frame.Slot 0.0
UE RNTI 4fe0 CU-UE-ID 1 in-sync PH 48 dB PCMAX 20 dBm, average RSRP -43 (16 meas)
UE 4fe0: dlsch_rounds 1008/0/0/0, dlsch_errors 0, pucch0_DTX 0 (SNR 16.2+1.2) RSSI -37.3, BLER 0.00000 MCS (0) 0 (Qm 2) CCE fail 1
UE 4fe0: ulsch_rounds 6738/0/0/0, ulsch_errors 0, ulsch_DTX 0, BLER 0.00000 MCS (0) 0 (Qm 2 deltaMCS 0) NPRB 5 SNR 22.5 (+2.5) RSSI -41.6 CCE fail 0
UE 4fe0: LCID 1,2,4, goodput DL    0.00 UL    0.00 Mbps

[0m[12:14:13.458123] [NR_MAC] Frame.Slot 128.0
UE RNTI 4fe0 CU-UE-ID 1 in-sync PH 48 dB PCMAX 20 dBm, average RSRP -43 (16 meas)
UE 4fe0: dlsch_rounds 1011/0/0/0, dlsch_errors 0, pucch0_DTX 0 (SNR 16.2+1.2) RSSI -37.3, BLER 0.00000 MCS (0) 0 (Qm 2) CCE fail 1
UE 4fe0: ulsch_rounds 6754/0/0/0, ulsch_errors 0, ulsch_DTX 0, BLER 0.00000 MCS (0) 0 (Qm 2 deltaMCS 0) NPRB 5 SNR 22.2 (+2.2) RSSI -41.5 CCE fail 0
UE 4fe0: LCID 1,2,4, goodput DL    0.00 UL    0.00 Mbps

[0m[12:14:13.949294] [NR_MAC] Frame.Slot 256.0
UE RNTI 4fe0 CU-UE-ID 1 in-sync PH 48 dB PCMAX 20 dBm, average RSRP -43 (16 meas)
UE 4fe0: dlsch_rounds 1014/0/0/0, dlsch_errors 0, pucch0_DTX 0 (SNR 16.2+1.2) RSSI -37.3, BLER 0.00000 MCS (0) 0 (Qm 2) CCE fail 1
UE 4fe0: ulsch_rounds 6774/0/0/0, ulsch_errors 0, ulsch_DTX 0, BLER 0.00000 MCS (0) 0 (Qm 2 deltaMCS 0) NPRB 5 SNR 23.8 (+3.8) RSSI -41.5 CCE fail 0
UE 4fe0: LCID 1,2,4, goodput DL    0.00 UL    0.00 Mbps

[0m[12:14:14.440510] [NR_MAC] Frame.Slot 384.0
UE RNTI 4fe0 CU-UE-ID 1 in-sync PH 48 dB PCMAX 20 dBm, average RSRP -43 (16 meas)
UE 4fe0: dlsch_rounds 1016/0/0/0, dlsch_errors 0, pucch0_DTX 0 (SNR 16.2+1.2) RSSI -37.3, BLER 0.00000 MCS (0) 0 (Qm 2) CCE fail 1
UE 4fe0: ulsch_rounds 6791/0/0/0, ulsch_errors 0, ulsch_DTX 0, BLER 0.00000 MCS (0) 0 (Qm 2 deltaMCS 0) NPRB 5 SNR 23.1 (+3.1) RSSI -41.5 CCE fail 0
UE 4fe0: LCID 1,2,4, goodput DL    0.00 UL    0.00 Mbps

[0m[12:14:15.043301] [NR_MAC] Frame.Slot 512.0
UE RNTI 4fe0 CU-UE-ID 1 in-sync PH 48 dB PCMAX 20 dBm, average RSRP -43 (16 meas)
UE 4fe0: dlsch_rounds 1019/0/0/0, dlsch_errors 0, pucch0_DTX 0 (SNR 16.2+1.2) RSSI -37.3, BLER 0.00000 MCS (0) 0 (Qm 2) CCE fail 1
UE 4fe0: ulsch_rounds 6807/0/0/0, ulsch_errors 0, ulsch_DTX 0, BLER 0.00000 MCS (0) 0 (Qm 2 deltaMCS 0) NPRB 5 SNR 22.7 (+2.7) RSSI -41.5 CCE fail 0
UE 4fe0: LCID 1,2,4, goodput DL    0.00 UL    0.00 Mbps

[0m[12:14:15.528744] [NR_MAC] Frame.Slot 640.0
UE RNTI 4fe0 CU-UE-ID 1 in-sync PH 48 dB PCMAX 20 dBm, average RSRP -43 (16 meas)
UE 4fe0: dlsch_rounds 1021/0/0/0, dlsch_errors 0, pucch0_DTX 0 (SNR 16.2+1.2) RSSI -37.3, BLER 0.00000 MCS (0) 0 (Qm 2) CCE fail 1
UE 4fe0: ulsch_rounds 6823/0/0/0, ulsch_errors 0, ulsch_DTX 0, BLER 0.00000 MCS (0) 0 (Qm 2 deltaMCS 0) NPRB 5 SNR 22.5 (+2.5) RSSI -41.5 CCE fail 0
UE 4fe0: LCID 1,2,4, goodput DL    0.00 UL    0.00 Mbps

[0m[12:14:16.013044] [NR_MAC] Frame.Slot 768.0
UE RNTI 4fe0 CU-UE-ID 1 in-sync PH 48 dB PCMAX 20 dBm, average RSRP -43 (16 meas)
UE 4fe0: dlsch_rounds 1024/0/0/0, dlsch_errors 0, pucch0_DTX 0 (SNR 16.2+1.2) RSSI -37.3, BLER 0.00000 MCS (0) 0 (Qm 2) CCE fail 1
UE 4fe0: ulsch_rounds 6843/0/0/0, ulsch_errors 0, ulsch_DTX 0, BLER 0.00000 MCS (0) 0 (Qm 2 deltaMCS 0) NPRB 5 SNR 24.0 (+4.0) RSSI -41.5 CCE fail 0
UE 4fe0: LCID 1,2,4, goodput DL    0.00 UL    0.00 Mbps

[0m[12:14:16.530590] [NR_MAC] Frame.Slot 896.0
UE RNTI 4fe0 CU-UE-ID 1 in-sync PH 48 dB PCMAX 20 dBm, average RSRP -43 (16 meas)
UE 4fe0: dlsch_rounds 1026/0/0/0, dlsch_errors 0, pucch0_DTX 0 (SNR 16.2+1.2) RSSI -37.3, BLER 0.00000 MCS (0) 0 (Qm 2) CCE fail 1
UE 4fe0: ulsch_rounds 6858/0/0/0, ulsch_errors 0, ulsch_DTX 0, BLER 0.00000 MCS (0) 0 (Qm 2 deltaMCS 0) NPRB 5 SNR 22.9 (+2.9) RSSI -41.4 CCE fail 0
UE 4fe0: LCID 1,2,4, goodput DL    0.00 UL    0.00 Mbps

[0m[12:14:16.778128] [HW]     Client connects from ::ffff:10.202.1.2:50368
[0m[32m[12:14:16.783353] [HW]     RFsim: Number of antennas changed from 0 to 1
[0m[12:14:17.188644] [NR_MAC] Frame.Slot 0.0
UE RNTI 4fe0 CU-UE-ID 1 in-sync PH 48 dB PCMAX 20 dBm, average RSRP -43 (16 meas)
UE 4fe0: dlsch_rounds 1029/0/0/0, dlsch_errors 0, pucch0_DTX 0 (SNR 16.2+1.2) RSSI -37.3, BLER 0.00000 MCS (0) 0 (Qm 2) CCE fail 1
UE 4fe0: ulsch_rounds 6875/0/0/0, ulsch_errors 0, ulsch_DTX 0, BLER 0.00000 MCS (0) 0 (Qm 2 deltaMCS 0) NPRB 5 SNR 22.3 (+2.3) RSSI -41.5 CCE fail 0
UE 4fe0: LCID 1,2,4, goodput DL    0.00 UL    0.00 Mbps

[0m[32m[12:14:17.598373] [NR_PHY] [RAPROC] 63.19 Initiating RA procedure with preamble 40, energy 60.5 dB (I0 0, thres 200), delay 0 start symbol 8 freq index 0
[0m[32m[12:14:17.598484] [NR_MAC] 63.19 UE RA-RNTI 0113 TC-RNTI bba8: initiating RA procedure
[0m[12:14:17.598492] [NR_MAC] UE bba8: Sync beam index 0
[0m[12:14:17.600101] [NR_MAC] UE bba8: Msg3 scheduled at 64.17 (64.10 TDA 1) start 0 RBs 8
[0m[32m[12:14:17.600140] [NR_MAC] UE bba8: 64.10 Generating RA-Msg2 DCI, RA RNTI 0x113, state 1, preamble_index(RAPID) 40, timing_offset = 0 (estimated distance 0.0 [m])
[0m[32m[12:14:17.605037] [NR_MAC]   64.17 PUSCH with TC_RNTI 0xbba8 received correctly
[0m[12:14:17.605069] [MAC]    [RAPROC] Received SDU for CCCH length 6 for UE bba8
[0m[12:14:17.605102] [RLC]    Activated srb0 for UE 48040
[0m[12:14:17.605114] [NR_RRC] SRS configured with 1 ports
[0m[12:14:17.605149] [RLC]    Added srb 1 to UE 48040
[0m[12:14:17.605252] [NR_MAC] Activating scheduling Msg4 for TC_RNTI 0xbba8 (state WAIT_Msg3)
[0m[12:14:17.606655] [NR_MAC] UE bba8 Generate Msg4: feedback at   65.17, payload 157 bytes, next state nrRA_WAIT_Msg4_MsgB_ACK
[0m[32m[12:14:17.611372] [NR_MAC]   65.17 UE bba8: Received Ack of Msg4. CBRA procedure succeeded (UE Connected)
[0m[12:14:17.611420] [NR_MAC] Adding new UE context with RNTI 0xbba8
[0m[12:14:17.822213] [RLC]    Added srb 2 to UE 48040
[0m[12:14:17.822751] [RLC]    Added drb 1 to UE 48040
[0m[12:14:17.822760] [RLC]    Added DRB to UE 48040
[0m[12:14:17.822764] [GTPU]   Incoming DRB 1 / PDU Session 1 - UL TEID -1029287942
[0m[12:14:17.822771] [GTPU]   [81] UE ID 48040: Create tunnel TEID incoming 0xa1e60e3e outgoing 0xc2a64ffa to remote IPv4 127.0.0.3, IPv6 ::, port 2152
[0m[93m[12:14:17.829160] [NR_MAC] Received ACK for RRCReconfiguration, but nothing to apply!
[0m[12:14:17.842903] [NR_MAC] DU received confirmation of successful RRC Reconfiguration
[0m[12:14:18.019820] [NR_MAC] Frame.Slot 128.0
UE RNTI 4fe0 CU-UE-ID 1 in-sync PH 48 dB PCMAX 20 dBm, average RSRP -43 (16 meas)
UE 4fe0: dlsch_rounds 1031/0/0/0, dlsch_errors 0, pucch0_DTX 0 (SNR 16.2+1.2) RSSI -37.3, BLER 0.00000 MCS (0) 0 (Qm 2) CCE fail 1
UE 4fe0: ulsch_rounds 6891/0/0/0, ulsch_errors 0, ulsch_DTX 0, BLER 0.00000 MCS (0) 0 (Qm 2 deltaMCS 0) NPRB 5 SNR 22.3 (+2.3) RSSI -41.5 CCE fail 0
UE 4fe0: LCID 1,2,4, goodput DL    0.00 UL    0.00 Mbps
UE RNTI bba8 CU-UE-ID 2 in-sync PH 48 dB PCMAX 20 dBm, average RSRP -43 (7 meas)
UE bba8: dlsch_rounds 16/0/0/0, dlsch_errors 0, pucch0_DTX 0 (SNR 16.5+1.5) RSSI -37.3, BLER 0.07290 MCS (0) 0 (Qm 2) CCE fail 1
UE bba8: ulsch_rounds 37/0/0/0, ulsch_errors 0, ulsch_DTX 0, BLER 0.05905 MCS (0) 0 (Qm 2 deltaMCS 0) NPRB 5 SNR 22.3 (+2.3) RSSI -42.0 CCE fail 0
UE bba8: LCID 1,2,4, goodput DL    0.01 UL    0.00 Mbps

[0m[12:14:18.933773] [NR_MAC] Frame.Slot 256.0
UE RNTI 4fe0 CU-UE-ID 1 in-sync PH 48 dB PCMAX 20 dBm, average RSRP -43 (16 meas)
UE 4fe0: dlsch_rounds 1034/0/0/0, dlsch_errors 0, pucch0_DTX 0 (SNR 16.2+1.2) RSSI -37.3, BLER 0.00000 MCS (0) 0 (Qm 2) CCE fail 1
UE 4fe0: ulsch_rounds 6912/0/0/0, ulsch_errors 0, ulsch_DTX 0, BLER 0.00000 MCS (0) 0 (Qm 2 deltaMCS 0) NPRB 5 SNR 23.7 (+3.7) RSSI -41.5 CCE fail 0
UE 4fe0: LCID 1,2,4, goodput DL    0.00 UL    0.00 Mbps
UE RNTI bba8 CU-UE-ID 2 in-sync PH 48 dB PCMAX 20 dBm, average RSRP -43 (16 meas)
UE bba8: dlsch_rounds 18/0/0/0, dlsch_errors 0, pucch0_DTX 0 (SNR 16.5+1.5) RSSI -37.3, BLER 0.05905 MCS (0) 0 (Qm 2) CCE fail 1
UE bba8: ulsch_rounds 54/0/0/0, ulsch_errors 0, ulsch_DTX 0, BLER 0.01501 MCS (0) 0 (Qm 2 deltaMCS 0) NPRB 5 SNR 22.6 (+2.6) RSSI -41.9 CCE fail 0
UE bba8: LCID 1,2,4, goodput DL    0.00 UL    0.00 Mbps

[0m[12:14:19.086074] [HW]     Client connects from ::ffff:10.203.1.3:26294
[0m[32m[12:14:19.093020] [HW]     RFsim: Number of antennas changed from 0 to 1
[0m[12:14:20.090553] [NR_MAC] Frame.Slot 384.0
UE RNTI 4fe0 CU-UE-ID 1 in-sync PH 48 dB PCMAX 20 dBm, average RSRP -43 (16 meas)
UE 4fe0: dlsch_rounds 1036/0/0/0, dlsch_errors 0, pucch0_DTX 0 (SNR 16.2+1.2) RSSI -37.3, BLER 0.00000 MCS (0) 0 (Qm 2) CCE fail 1
UE 4fe0: ulsch_rounds 6928/0/0/0, ulsch_errors 0, ulsch_DTX 0, BLER 0.00000 MCS (0) 0 (Qm 2 deltaMCS 0) NPRB 5 SNR 23.3 (+3.3) RSSI -41.5 CCE fail 0
UE 4fe0: LCID 1,2,4, goodput DL    0.00 UL    0.00 Mbps
UE RNTI bba8 CU-UE-ID 2 in-sync PH 48 dB PCMAX 20 dBm, average RSRP -43 (16 meas)
UE bba8: dlsch_rounds 21/0/0/0, dlsch_errors 0, pucch0_DTX 0 (SNR 16.5+1.5) RSSI -37.3, BLER 0.04305 MCS (0) 0 (Qm 2) CCE fail 1
UE bba8: ulsch_rounds 70/0/0/0, ulsch_errors 0, ulsch_DTX 0, BLER 0.00424 MCS (0) 0 (Qm 2 deltaMCS 0) NPRB 5 SNR 22.4 (+2.4) RSSI -42.0 CCE fail 0
UE bba8: LCID 1,2,4, goodput DL    0.00 UL    0.00 Mbps

[0m[32m[12:14:20.406346] [NR_PHY] [RAPROC] 415.19 Initiating RA procedure with preamble 30, energy 60.0 dB (I0 0, thres 200), delay 0 start symbol 0 freq index 0
[0m[32m[12:14:20.406475] [NR_MAC] 415.19 UE RA-RNTI 010b TC-RNTI fdaa: initiating RA procedure
[0m[12:14:20.406479] [NR_MAC] UE fdaa: Sync beam index 0
[0m[12:14:20.408688] [NR_MAC] UE fdaa: Msg3 scheduled at 416.17 (416.10 TDA 1) start 0 RBs 8
[0m[32m[12:14:20.408708] [NR_MAC] UE fdaa: 416.10 Generating RA-Msg2 DCI, RA RNTI 0x10b, state 1, preamble_index(RAPID) 30, timing_offset = 0 (estimated distance 0.0 [m])
[0m[32m[12:14:20.415104] [NR_MAC]  416.17 PUSCH with TC_RNTI 0xfdaa received correctly
[0m[12:14:20.415136] [MAC]    [RAPROC] Received SDU for CCCH length 6 for UE fdaa
[0m[12:14:20.415172] [RLC]    Activated srb0 for UE 64938
[0m[12:14:20.415194] [NR_RRC] SRS configured with 1 ports
[0m[12:14:20.415224] [RLC]    Added srb 1 to UE 64938
[0m[12:14:20.415336] [NR_MAC] Activating scheduling Msg4 for TC_RNTI 0xfdaa (state WAIT_Msg3)
[0m[12:14:20.417906] [NR_MAC] UE fdaa Generate Msg4: feedback at  417.17, payload 157 bytes, next state nrRA_WAIT_Msg4_MsgB_ACK
[0m[32m[12:14:20.423599] [NR_MAC]  417.17 UE fdaa: Received Ack of Msg4. CBRA procedure succeeded (UE Connected)
[0m[12:14:20.423632] [NR_MAC] Adding new UE context with RNTI 0xfdaa
[0m[12:14:20.683096] [RLC]    Added srb 2 to UE 64938
[0m[12:14:20.683876] [RLC]    Added drb 1 to UE 64938
[0m[12:14:20.683897] [RLC]    Added DRB to UE 64938
[0m[12:14:20.683910] [GTPU]   Incoming DRB 1 / PDU Session 1 - UL TEID -1626475955
[0m[12:14:20.683921] [GTPU]   [81] UE ID 64938: Create tunnel TEID incoming 0x8bc1dbf5 outgoing 0x9f0df24d to remote IPv4 127.0.0.3, IPv6 ::, port 2152
[0m[93m[12:14:20.696148] [NR_MAC] Received ACK for RRCReconfiguration, but nothing to apply!
[0m[12:14:20.713947] [NR_MAC] DU received confirmation of successful RRC Reconfiguration
[0m[12:14:20.942513] [HW]     Client connects from ::ffff:10.204.1.4:43737
[0m[32m[12:14:20.950454] [HW]     RFsim: Number of antennas changed from 0 to 1
[0m[12:14:21.465209] [NR_MAC] Frame.Slot 512.0
UE RNTI 4fe0 CU-UE-ID 1 in-sync PH 48 dB PCMAX 20 dBm, average RSRP -43 (16 meas)
UE 4fe0: dlsch_rounds 1039/0/0/0, dlsch_errors 0, pucch0_DTX 0 (SNR 16.2+1.2) RSSI -37.3, BLER 0.00000 MCS (0) 0 (Qm 2) CCE fail 1
UE 4fe0: ulsch_rounds 6945/0/0/0, ulsch_errors 0, ulsch_DTX 0, BLER 0.00000 MCS (0) 0 (Qm 2 deltaMCS 0) NPRB 5 SNR 21.9 (+1.9) RSSI -41.5 CCE fail 0
UE 4fe0: LCID 1,2,4, goodput DL    0.00 UL    0.00 Mbps
UE RNTI bba8 CU-UE-ID 2 in-sync PH 48 dB PCMAX 20 dBm, average RSRP -43 (16 meas)
UE bba8: dlsch_rounds 23/0/0/0, dlsch_errors 0, pucch0_DTX 0 (SNR 16.5+1.5) RSSI -37.3, BLER 0.03487 MCS (0) 0 (Qm 2) CCE fail 1
UE bba8: ulsch_rounds 87/0/0/0, ulsch_errors 0, ulsch_DTX 0, BLER 0.00108 MCS (0) 0 (Qm 2 deltaMCS 0) NPRB 5 SNR 22.2 (+2.2) RSSI -42.0 CCE fail 0
UE bba8: LCID 1,2,4, goodput DL    0.00 UL    0.00 Mbps
UE RNTI fdaa CU-UE-ID 3 in-sync PH 48 dB PCMAX 20 dBm, average RSRP -43 (11 meas)
UE fdaa: dlsch_rounds 16/0/0/0, dlsch_errors 0, pucch0_DTX 0 (SNR 16.3+1.3) RSSI -37.3, BLER 0.08100 MCS (0) 0 (Qm 2) CCE fail 4
UE fdaa: ulsch_rounds 40/0/0/0, ulsch_errors 0, ulsch_DTX 0, BLER 0.04305 MCS (0) 0 (Qm 2 deltaMCS 0) NPRB 5 SNR 22.2 (+2.2) RSSI -42.0 CCE fail 2
UE fdaa: LCID 1,2,4, goodput DL    0.00 UL    0.00 Mbps

[0m[32m[12:14:23.665929] [NR_PHY] [RAPROC] 601.19 Initiating RA procedure with preamble 25, energy 60.3 dB (I0 0, thres 200), delay 0 start symbol 4 freq index 0
[0m[32m[12:14:23.666091] [NR_MAC] 601.19 UE RA-RNTI 010f TC-RNTI 32ac: initiating RA procedure
[0m[12:14:23.666099] [NR_MAC] UE 32ac: Sync beam index 0
[0m[12:14:23.668558] [NR_MAC] UE 32ac: Msg3 scheduled at 602.17 (602.10 TDA 1) start 0 RBs 8
[0m[32m[12:14:23.668579] [NR_MAC] UE 32ac: 602.10 Generating RA-Msg2 DCI, RA RNTI 0x10f, state 1, preamble_index(RAPID) 25, timing_offset = 0 (estimated distance 0.0 [m])
[0m[32m[12:14:23.676547] [NR_MAC]  602.17 PUSCH with TC_RNTI 0x32ac received correctly
[0m[12:14:23.676601] [MAC]    [RAPROC] Received SDU for CCCH length 6 for UE 32ac
[0m[12:14:23.676680] [RLC]    Activated srb0 for UE 12972
[0m[12:14:23.676703] [NR_RRC] SRS configured with 1 ports
[0m[12:14:23.676764] [RLC]    Added srb 1 to UE 12972
[0m[12:14:23.676873] [NR_MAC] Activating scheduling Msg4 for TC_RNTI 0x32ac (state WAIT_Msg3)
[0m[12:14:23.680236] [NR_MAC] UE 32ac Generate Msg4: feedback at  603.17, payload 157 bytes, next state nrRA_WAIT_Msg4_MsgB_ACK
[0m[32m[12:14:23.688758] [NR_MAC]  603.17 UE 32ac: Received Ack of Msg4. CBRA procedure succeeded (UE Connected)
[0m[12:14:23.688785] [NR_MAC] Adding new UE context with RNTI 0x32ac
[0m[12:14:23.946160] [RLC]    Added srb 2 to UE 12972
[0m[12:14:23.946877] [RLC]    Added drb 1 to UE 12972
[0m[12:14:23.946887] [RLC]    Added DRB to UE 12972
[0m[12:14:23.946890] [GTPU]   Incoming DRB 1 / PDU Session 1 - UL TEID -1716566295
[0m[12:14:23.946897] [GTPU]   [81] UE ID 12972: Create tunnel TEID incoming 0x62d393d2 outgoing 0x99af46e9 to remote IPv4 127.0.0.3, IPv6 ::, port 2152
[0m[93m[12:14:23.961301] [NR_MAC] Received ACK for RRCReconfiguration, but nothing to apply!
[0m[12:14:23.983029] [NR_MAC] DU received confirmation of successful RRC Reconfiguration
[0m[12:14:24.067107] [HW]     Client connects from ::ffff:10.205.1.5:27309
[0m[32m[12:14:24.074012] [HW]     RFsim: Number of antennas changed from 0 to 1
[0m[12:14:24.153922] [NR_MAC] Frame.Slot 640.0
UE RNTI 4fe0 CU-UE-ID 1 in-sync PH 48 dB PCMAX 20 dBm, average RSRP -43 (16 meas)
UE 4fe0: dlsch_rounds 1041/0/0/0, dlsch_errors 0, pucch0_DTX 0 (SNR 16.2+1.2) RSSI -37.3, BLER 0.00000 MCS (0) 0 (Qm 2) CCE fail 1
UE 4fe0: ulsch_rounds 6963/0/0/0, ulsch_errors 0, ulsch_DTX 0, BLER 0.00000 MCS (0) 0 (Qm 2 deltaMCS 0) NPRB 5 SNR 22.3 (+2.3) RSSI -41.6 CCE fail 0
UE 4fe0: LCID 1,2,4, goodput DL    0.00 UL    0.00 Mbps
UE RNTI bba8 CU-UE-ID 2 in-sync PH 48 dB PCMAX 20 dBm, average RSRP -43 (16 meas)
UE bba8: dlsch_rounds 27/0/0/0, dlsch_errors 0, pucch0_DTX 0 (SNR 16.5+1.5) RSSI -37.3, BLER 0.02288 MCS (0) 0 (Qm 2) CCE fail 1
UE bba8: ulsch_rounds 111/0/0/0, ulsch_errors 0, ulsch_DTX 0, BLER 0.00030 MCS (0) 0 (Qm 2 deltaMCS 0) NPRB 5 SNR 22.8 (+2.8) RSSI -42.0 CCE fail 0
UE bba8: LCID 1,2,4, goodput DL    0.00 UL    0.00 Mbps
UE RNTI fdaa CU-UE-ID 3 in-sync PH 48 dB PCMAX 20 dBm, average RSRP -43 (16 meas)
UE fdaa: dlsch_rounds 19/0/0/0, dlsch_errors 0, pucch0_DTX 0 (SNR 16.3+1.3) RSSI -37.3, BLER 0.05905 MCS (0) 0 (Qm 2) CCE fail 4
UE fdaa: ulsch_rounds 56/0/0/0, ulsch_errors 0, ulsch_DTX 0, BLER 0.01216 MCS (0) 0 (Qm 2 deltaMCS 0) NPRB 5 SNR 22.7 (+2.7) RSSI -41.9 CCE fail 2
UE fdaa: LCID 1,2,4, goodput DL    0.00 UL    0.00 Mbps
UE RNTI 32ac CU-UE-ID 4 in-sync PH 48 dB PCMAX 20 dBm, average RSRP -43 (4 meas)
UE 32ac: dlsch_rounds 16/0/0/0, dlsch_errors 0, pucch0_DTX 0 (SNR 16.8+1.8) RSSI -37.3, BLER 0.08100 MCS (0) 0 (Qm 2) CCE fail 2
UE 32ac: ulsch_rounds 33/0/0/0, ulsch_errors 0, ulsch_DTX 0, BLER 0.07290 MCS (0) 0 (Qm 2 deltaMCS 0) NPRB 5 SNR 23.7 (+3.7) RSSI -42.0 CCE fail 3
UE 32ac: LCID 1,2,4, goodput DL    0.01 UL    0.00 Mbps

[0m[32m[12:14:26.015335] [NR_PHY] [RAPROC] 747.19 Initiating RA procedure with preamble 35, energy 60.5 dB (I0 0, thres 200), delay 0 start symbol 4 freq index 0
[0m[32m[12:14:26.015466] [NR_MAC] 747.19 UE RA-RNTI 010f TC-RNTI 5c06: initiating RA procedure
[0m[12:14:26.015477] [NR_MAC] UE 5c06: Sync beam index 0
[0m[12:14:26.020344] [NR_MAC] UE 5c06: Msg3 scheduled at 748.17 (748.10 TDA 1) start 0 RBs 8
[0m[32m[12:14:26.020367] [NR_MAC] UE 5c06: 748.10 Generating RA-Msg2 DCI, RA RNTI 0x10f, state 1, preamble_index(RAPID) 35, timing_offset = 0 (estimated distance 0.0 [m])
[0m[32m[12:14:26.034107] [NR_MAC]  748.17 PUSCH with TC_RNTI 0x5c06 received correctly
[0m[12:14:26.034157] [MAC]    [RAPROC] Received SDU for CCCH length 6 for UE 5c06
[0m[12:14:26.034296] [RLC]    Activated srb0 for UE 23558
[0m[12:14:26.034340] [NR_RRC] SRS configured with 1 ports
[0m[12:14:26.034389] [RLC]    Added srb 1 to UE 23558
[0m[12:14:26.034542] [NR_MAC] Activating scheduling Msg4 for TC_RNTI 0x5c06 (state WAIT_Msg3)
[0m[12:14:26.035702] [NR_MAC] UE 5c06 Generate Msg4: feedback at  749. 9, payload 157 bytes, next state nrRA_WAIT_Msg4_MsgB_ACK
[0m[32m[12:14:26.048557] [NR_MAC]  749. 9 UE 5c06: Received Ack of Msg4. CBRA procedure succeeded (UE Connected)
[0m[12:14:26.048606] [NR_MAC] Adding new UE context with RNTI 0x5c06
[0m[12:14:26.111365] [HW]     Client connects from ::ffff:10.206.1.6:27798
[0m[32m[12:14:26.120816] [HW]     RFsim: Number of antennas changed from 0 to 1
[0m[12:14:26.428725] [RLC]    Added srb 2 to UE 23558
[0m[12:14:26.429731] [RLC]    Added drb 1 to UE 23558
[0m[12:14:26.429744] [RLC]    Added DRB to UE 23558
[0m[12:14:26.429750] [GTPU]   Incoming DRB 1 / PDU Session 1 - UL TEID 546332836
[0m[12:14:26.429758] [GTPU]   [81] UE ID 23558: Create tunnel TEID incoming 0x8d77cae9 outgoing 0x209060a4 to remote IPv4 127.0.0.3, IPv6 ::, port 2152
[0m[93m[12:14:26.449539] [NR_MAC] Received ACK for RRCReconfiguration, but nothing to apply!
[0m[12:14:26.458847] [NR_MAC] Frame.Slot 768.0
UE RNTI 4fe0 CU-UE-ID 1 in-sync PH 48 dB PCMAX 20 dBm, average RSRP -43 (16 meas)
UE 4fe0: dlsch_rounds 1043/0/0/0, dlsch_errors 0, pucch0_DTX 0 (SNR 16.2+1.2) RSSI -37.3, BLER 0.00000 MCS (0) 0 (Qm 2) CCE fail 1
UE 4fe0: ulsch_rounds 6978/0/0/0, ulsch_errors 0, ulsch_DTX 0, BLER 0.00000 MCS (0) 0 (Qm 2 deltaMCS 0) NPRB 5 SNR 22.6 (+2.6) RSSI -41.6 CCE fail 0
UE 4fe0: LCID 1,2,4, goodput DL    0.00 UL    0.00 Mbps
UE RNTI bba8 CU-UE-ID 2 in-sync PH 48 dB PCMAX 20 dBm, average RSRP -43 (16 meas)
UE bba8: dlsch_rounds 30/0/0/0, dlsch_errors 0, pucch0_DTX 0 (SNR 16.5+1.5) RSSI -37.3, BLER 0.01668 MCS (0) 0 (Qm 2) CCE fail 1
UE bba8: ulsch_rounds 127/0/0/0, ulsch_errors 0, ulsch_DTX 0, BLER 0.00009 MCS (0) 0 (Qm 2 deltaMCS 0) NPRB 5 SNR 22.5 (+2.5) RSSI -41.9 CCE fail 0
UE bba8: LCID 1,2,4, goodput DL    0.00 UL    0.00 Mbps
UE RNTI fdaa CU-UE-ID 3 in-sync PH 48 dB PCMAX 20 dBm, average RSRP -43 (16 meas)
UE fdaa: dlsch_rounds 23/0/0/0, dlsch_errors 0, pucch0_DTX 0 (SNR 16.0+1.0) RSSI -37.3, BLER 0.04305 MCS (0) 0 (Qm 2) CCE fail 4
UE fdaa: ulsch_rounds 81/0/0/0, ulsch_errors 0, ulsch_DTX 0, BLER 0.00343 MCS (0) 0 (Qm 2 deltaMCS 0) NPRB 13 SNR 23.6 (+3.6) RSSI -41.7 CCE fail 2
UE fdaa: LCID 1,2,4, goodput DL    0.00 UL    0.00 Mbps
UE RNTI 32ac CU-UE-ID 4 in-sync PH 48 dB PCMAX 20 dBm, average RSRP -43 (16 meas)
UE 32ac: dlsch_rounds 18/0/0/0, dlsch_errors 0, pucch0_DTX 0 (SNR 16.8+1.8) RSSI -37.3, BLER 0.06561 MCS (0) 0 (Qm 2) CCE fail 2
UE 32ac: ulsch_rounds 50/0/0/0, ulsch_errors 0, ulsch_DTX 0, BLER 0.02288 MCS (0) 0 (Qm 2 deltaMCS 0) NPRB 5 SNR 22.3 (+2.3) RSSI -41.6 CCE fail 3
UE 32ac: LCID 1,2,4, goodput DL    0.00 UL    0.00 Mbps
UE RNTI 5c06 CU-UE-ID 5 in-sync PH 56 dB PCMAX 20 dBm, average RSRP -43 (2 meas)
UE 5c06: dlsch_rounds 13/0/0/0, dlsch_errors 0, pucch0_DTX 0 (SNR 16.0+1.0) RSSI -37.3, BLER 0.09000 MCS (0) 0 (Qm 2) CCE fail 3
UE 5c06: ulsch_rounds 24/0/0/0, ulsch_errors 0, ulsch_DTX 0, BLER 0.09000 MCS (0) 0 (Qm 2 deltaMCS 0) NPRB 5 SNR 22.8 (+2.8) RSSI -42.0 CCE fail 2
UE 5c06: LCID 1,2,4, goodput DL    0.01 UL    0.00 Mbps

[0m[12:14:26.491859] [NR_MAC] DU received confirmation of successful RRC Reconfiguration
[0m[12:14:28.133535] [HW]     Client connects from ::ffff:10.207.1.7:27826
[0m[32m[12:14:28.142712] [HW]     RFsim: Number of antennas changed from 0 to 1
[0m[32m[12:14:28.938266] [NR_PHY] [RAPROC] 871.19 Initiating RA procedure with preamble 37, energy 60.3 dB (I0 0, thres 200), delay 0 start symbol 0 freq index 0
[0m[32m[12:14:28.938527] [NR_MAC] 871.19 UE RA-RNTI 010b TC-RNTI a957: initiating RA procedure
[0m[12:14:28.938544] [NR_MAC] UE a957: Sync beam index 0
[0m[12:14:28.947667] [NR_MAC] UE a957: Msg3 scheduled at 872.17 (872.10 TDA 1) start 0 RBs 8
[0m[32m[12:14:28.947696] [NR_MAC] UE a957: 872.10 Generating RA-Msg2 DCI, RA RNTI 0x10b, state 1, preamble_index(RAPID) 37, timing_offset = 0 (estimated distance 0.0 [m])
[0m[32m[12:14:28.969062] [NR_MAC]  872.17 PUSCH with TC_RNTI 0xa957 received correctly
[0m[12:14:28.969103] [MAC]    [RAPROC] Received SDU for CCCH length 6 for UE a957
[0m[12:14:28.969145] [RLC]    Activated srb0 for UE 43351
[0m[12:14:28.969166] [NR_RRC] SRS configured with 1 ports
[0m[12:14:28.969208] [RLC]    Added srb 1 to UE 43351
[0m[12:14:28.969332] [NR_MAC] Activating scheduling Msg4 for TC_RNTI 0xa957 (state WAIT_Msg3)
[0m[12:14:28.972914] [NR_MAC] UE a957 Generate Msg4: feedback at  873. 9, payload 157 bytes, next state nrRA_WAIT_Msg4_MsgB_ACK
[0m[32m[12:14:28.991273] [NR_MAC]  873. 9 UE a957: Received Ack of Msg4. CBRA procedure succeeded (UE Connected)
[0m[12:14:28.991313] [NR_MAC] Adding new UE context with RNTI 0xa957
[0m[12:14:29.463684] [RLC]    Added srb 2 to UE 43351
[0m[12:14:29.464312] [RLC]    Added drb 1 to UE 43351
[0m[12:14:29.464323] [RLC]    Added DRB to UE 43351
[0m[12:14:29.464327] [GTPU]   Incoming DRB 1 / PDU Session 1 - UL TEID -1390437500
[0m[12:14:29.464336] [GTPU]   [81] UE ID 43351: Create tunnel TEID incoming 0x7b68d2b9 outgoing 0xad1f9b84 to remote IPv4 127.0.0.3, IPv6 ::, port 2152
[0m[93m[12:14:29.493269] [NR_MAC] Received ACK for RRCReconfiguration, but nothing to apply!
[0m[12:14:29.542280] [NR_MAC] DU received confirmation of successful RRC Reconfiguration
[0m[12:14:29.588885] [NR_MAC] Frame.Slot 896.0
UE RNTI 4fe0 CU-UE-ID 1 in-sync PH 48 dB PCMAX 20 dBm, average RSRP -43 (16 meas)
UE 4fe0: dlsch_rounds 1047/0/0/0, dlsch_errors 0, pucch0_DTX 0 (SNR 16.2+1.2) RSSI -37.3, BLER 0.00000 MCS (0) 0 (Qm 2) CCE fail 1
UE 4fe0: ulsch_rounds 6998/0/0/0, ulsch_errors 0, ulsch_DTX 0, BLER 0.00000 MCS (0) 0 (Qm 2 deltaMCS 0) NPRB 5 SNR 22.3 (+2.3) RSSI -41.7 CCE fail 0
UE 4fe0: LCID 1,2,4, goodput DL    0.00 UL    0.00 Mbps
UE RNTI bba8 CU-UE-ID 2 in-sync PH 48 dB PCMAX 20 dBm, average RSRP -43 (16 meas)
UE bba8: dlsch_rounds 32/0/0/0, dlsch_errors 0, pucch0_DTX 0 (SNR 16.5+1.5) RSSI -37.3, BLER 0.01351 MCS (0) 0 (Qm 2) CCE fail 1
UE bba8: ulsch_rounds 149/0/0/0, ulsch_errors 0, ulsch_DTX 0, BLER 0.00002 MCS (0) 1 (Qm 2 deltaMCS 0) NPRB 5 SNR 22.3 (+2.3) RSSI -41.7 CCE fail 0
UE bba8: LCID 1,2,4, goodput DL    0.00 UL    0.00 Mbps
UE RNTI fdaa CU-UE-ID 3 in-sync PH 48 dB PCMAX 20 dBm, average RSRP -43 (16 meas)
UE fdaa: dlsch_rounds 25/0/0/0, dlsch_errors 0, pucch0_DTX 0 (SNR 16.0+1.0) RSSI -37.3, BLER 0.03487 MCS (0) 0 (Qm 2) CCE fail 4
UE fdaa: ulsch_rounds 97/0/0/0, ulsch_errors 0, ulsch_DTX 0, BLER 0.00097 MCS (0) 0 (Qm 2 deltaMCS 0) NPRB 5 SNR 22.8 (+2.8) RSSI -41.8 CCE fail 2
UE fdaa: LCID 1,2,4, goodput DL    0.00 UL    0.00 Mbps
UE RNTI 32ac CU-UE-ID 4 in-sync PH 48 dB PCMAX 20 dBm, average RSRP -43 (16 meas)
UE 32ac: dlsch_rounds 21/0/0/0, dlsch_errors 0, pucch0_DTX 0 (SNR 16.8+1.8) RSSI -37.3, BLER 0.05314 MCS (0) 0 (Qm 2) CCE fail 2
UE 32ac: ulsch_rounds 68/0/0/0, ulsch_errors 0, ulsch_DTX 0, BLER 0.00718 MCS (0) 0 (Qm 2 deltaMCS 0) NPRB 5 SNR 22.0 (+2.0) RSSI -41.5 CCE fail 3
UE 32ac: LCID 1,2,4, goodput DL    0.00 UL    0.00 Mbps
UE RNTI 5c06 CU-UE-ID 5 in-sync PH 48 dB PCMAX 20 dBm, average RSRP -43 (16 meas)
UE 5c06: dlsch_rounds 16/0/0/0, dlsch_errors 0, pucch0_DTX 0 (SNR 16.0+1.0) RSSI -37.3, BLER 0.06561 MCS (0) 0 (Qm 2) CCE fail 3
UE 5c06: ulsch_rounds 46/0/0/0, ulsch_errors 0, ulsch_DTX 0, BLER 0.02542 MCS (0) 0 (Qm 2 deltaMCS 0) NPRB 5 SNR 22.2 (+2.2) RSSI -41.9 CCE fail 3
UE 5c06: LCID 1,2,4, goodput DL    0.00 UL    0.00 Mbps
UE RNTI a957 CU-UE-ID 6 in-sync PH 54 dB PCMAX 20 dBm, average RSRP -43 (2 meas)
UE a957: dlsch_rounds 15/0/0/0, dlsch_errors 0, pucch0_DTX 0 (SNR 16.0+1.0) RSSI -37.3, BLER 0.08100 MCS (0) 0 (Qm 2) CCE fail 2
UE a957: ulsch_rounds 33/0/0/0, ulsch_errors 0, ulsch_DTX 0, BLER 0.08100 MCS (0) 0 (Qm 2 deltaMCS 0) NPRB 5 SNR 23.5 (+3.5) RSSI -42.0 CCE fail 2
UE a957: LCID 1,2,4, goodput DL    0.01 UL    0.00 Mbps

[0m[12:14:30.061917] [HW]     Client connects from ::ffff:10.208.1.8:20124
[0m[32m[12:14:30.069448] [HW]     RFsim: Number of antennas changed from 0 to 1
[0m[32m[12:14:31.112655] [NR_PHY] [RAPROC] 953.19 Initiating RA procedure with preamble 25, energy 60.3 dB (I0 0, thres 200), delay 0 start symbol 4 freq index 0
[0m[32m[12:14:31.112823] [NR_MAC] 953.19 UE RA-RNTI 010f TC-RNTI 8741: initiating RA procedure
[0m[12:14:31.112833] [NR_MAC] UE 8741: Sync beam index 0
[0m[12:14:31.118475] [NR_MAC] UE 8741: Msg3 scheduled at 954.17 (954.10 TDA 1) start 0 RBs 8
[0m[32m[12:14:31.118494] [NR_MAC] UE 8741: 954.10 Generating RA-Msg2 DCI, RA RNTI 0x10f, state 1, preamble_index(RAPID) 25, timing_offset = 0 (estimated distance 0.0 [m])
[0m[32m[12:14:31.135009] [NR_MAC]  954.17 PUSCH with TC_RNTI 0x8741 received correctly
[0m[12:14:31.135061] [MAC]    [RAPROC] Received SDU for CCCH length 6 for UE 8741
[0m[12:14:31.135104] [RLC]    Activated srb0 for UE 34625
[0m[12:14:31.135147] [NR_RRC] SRS configured with 1 ports
[0m[12:14:31.135204] [RLC]    Added srb 1 to UE 34625
[0m[12:14:31.135377] [NR_MAC] Activating scheduling Msg4 for TC_RNTI 0x8741 (state WAIT_Msg3)
[0m[12:14:31.136106] [NR_MAC] UE 8741 Generate Msg4: feedback at  955. 8, payload 157 bytes, next state nrRA_WAIT_Msg4_MsgB_ACK
[0m[32m[12:14:31.148028] [NR_MAC]  955. 8 UE 8741: Received Ack of Msg4. CBRA procedure succeeded (UE Connected)
[0m[12:14:31.148061] [NR_MAC] Adding new UE context with RNTI 0x8741
[0m[12:14:31.595085] [RLC]    Added srb 2 to UE 34625
[0m[12:14:31.595291] [RLC]    Added drb 1 to UE 34625
[0m[12:14:31.595295] [RLC]    Added DRB to UE 34625
[0m[12:14:31.595298] [GTPU]   Incoming DRB 1 / PDU Session 1 - UL TEID 1896673413
[0m[12:14:31.595305] [GTPU]   [81] UE ID 34625: Create tunnel TEID incoming 0x7ea20d7a outgoing 0x710cf085 to remote IPv4 127.0.0.3, IPv6 ::, port 2152
[0m[93m[12:14:31.612601] [NR_MAC] Received ACK for RRCReconfiguration, but nothing to apply!
[0m[12:14:31.650150] [NR_MAC] DU received confirmation of successful RRC Reconfiguration
[0m[12:14:31.957798] [HW]     Client connects from ::ffff:10.209.1.9:22231
[0m[32m[12:14:31.965734] [HW]     RFsim: Number of antennas changed from 0 to 1
[0m[12:14:33.217410] [NR_MAC] Frame.Slot 0.0
UE RNTI 4fe0 CU-UE-ID 1 in-sync PH 48 dB PCMAX 20 dBm, average RSRP -43 (16 meas)
UE 4fe0: dlsch_rounds 1049/0/0/0, dlsch_errors 0, pucch0_DTX 0 (SNR 16.2+1.2) RSSI -37.3, BLER 0.00000 MCS (0) 0 (Qm 2) CCE fail 1
UE 4fe0: ulsch_rounds 7015/0/0/0, ulsch_errors 0, ulsch_DTX 0, BLER 0.00000 MCS (0) 0 (Qm 2 deltaMCS 0) NPRB 5 SNR 22.3 (+2.3) RSSI -41.7 CCE fail 0
UE 4fe0: LCID 1,2,4, goodput DL    0.00 UL    0.00 Mbps
UE RNTI bba8 CU-UE-ID 2 in-sync PH 48 dB PCMAX 20 dBm, average RSRP -43 (16 meas)
UE bba8: dlsch_rounds 35/0/0/0, dlsch_errors 0, pucch0_DTX 0 (SNR 17.5+2.5) RSSI -37.3, BLER 0.01094 MCS (0) 0 (Qm 2) CCE fail 1
UE bba8: ulsch_rounds 170/0/0/0, ulsch_errors 0, ulsch_DTX 0, BLER 0.00001 MCS (0) 0 (Qm 2 deltaMCS 0) NPRB 5 SNR 22.1 (+2.1) RSSI -41.8 CCE fail 0
UE bba8: LCID 1,2,4, goodput DL    0.00 UL    0.00 Mbps
UE RNTI fdaa CU-UE-ID 3 in-sync PH 48 dB PCMAX 20 dBm, average RSRP -43 (16 meas)
UE fdaa: dlsch_rounds 28/0/0/0, dlsch_errors 0, pucch0_DTX 0 (SNR 16.7+1.7) RSSI -37.3, BLER 0.02542 MCS (0) 0 (Qm 2) CCE fail 4
UE fdaa: ulsch_rounds 113/0/0/0, ulsch_errors 0, ulsch_DTX 0, BLER 0.00027 MCS (0) 0 (Qm 2 deltaMCS 0) NPRB 5 SNR 22.0 (+2.0) RSSI -41.9 CCE fail 2
UE fdaa: LCID 1,2,4, goodput DL    0.00 UL    0.00 Mbps
UE RNTI 32ac CU-UE-ID 4 in-sync PH 48 dB PCMAX 20 dBm, average RSRP -43 (16 meas)
UE 32ac: dlsch_rounds 24/0/0/0, dlsch_errors 0, pucch0_DTX 0 (SNR 16.8+1.8) RSSI -37.3, BLER 0.03874 MCS (0) 0 (Qm 2) CCE fail 2
UE 32ac: ulsch_rounds 85/0/0/0, ulsch_errors 0, ulsch_DTX 0, BLER 0.00203 MCS (0) 0 (Qm 2 deltaMCS 0) NPRB 5 SNR 21.8 (+1.8) RSSI -41.5 CCE fail 3
UE 32ac: LCID 1,2,4, goodput DL    0.00 UL    0.00 Mbps
UE RNTI 5c06 CU-UE-ID 5 in-sync PH 48 dB PCMAX 20 dBm, average RSRP -43 (16 meas)
UE 5c06: dlsch_rounds 19/0/0/0, dlsch_errors 0, pucch0_DTX 0 (SNR 16.0+1.0) RSSI -37.3, BLER 0.04783 MCS (0) 0 (Qm 2) CCE fail 3
UE 5c06: ulsch_rounds 66/0/0/0, ulsch_errors 0, ulsch_DTX 0, BLER 0.00798 MCS (0) 0 (Qm 2 deltaMCS 0) NPRB 5 SNR 22.6 (+2.6) RSSI -41.9 CCE fail 3
UE 5c06: LCID 1,2,4, goodput DL    0.00 UL    0.00 Mbps
UE RNTI a957 CU-UE-ID 6 in-sync PH 48 dB PCMAX 20 dBm, average RSRP -43 (16 meas)
UE a957: dlsch_rounds 17/0/0/0, dlsch_errors 0, pucch0_DTX 0 (SNR 16.0+1.0) RSSI -37.3, BLER 0.06561 MCS (0) 0 (Qm 2) CCE fail 2
UE a957: ulsch_rounds 67/0/0/0, ulsch_errors 0, ulsch_DTX 0, BLER 0.03487 MCS (0) 2 (Qm 2 deltaMCS 0) NPRB 5 SNR 22.1 (+2.1) RSSI -42.0 CCE fail 2
UE a957: LCID 1,2,4, goodput DL    0.00 UL    0.00 Mbps
UE RNTI 8741 CU-UE-ID 7 in-sync PH 48 dB PCMAX 20 dBm, average RSRP -43 (8 meas)
UE 8741: dlsch_rounds 14/0/0/0, dlsch_errors 0, pucch0_DTX 0 (SNR 16.0+1.0) RSSI -37.3, BLER 0.08100 MCS (0) 0 (Qm 2) CCE fail 4
UE 8741: ulsch_rounds 35/0/0/0, ulsch_errors 0, ulsch_DTX 0, BLER 0.05314 MCS (0) 0 (Qm 2 deltaMCS 0) NPRB 5 SNR 22.3 (+2.3) RSSI -41.9 CCE fail 6
UE 8741: LCID 1,2,4, goodput DL    0.00 UL    0.00 Mbps

[0m[32m[12:14:33.224151] [NR_PHY] [RAPROC] 1023.19 Initiating RA procedure with preamble 37, energy 60.3 dB (I0 0, thres 200), delay 0 start symbol 8 freq index 0
[0m[32m[12:14:33.224299] [NR_MAC] 1023.19 UE RA-RNTI 0113 TC-RNTI 62af: initiating RA procedure
[0m[12:14:33.224307] [NR_MAC] UE 62af: Sync beam index 0
[0m[12:14:33.232721] [NR_MAC] UE 62af: Msg3 scheduled at 0.17 (0.10 TDA 1) start 0 RBs 8
[0m[32m[12:14:33.232735] [NR_MAC] UE 62af: 0.10 Generating RA-Msg2 DCI, RA RNTI 0x113, state 1, preamble_index(RAPID) 37, timing_offset = 0 (estimated distance 0.0 [m])
[0m[32m[12:14:33.254116] [NR_MAC]    0.17 PUSCH with TC_RNTI 0x62af received correctly
[0m[12:14:33.254155] [MAC]    [RAPROC] Received SDU for CCCH length 6 for UE 62af
[0m[12:14:33.254214] [RLC]    Activated srb0 for UE 25263
[0m[12:14:33.254257] [NR_RRC] SRS configured with 1 ports
[0m[12:14:33.254312] [RLC]    Added srb 1 to UE 25263
[0m[12:14:33.254589] [NR_MAC] Activating scheduling Msg4 for TC_RNTI 0x62af (state WAIT_Msg3)
[0m[12:14:33.255174] [NR_MAC] UE 62af Generate Msg4: feedback at    1. 8, payload 157 bytes, next state nrRA_WAIT_Msg4_MsgB_ACK
[0m[32m[12:14:33.270466] [NR_MAC]    1. 8 UE 62af: Received Ack of Msg4. CBRA procedure succeeded (UE Connected)
[0m[12:14:33.270509] [NR_MAC] Adding new UE context with RNTI 0x62af
[0m[12:14:33.722276] [RLC]    Added srb 2 to UE 25263
[0m[12:14:33.723306] [RLC]    Added drb 1 to UE 25263
[0m[12:14:33.723323] [RLC]    Added DRB to UE 25263
[0m[12:14:33.723327] [GTPU]   Incoming DRB 1 / PDU Session 1 - UL TEID 789886810
[0m[12:14:33.723335] [GTPU]   [81] UE ID 25263: Create tunnel TEID incoming 0x7ac6af38 outgoing 0x2f14b75a to remote IPv4 127.0.0.3, IPv6 ::, port 2152
[0m[93m[12:14:33.741778] [NR_MAC] Received ACK for RRCReconfiguration, but nothing to apply!
[0m[12:14:33.799674] [NR_MAC] DU received confirmation of successful RRC Reconfiguration
[0m[12:14:34.010303] [HW]     Client connects from ::ffff:10.210.1.10:47796
[0m[32m[12:14:34.018935] [HW]     RFsim: Number of antennas changed from 0 to 1
[0m[32m[12:14:35.912411] [NR_PHY] [RAPROC] 79.19 Initiating RA procedure with preamble 3, energy 60.5 dB (I0 7, thres 200), delay 0 start symbol 8 freq index 0
[0m[32m[12:14:35.912609] [NR_MAC] 79.19 UE RA-RNTI 0113 TC-RNTI 0872: initiating RA procedure
[0m[12:14:35.912619] [NR_MAC] UE 0872: Sync beam index 0
[0m[12:14:35.921809] [NR_MAC] UE 0872: Msg3 scheduled at 80.17 (80.10 TDA 1) start 0 RBs 8
[0m[32m[12:14:35.921839] [NR_MAC] UE 0872: 80.10 Generating RA-Msg2 DCI, RA RNTI 0x113, state 1, preamble_index(RAPID) 3, timing_offset = 0 (estimated distance 0.0 [m])
[0m[32m[12:14:35.955165] [NR_MAC]   80.17 PUSCH with TC_RNTI 0x0872 received correctly
[0m[12:14:35.955215] [MAC]    [RAPROC] Received SDU for CCCH length 6 for UE 0872
[0m[12:14:35.955252] [RLC]    Activated srb0 for UE 2162
[0m[12:14:35.955273] [NR_RRC] SRS configured with 1 ports
[0m[12:14:35.955319] [RLC]    Added srb 1 to UE 2162
[0m[12:14:35.955455] [NR_MAC] Activating scheduling Msg4 for TC_RNTI 0x0872 (state WAIT_Msg3)
[0m[12:14:35.957701] [NR_MAC] UE 0872 Generate Msg4: feedback at   81. 8, payload 157 bytes, next state nrRA_WAIT_Msg4_MsgB_ACK
[0m[32m[12:14:35.985159] [NR_MAC]   81. 8 UE 0872: Received Ack of Msg4. CBRA procedure succeeded (UE Connected)
[0m[12:14:35.985204] [NR_MAC] Adding new UE context with RNTI 0x0872
[0m[12:14:36.215053] [HW]     Client connects from ::ffff:10.211.1.11:25745
[0m[32m[12:14:36.224965] [HW]     RFsim: Number of antennas changed from 0 to 1
[0m[12:14:36.719962] [RLC]    Added srb 2 to UE 2162
[0m[12:14:36.721301] [RLC]    Added drb 1 to UE 2162
[0m[12:14:36.721318] [RLC]    Added DRB to UE 2162
[0m[12:14:36.721325] [GTPU]   Incoming DRB 1 / PDU Session 1 - UL TEID 1854566739
[0m[12:14:36.721334] [GTPU]   [81] UE ID 2162: Create tunnel TEID incoming 0x7431ab23 outgoing 0x6e8a7153 to remote IPv4 127.0.0.3, IPv6 ::, port 2152
[0m[93m[12:14:36.768829] [NR_MAC] Received ACK for RRCReconfiguration, but nothing to apply!
[0m[12:14:36.832485] [NR_MAC] DU received confirmation of successful RRC Reconfiguration
[0m[12:14:37.882351] [NR_MAC] Frame.Slot 128.0
UE RNTI 4fe0 CU-UE-ID 1 in-sync PH 48 dB PCMAX 20 dBm, average RSRP -43 (16 meas)
UE 4fe0: dlsch_rounds 1051/0/0/0, dlsch_errors 0, pucch0_DTX 0 (SNR 16.2+1.2) RSSI -37.3, BLER 0.00000 MCS (0) 0 (Qm 2) CCE fail 1
UE 4fe0: ulsch_rounds 7035/0/0/0, ulsch_errors 0, ulsch_DTX 0, BLER 0.00000 MCS (0) 0 (Qm 2 deltaMCS 0) NPRB 5 SNR 22.0 (+2.0) RSSI -41.6 CCE fail 0
UE 4fe0: LCID 1,2,4, goodput DL    0.00 UL    0.00 Mbps
UE RNTI bba8 CU-UE-ID 2 in-sync PH 48 dB PCMAX 20 dBm, average RSRP -43 (16 meas)
UE bba8: dlsch_rounds 38/0/0/0, dlsch_errors 0, pucch0_DTX 0 (SNR 16.8+1.8) RSSI -37.3, BLER 0.00798 MCS (0) 0 (Qm 2) CCE fail 1
UE bba8: ulsch_rounds 191/0/0/0, ulsch_errors 0, ulsch_DTX 0, BLER 0.00000 MCS (0) 0 (Qm 2 deltaMCS 0) NPRB 5 SNR 23.5 (+3.5) RSSI -41.6 CCE fail 0
UE bba8: LCID 1,2,4, goodput DL    0.00 UL    0.00 Mbps
UE RNTI fdaa CU-UE-ID 3 in-sync PH 48 dB PCMAX 20 dBm, average RSRP -43 (16 meas)
UE fdaa: dlsch_rounds 31/0/0/0, dlsch_errors 0, pucch0_DTX 0 (SNR 16.7+1.7) RSSI -37.3, BLER 0.01853 MCS (0) 0 (Qm 2) CCE fail 4
UE fdaa: ulsch_rounds 134/0/0/0, ulsch_errors 0, ulsch_DTX 0, BLER 0.00008 MCS (0) 0 (Qm 2 deltaMCS 0) NPRB 5 SNR 22.4 (+2.4) RSSI -41.6 CCE fail 2
UE fdaa: LCID 1,2,4, goodput DL    0.00 UL    0.00 Mbps
UE RNTI 32ac CU-UE-ID 4 in-sync PH 48 dB PCMAX 20 dBm, average RSRP -43 (16 meas)
UE 32ac: dlsch_rounds 28/0/0/0, dlsch_errors 0, pucch0_DTX 0 (SNR 16.1+1.1) RSSI -37.3, BLER 0.02824 MCS (0) 0 (Qm 2) CCE fail 2
UE 32ac: ulsch_rounds 112/0/0/0, ulsch_errors 0, ulsch_DTX 0, BLER 0.00064 MCS (0) 1 (Qm 2 deltaMCS 0) NPRB 5 SNR 23.5 (+3.5) RSSI -41.1 CCE fail 3
UE 32ac: LCID 1,2,4, goodput DL    0.00 UL    0.00 Mbps
UE RNTI 5c06 CU-UE-ID 5 in-sync PH 48 dB PCMAX 20 dBm, average RSRP -43 (16 meas)
UE 5c06: dlsch_rounds 22/0/0/0, dlsch_errors 0, pucch0_DTX 0 (SNR 16.0+1.0) RSSI -37.3, BLER 0.03487 MCS (0) 0 (Qm 2) CCE fail 3
UE 5c06: ulsch_rounds 91/0/0/0, ulsch_errors 0, ulsch_DTX 0, BLER 0.00278 MCS (0) 0 (Qm 2 deltaMCS 0) NPRB 5 SNR 22.3 (+2.3) RSSI -41.7 CCE fail 3
UE 5c06: LCID 1,2,4, goodput DL    0.00 UL    0.00 Mbps
UE RNTI a957 CU-UE-ID 6 in-sync PH 48 dB PCMAX 20 dBm, average RSRP -43 (16 meas)
UE a957: dlsch_rounds 20/0/0/0, dlsch_errors 0, pucch0_DTX 0 (SNR 16.0+1.0) RSSI -37.3, BLER 0.04783 MCS (0) 0 (Qm 2) CCE fail 2
UE a957: ulsch_rounds 111/0/0/0, ulsch_errors 0, ulsch_DTX 0, BLER 0.01094 MCS (0) 9 (Qm 2 deltaMCS 0) NPRB 5 SNR 21.8 (+1.8) RSSI -41.8 CCE fail 3
UE a957: LCID 1,2,4, goodput DL    0.00 UL    0.01 Mbps
UE RNTI 8741 CU-UE-ID 7 in-sync PH 48 dB PCMAX 20 dBm, average RSRP -43 (16 meas)
UE 8741: dlsch_rounds 17/0/0/0, dlsch_errors 0, pucch0_DTX 0 (SNR 16.0+1.0) RSSI -37.3, BLER 0.05905 MCS (0) 0 (Qm 2) CCE fail 4
UE 8741: ulsch_rounds 57/0/0/0, ulsch_errors 0, ulsch_DTX 0, BLER 0.01668 MCS (0) 0 (Qm 2 deltaMCS 0) NPRB 5 SNR 22.2 (+2.2) RSSI -41.8 CCE fail 6
UE 8741: LCID 1,2,4, goodput DL    0.00 UL    0.00 Mbps
UE RNTI 62af CU-UE-ID 8 in-sync PH 48 dB PCMAX 20 dBm, average RSRP -43 (16 meas)
UE 62af: dlsch_rounds 17/0/0/0, dlsch_errors 0, pucch0_DTX 0 (SNR 16.0+1.0) RSSI -37.3, BLER 0.07290 MCS (0) 0 (Qm 2) CCE fail 1
UE 62af: ulsch_rounds 56/0/0/0, ulsch_errors 0, ulsch_DTX 0, BLER 0.03874 MCS (0) 0 (Qm 2 deltaMCS 0) NPRB 5 SNR 21.9 (+1.9) RSSI -42.0 CCE fail 6
UE 62af: LCID 1,2,4, goodput DL    0.00 UL    0.00 Mbps
UE RNTI 0872 CU-UE-ID 9 in-sync PH 48 dB PCMAX 20 dBm, average RSRP -43 (6 meas)
UE 0872: dlsch_rounds 15/0/0/0, dlsch_errors 0, pucch0_DTX 0 (SNR 16.0+1.0) RSSI -37.3, BLER 0.09000 MCS (0) 0 (Qm 2) CCE fail 2
UE 0872: ulsch_rounds 28/0/0/0, ulsch_errors 0, ulsch_DTX 0, BLER 0.06561 MCS (0) 0 (Qm 2 deltaMCS 0) NPRB 5 SNR 22.3 (+2.3) RSSI -41.9 CCE fail 6
UE 0872: LCID 1,2,4, goodput DL    0.01 UL    0.00 Mbps

[0m[93m[12:14:37.882380] [NR_MAC] periodical UE stats deactivated after reaching 8 UEs, please check nrMAC_stats.log, or increase MACRLCs.[0].stats_max_ue
[0m[12:14:38.006763] [HW]     Client connects from ::ffff:10.212.1.12:60653
[0m[32m[12:14:38.014807] [HW]     RFsim: Number of antennas changed from 0 to 1
[0m[32m[12:14:38.395218] [NR_PHY] [RAPROC] 141.19 Initiating RA procedure with preamble 14, energy 60.0 dB (I0 0, thres 200), delay 0 start symbol 4 freq index 0
[0m[32m[12:14:38.395377] [NR_MAC] 141.19 UE RA-RNTI 010f TC-RNTI c394: initiating RA procedure
[0m[12:14:38.395384] [NR_MAC] UE c394: Sync beam index 0
[0m[12:14:38.403438] [NR_MAC] UE c394: Msg3 scheduled at 142.17 (142.10 TDA 1) start 0 RBs 8
[0m[32m[12:14:38.403458] [NR_MAC] UE c394: 142.10 Generating RA-Msg2 DCI, RA RNTI 0x10f, state 1, preamble_index(RAPID) 14, timing_offset = 0 (estimated distance 0.0 [m])
[0m[32m[12:14:38.427315] [NR_MAC]  142.17 PUSCH with TC_RNTI 0xc394 received correctly
[0m[12:14:38.427356] [MAC]    [RAPROC] Received SDU for CCCH length 6 for UE c394
[0m[12:14:38.427390] [RLC]    Activated srb0 for UE 50068
[0m[12:14:38.427405] [NR_RRC] SRS configured with 1 ports
[0m[12:14:38.427478] [RLC]    Added srb 1 to UE 50068
[0m[12:14:38.427614] [NR_MAC] Activating scheduling Msg4 for TC_RNTI 0xc394 (state WAIT_Msg3)
[0m[12:14:38.428977] [NR_MAC] UE c394 Generate Msg4: feedback at  143. 8, payload 157 bytes, next state nrRA_WAIT_Msg4_MsgB_ACK
[0m[32m[12:14:38.454028] [NR_MAC]  143. 8 UE c394: Received Ack of Msg4. CBRA procedure succeeded (UE Connected)
[0m[12:14:38.454078] [NR_MAC] Adding new UE context with RNTI 0xc394
[0m[12:14:39.164340] [RLC]    Added srb 2 to UE 50068
[0m[12:14:39.164662] [RLC]    Added drb 1 to UE 50068
[0m[12:14:39.164668] [RLC]    Added DRB to UE 50068
[0m[12:14:39.164671] [GTPU]   Incoming DRB 1 / PDU Session 1 - UL TEID 1101064419
[0m[12:14:39.164679] [GTPU]   [81] UE ID 50068: Create tunnel TEID incoming 0x49939018 outgoing 0x41a0e8e3 to remote IPv4 127.0.0.3, IPv6 ::, port 2152
[0m[93m[12:14:39.203215] [NR_MAC] Received ACK for RRCReconfiguration, but nothing to apply!
[0m[12:14:39.266027] [NR_MAC] DU received confirmation of successful RRC Reconfiguration
[0m[12:14:39.961296] [HW]     Client connects from ::ffff:10.213.1.13:49818
[0m[32m[12:14:39.968768] [HW]     RFsim: Number of antennas changed from 0 to 1
[0m[32m[12:14:40.619142] [NR_PHY] [RAPROC] 195.19 Initiating RA procedure with preamble 50, energy 60.0 dB (I0 0, thres 200), delay 0 start symbol 0 freq index 0
[0m[32m[12:14:40.619271] [NR_MAC] 195.19 UE RA-RNTI 010b TC-RNTI e731: initiating RA procedure
[0m[12:14:40.619284] [NR_MAC] UE e731: Sync beam index 0
[0m[12:14:40.629676] [NR_MAC] UE e731: Msg3 scheduled at 196.17 (196.10 TDA 1) start 0 RBs 8
[0m[32m[12:14:40.629697] [NR_MAC] UE e731: 196.10 Generating RA-Msg2 DCI, RA RNTI 0x10b, state 1, preamble_index(RAPID) 50, timing_offset = 0 (estimated distance 0.0 [m])
[0m[32m[12:14:40.654361] [NR_MAC]  196.17 PUSCH with TC_RNTI 0xe731 received correctly
[0m[12:14:40.654453] [MAC]    [RAPROC] Received SDU for CCCH length 6 for UE e731
[0m[12:14:40.654511] [RLC]    Activated srb0 for UE 59185
[0m[12:14:40.654539] [NR_RRC] SRS configured with 1 ports
[0m[12:14:40.654708] [RLC]    Added srb 1 to UE 59185
[0m[12:14:40.654860] [NR_MAC] Activating scheduling Msg4 for TC_RNTI 0xe731 (state WAIT_Msg3)
[0m[12:14:40.656072] [NR_MAC] UE e731 Generate Msg4: feedback at  197. 8, payload 157 bytes, next state nrRA_WAIT_Msg4_MsgB_ACK
[0m[32m[12:14:40.675476] [NR_MAC]  197. 8 UE e731: Received Ack of Msg4. CBRA procedure succeeded (UE Connected)
[0m[12:14:40.675508] [NR_MAC] Adding new UE context with RNTI 0xe731
[0m[12:14:41.409049] [RLC]    Added srb 2 to UE 59185
[0m[12:14:41.409889] [RLC]    Added drb 1 to UE 59185
[0m[12:14:41.409897] [RLC]    Added DRB to UE 59185
[0m[12:14:41.409901] [GTPU]   Incoming DRB 1 / PDU Session 1 - UL TEID -1759539644
[0m[12:14:41.409910] [GTPU]   [81] UE ID 59185: Create tunnel TEID incoming 0x793fe6d9 outgoing 0x971f8e44 to remote IPv4 127.0.0.3, IPv6 ::, port 2152
[0m[93m[12:14:41.453111] [NR_MAC] Received ACK for RRCReconfiguration, but nothing to apply!
[0m[12:14:41.524094] [NR_MAC] DU received confirmation of successful RRC Reconfiguration
[0m[12:14:42.236785] [HW]     Client connects from ::ffff:10.214.1.14:64185
[0m[32m[12:14:42.248892] [HW]     RFsim: Number of antennas changed from 0 to 1
[0m[32m[12:14:42.563384] [NR_PHY] [RAPROC] 239.19 Initiating RA procedure with preamble 55, energy 60.5 dB (I0 0, thres 200), delay 0 start symbol 4 freq index 0
[0m[32m[12:14:42.563548] [NR_MAC] 239.19 UE RA-RNTI 010f TC-RNTI ea33: initiating RA procedure
[0m[12:14:42.563559] [NR_MAC] UE ea33: Sync beam index 0
[0m[12:14:42.573849] [NR_MAC] UE ea33: Msg3 scheduled at 240.17 (240.10 TDA 1) start 0 RBs 8
[0m[32m[12:14:42.573871] [NR_MAC] UE ea33: 240.10 Generating RA-Msg2 DCI, RA RNTI 0x10f, state 1, preamble_index(RAPID) 55, timing_offset = 0 (estimated distance 0.0 [m])
[0m[32m[12:14:42.602903] [NR_MAC]  240.17 PUSCH with TC_RNTI 0xea33 received correctly
[0m[12:14:42.602950] [MAC]    [RAPROC] Received SDU for CCCH length 6 for UE ea33
[0m[12:14:42.603013] [RLC]    Activated srb0 for UE 59955
[0m[12:14:42.603047] [NR_RRC] SRS configured with 1 ports
[0m[12:14:42.603113] [RLC]    Added srb 1 to UE 59955
[0m[12:14:42.603287] [NR_MAC] Activating scheduling Msg4 for TC_RNTI 0xea33 (state WAIT_Msg3)
[0m[12:14:42.604660] [NR_MAC] UE ea33 Generate Msg4: feedback at  241. 8, payload 157 bytes, next state nrRA_WAIT_Msg4_MsgB_ACK
[0m[32m[12:14:42.627126] [NR_MAC]  241. 8 UE ea33: Received Ack of Msg4. CBRA procedure succeeded (UE Connected)
[0m[12:14:42.627186] [NR_MAC] Adding new UE context with RNTI 0xea33
[0m[12:14:43.910325] [RLC]    Added srb 2 to UE 59955
[0m[12:14:43.911087] [RLC]    Added drb 1 to UE 59955
[0m[12:14:43.911098] [RLC]    Added DRB to UE 59955
[0m[12:14:43.911103] [GTPU]   Incoming DRB 1 / PDU Session 1 - UL TEID 545097574
[0m[12:14:43.911111] [GTPU]   [81] UE ID 59955: Create tunnel TEID incoming 0xbe9c940c outgoing 0x207d8766 to remote IPv4 127.0.0.3, IPv6 ::, port 2152
[0m[93m[12:14:43.956979] [NR_MAC] Received ACK for RRCReconfiguration, but nothing to apply!
[0m[12:14:44.048101] [NR_MAC] DU received confirmation of successful RRC Reconfiguration
[0m[12:14:44.294046] [HW]     Client connects from ::ffff:10.215.1.15:14039
[0m[32m[12:14:44.306213] [HW]     RFsim: Number of antennas changed from 0 to 1
[0m[32m[12:14:45.217278] [NR_PHY] [RAPROC] 295.19 Initiating RA procedure with preamble 24, energy 60.5 dB (I0 0, thres 200), delay 0 start symbol 8 freq index 0
[0m[32m[12:14:45.217436] [NR_MAC] 295.19 UE RA-RNTI 0113 TC-RNTI 9c32: initiating RA procedure
[0m[12:14:45.217453] [NR_MAC] UE 9c32: Sync beam index 0
[0m[12:14:45.229562] [NR_MAC] UE 9c32: Msg3 scheduled at 296.17 (296.10 TDA 1) start 0 RBs 8
[0m[32m[12:14:45.229583] [NR_MAC] UE 9c32: 296.10 Generating RA-Msg2 DCI, RA RNTI 0x113, state 1, preamble_index(RAPID) 24, timing_offset = 0 (estimated distance 0.0 [m])
[0m[32m[12:14:45.262050] [NR_MAC]  296.17 PUSCH with TC_RNTI 0x9c32 received correctly
[0m[12:14:45.262109] [MAC]    [RAPROC] Received SDU for CCCH length 6 for UE 9c32
[0m[12:14:45.262160] [RLC]    Activated srb0 for UE 39986
[0m[12:14:45.262191] [NR_RRC] SRS configured with 1 ports
[0m[12:14:45.262343] [RLC]    Added srb 1 to UE 39986
[0m[12:14:45.262510] [NR_MAC] Activating scheduling Msg4 for TC_RNTI 0x9c32 (state WAIT_Msg3)
[0m[12:14:45.264054] [NR_MAC] UE 9c32 Generate Msg4: feedback at  297. 8, payload 157 bytes, next state nrRA_WAIT_Msg4_MsgB_ACK
[0m[32m[12:14:45.290761] [NR_MAC]  297. 8 UE 9c32: Received Ack of Msg4. CBRA procedure succeeded (UE Connected)
[0m[12:14:45.290840] [NR_MAC] Adding new UE context with RNTI 0x9c32
[0m[12:14:46.245990] [HW]     Client connects from ::ffff:10.216.1.16:21214
[0m[32m[12:14:46.257889] [HW]     RFsim: Number of antennas changed from 0 to 1
[0m[12:14:47.139270] [RLC]    Added srb 2 to UE 39986
[0m[12:14:47.139995] [RLC]    Added drb 1 to UE 39986
[0m[12:14:47.140000] [RLC]    Added DRB to UE 39986
[0m[12:14:47.140004] [GTPU]   Incoming DRB 1 / PDU Session 1 - UL TEID 2054310759
[0m[12:14:47.140011] [GTPU]   [81] UE ID 39986: Create tunnel TEID incoming 0xa36b747f outgoing 0x7a724b67 to remote IPv4 127.0.0.3, IPv6 ::, port 2152
[0m[93m[12:14:47.174417] [NR_MAC] Received ACK for RRCReconfiguration, but nothing to apply!
[0m[12:14:47.254938] [NR_MAC] DU received confirmation of successful RRC Reconfiguration
[0m[32m[12:14:47.617222] [NR_PHY] [RAPROC] 343.19 Initiating RA procedure with preamble 48, energy 60.5 dB (I0 5, thres 200), delay 0 start symbol 0 freq index 0
[0m[32m[12:14:47.617379] [NR_MAC] 343.19 UE RA-RNTI 010b TC-RNTI 6f8c: initiating RA procedure
[0m[12:14:47.617383] [NR_MAC] UE 6f8c: Sync beam index 0
[0m[12:14:47.628578] [NR_MAC] UE 6f8c: Msg3 scheduled at 344.17 (344.10 TDA 1) start 0 RBs 8
[0m[32m[12:14:47.628598] [NR_MAC] UE 6f8c: 344.10 Generating RA-Msg2 DCI, RA RNTI 0x10b, state 1, preamble_index(RAPID) 48, timing_offset = 0 (estimated distance 0.0 [m])
[0m[32m[12:14:47.661364] [NR_MAC]  344.17 PUSCH with TC_RNTI 0x6f8c received correctly
[0m[12:14:47.661417] [MAC]    [RAPROC] Received SDU for CCCH length 6 for UE 6f8c
[0m[12:14:47.661500] [RLC]    Activated srb0 for UE 28556
[0m[12:14:47.661534] [NR_RRC] SRS configured with 1 ports
[0m[12:14:47.661599] [RLC]    Added srb 1 to UE 28556
[0m[12:14:47.661883] [NR_MAC] Activating scheduling Msg4 for TC_RNTI 0x6f8c (state WAIT_Msg3)
[0m[12:14:47.663496] [NR_MAC] UE 6f8c Generate Msg4: feedback at  345. 8, payload 157 bytes, next state nrRA_WAIT_Msg4_MsgB_ACK
[0m[32m[12:14:47.687398] [NR_MAC]  345. 8 UE 6f8c: Received Ack of Msg4. CBRA procedure succeeded (UE Connected)
[0m[12:14:47.687455] [NR_MAC] Adding new UE context with RNTI 0x6f8c
[0m[12:14:49.052765] [RLC]    Added srb 2 to UE 28556
[0m[12:14:49.053260] [RLC]    Added drb 1 to UE 28556
[0m[12:14:49.053271] [RLC]    Added DRB to UE 28556
[0m[12:14:49.053277] [GTPU]   Incoming DRB 1 / PDU Session 1 - UL TEID 1391960529
[0m[12:14:49.053285] [GTPU]   [81] UE ID 28556: Create tunnel TEID incoming 0x75014960 outgoing 0x52f7a1d1 to remote IPv4 127.0.0.3, IPv6 ::, port 2152
[0m[93m[12:14:49.087764] [NR_MAC] Received ACK for RRCReconfiguration, but nothing to apply!
[0m[12:14:49.165931] [NR_MAC] DU received confirmation of successful RRC Reconfiguration
[0m[32m[12:14:49.831150] [NR_PHY] [RAPROC] 387.19 Initiating RA procedure with preamble 35, energy 60.5 dB (I0 1, thres 200), delay 0 start symbol 0 freq index 0
[0m[32m[12:14:49.831350] [NR_MAC] 387.19 UE RA-RNTI 010b TC-RNTI 9582: initiating RA procedure
[0m[12:14:49.831360] [NR_MAC] UE 9582: Sync beam index 0
[0m[12:14:49.842384] [NR_MAC] UE 9582: Msg3 scheduled at 388.17 (388.10 TDA 1) start 0 RBs 8
[0m[32m[12:14:49.842406] [NR_MAC] UE 9582: 388.10 Generating RA-Msg2 DCI, RA RNTI 0x10b, state 1, preamble_index(RAPID) 35, timing_offset = 0 (estimated distance 0.0 [m])
[0m[32m[12:14:49.875032] [NR_MAC]  388.17 PUSCH with TC_RNTI 0x9582 received correctly
[0m[12:14:49.875115] [MAC]    [RAPROC] Received SDU for CCCH length 6 for UE 9582
[0m[12:14:49.875209] [RLC]    Activated srb0 for UE 38274
[0m[12:14:49.875247] [NR_RRC] SRS configured with 1 ports
[0m[12:14:49.875310] [RLC]    Added srb 1 to UE 38274
[0m[12:14:49.875473] [NR_MAC] Activating scheduling Msg4 for TC_RNTI 0x9582 (state WAIT_Msg3)
[0m[12:14:49.877135] [NR_MAC] UE 9582 Generate Msg4: feedback at  389. 8, payload 157 bytes, next state nrRA_WAIT_Msg4_MsgB_ACK
[0m[32m[12:14:49.903859] [NR_MAC]  389. 8 UE 9582: Received Ack of Msg4. CBRA procedure succeeded (UE Connected)
[0m[12:14:49.903897] [NR_MAC] Adding new UE context with RNTI 0x9582
[0m[12:14:50.750051] [RLC]    Added srb 2 to UE 38274
[0m[12:14:50.750282] [RLC]    Added drb 1 to UE 38274
[0m[12:14:50.750286] [RLC]    Added DRB to UE 38274
[0m[12:14:50.750289] [GTPU]   Incoming DRB 1 / PDU Session 1 - UL TEID 835487617
[0m[12:14:50.750297] [GTPU]   [81] UE ID 38274: Create tunnel TEID incoming 0x81cca512 outgoing 0x31cc8781 to remote IPv4 127.0.0.3, IPv6 ::, port 2152
[0m[93m[12:14:50.786771] [NR_MAC] Received ACK for RRCReconfiguration, but nothing to apply!
[0m[12:14:50.879231] [NR_MAC] DU received confirmation of successful RRC Reconfiguration
[0m[32m[12:14:51.895873] [NR_PHY] [RAPROC] 427.19 Initiating RA procedure with preamble 47, energy 60.5 dB (I0 26, thres 200), delay 0 start symbol 4 freq index 0
[0m[32m[12:14:51.896015] [NR_MAC] 427.19 UE RA-RNTI 010f TC-RNTI c9b3: initiating RA procedure
[0m[12:14:51.896021] [NR_MAC] UE c9b3: Sync beam index 0
[0m[12:14:51.908466] [NR_MAC] UE c9b3: Msg3 scheduled at 428.17 (428.10 TDA 1) start 0 RBs 8
[0m[32m[12:14:51.908489] [NR_MAC] UE c9b3: 428.10 Generating RA-Msg2 DCI, RA RNTI 0x10f, state 1, preamble_index(RAPID) 47, timing_offset = 0 (estimated distance 0.0 [m])
[0m[32m[12:14:51.942283] [NR_MAC]  428.17 PUSCH with TC_RNTI 0xc9b3 received correctly
[0m[12:14:51.942337] [MAC]    [RAPROC] Received SDU for CCCH length 6 for UE c9b3
[0m[12:14:51.942400] [RLC]    Activated srb0 for UE 51635
[0m[12:14:51.942448] [NR_RRC] SRS configured with 1 ports
[0m[12:14:51.942514] [RLC]    Added srb 1 to UE 51635
[0m[12:14:51.942698] [NR_MAC] Activating scheduling Msg4 for TC_RNTI 0xc9b3 (state WAIT_Msg3)
[0m[12:14:51.944745] [NR_MAC] UE c9b3 Generate Msg4: feedback at  429. 8, payload 157 bytes, next state nrRA_WAIT_Msg4_MsgB_ACK
[0m[32m[12:14:51.970933] [NR_MAC]  429. 8 UE c9b3: Received Ack of Msg4. CBRA procedure succeeded (UE Connected)
[0m[12:14:51.970957] [NR_MAC] Adding new UE context with RNTI 0xc9b3
[0m[12:14:52.755096] [RLC]    Added srb 2 to UE 51635
[0m[12:14:52.755313] [RLC]    Added drb 1 to UE 51635
[0m[12:14:52.755317] [RLC]    Added DRB to UE 51635
[0m[12:14:52.755320] [GTPU]   Incoming DRB 1 / PDU Session 1 - UL TEID 1806996221
[0m[12:14:52.755329] [GTPU]   [81] UE ID 51635: Create tunnel TEID incoming 0x8b66c1e9 outgoing 0x6bb492fd to remote IPv4 127.0.0.3, IPv6 ::, port 2152
[0m[93m[12:14:52.810184] [NR_MAC] Received ACK for RRCReconfiguration, but nothing to apply!
[0m[12:14:52.892549] [NR_MAC] DU received confirmation of successful RRC Reconfiguration
[0m