CMDLINE: "./cmake_targets/ran_build/build/nr-uesoftmodem" "-O" "targets/PROJECTS/GENERIC-NR-5GC/CONF/ue.conf" "--rfsim" "-C" "3450720000" "-r" "106" "--numerology" "1" "--band" "78" "--ssb" "516" 
[UTIL]   running in SA mode (no --phy-test, --do-ra, --nsa option present)
[0m[UTIL]   threadCreate() for Tpool0_-1: creating thread with affinity ffffffff, priority 97
[0m[UTIL]   threadCreate() for Tpool1_-1: creating thread with affinity ffffffff, priority 97
[0m[UTIL]   threadCreate() for Tpool2_-1: creating thread with affinity ffffffff, priority 97
[0m[UTIL]   threadCreate() for Tpool3_-1: creating thread with affinity ffffffff, priority 97
[0m[UTIL]   threadCreate() for Tpool4_-1: creating thread with affinity ffffffff, priority 97
[0m[UTIL]   threadCreate() for Tpool5_-1: creating thread with affinity ffffffff, priority 97
[0m[UTIL]   threadCreate() for Tpool6_-1: creating thread with affinity ffffffff, priority 97
[0m[UTIL]   threadCreate() for Tpool7_-1: creating thread with affinity ffffffff, priority 97
[0m[OPT]    OPT disabled
[0m[HW]     Version: Branch: develop Abrev. Hash: 2b69bde6ae Date: Fri Aug 14 09:43:59 2026 +0200
[0m[NR_RRC] create TASK_RRC_NRUE 
[0m[UTIL]   threadCreate() for TASK_RRC_NRUE: creating thread with affinity ffffffff, priority 50
[0m[UTIL]   threadCreate() for TASK_NAS_NRUE: creating thread with affinity ffffffff, priority 50
[0m[SIM]    UICC simulation: IMSI=208950000000031, IMEISV=6754567890123413, Ki=0C0A34601D4F07677303652C0462535B, OPc=63bfa50ee6523365ff14c1f45f88737d
[0m[SIM]    overriding potential uicc0.dnn/nssai_sst/nssai_sd from uicc0.pdu_sessions
[0m[SIM]    will request PDU session ID 1, type 1, DNN oai, NSSAI 1.ffffff
[0m[NR_MAC] [UE0] Initializing MAC
[0m[NR_MAC] Initializing dl and ul config_request. num_slots = 20
[0m[RLC]    Activated srb0 for UE 0
[0m[UTIL]   threadCreate() for time source iq samples: creating thread with affinity ffffffff, priority 2
[0m[UTIL]   time manager configuration: [time source: iq_samples] [mode: standalone] [server IP: 127.0.0.1} [server port: 7374] (server IP/port not used)
[0m[PHY]    Set UE nb_rx_antenna 1, nb_tx_antenna 1, threequarter_fs 0, ofdm_offset_divisor 8
[0m[PHY]    SA init parameters. DL freq 3450720000 UL offset 0 SSB numerology 1 N_RB_DL 106
[0m[PHY]    Init: N_RB_DL 106, first_carrier_offset 1412, nb_prefix_samples 144,nb_prefix_samples0 176, ofdm_symbol_size 2048
[0m[93m[PHY]    samples_per_subframe 61440/per second 61440000, wCP 57344
[0m[PHY]    Set UE_fo_compensation 0, UE_scan_carrier 0, UE_no_timing_correction 0 
, chest-freq 0, chest-time 0
[0m[UTIL]   threadCreate() for SYNC__actor: creating thread with affinity ffffffff, priority 97
[0m[UTIL]   threadCreate() for DL__actor: creating thread with affinity ffffffff, priority 97
[0m[UTIL]   threadCreate() for DL__actor: creating thread with affinity ffffffff, priority 97
[0m[UTIL]   threadCreate() for DL__actor: creating thread with affinity ffffffff, priority 97
[0m[UTIL]   threadCreate() for DL__actor: creating thread with affinity ffffffff, priority 97
[0m[UTIL]   threadCreate() for UL__actor: creating thread with affinity ffffffff, priority 97
[0m[UTIL]   threadCreate() for UL__actor: creating thread with affinity ffffffff, priority 97
[0m[PHY]    Initializing UE vars for gNB TXant 1, UE RXant 1
[0m[PHY]    prs_config configuration NOT found..!! Skipped configuring UE for the PRS reception
[0m[PHY]    HW: Configuring ru_id 0, sample_rate 61440000.000000, tx/rx num_channels 1/1, duplex_mode TDD
[0m[PHY]    HW: Configuring channel 0 (rf_chain 0): setting tx_freq 3450720000 Hz, rx_freq 3450720000 Hz, tune_offset 0
[0m[PHY]    HW: Configuring channel 0 (rf_chain 0): setting tx_gain 0, rx_gain 110
[0m[UTIL]   threadCreate() for ru_start_thread: creating thread with affinity ffffffff, priority 97
[0m[93m[HW]     Warning: rfsimulator parameters should be provided as array elements!
[0m[HW]     Running as client: will connect to a rfsimulator server side
[0m[HW]     [RAU] has loaded RFSIMULATOR device.
[0m[HW]     Trying to connect to 127.0.0.1:4043
[0m[HW]     Connection to 127.0.0.1:4043 established
[0m[32m[HW]     RFsim: Number of antennas changed from 0 to 1
[0m[PHY]    Intializing UE Threads for instance 0 ...
[0m[UTIL]   threadCreate() for UEthread_0: creating thread with affinity ffffffff, priority 97
[0m[UTIL]   threadCreate() for L1_UE_stats_0: creating thread with affinity ffffffff, priority 1
[0m[93m[PHY]    SSB position provided
[0m[93m[NR_PHY] Starting sync detection
[0m[PHY]    [UE thread Synch] Running Initial Synch 
[0m[NR_PHY] Starting cell search with center freq: 3450720000, bandwidth: 106. Scanning for 1 number of GSCN.
[0m[NR_PHY] Scanning GSCN: 0, with SSB offset: 516, SSB Freq: 0.000000
[0m[32m[PHY]    Initial sync: pbch decoded sucessfully, ssb index 0
[0m[PHY]    pbch rx ok. rsrp:51 dB/RE, adjust_rxgain:-1 dB
[0m[NR_PHY] Cell Detected with GSCN: 0, SSB SC offset: 516, SSB Ref: 0.000000, PSS Corr peak: 90 dB, PSS Corr Average: 55
[0m[PHY]    [UE0] In synch, rx_offset 583680 samples
[0m[PHY]    [UE 0] Measured Carrier Frequency offset 0 Hz
[0m[32m[PHY]    Initial sync successful, PCI: 0
[0m[PHY]    HW: Configuring channel 0 (rf_chain 0): setting tx_freq 3450720000 Hz, rx_freq 3450720000 Hz, tune_offset 0
[0m[PHY]    Got synch: hw_slot_offset 38, carrier off 0 Hz
[0m[NR_RRC] [UE 0] BCCH update: phyCellID 0->0, arfcn_ssb 0->630048
[0m[32m[PHY]    UE synchronized! decoded_frame_rx=970 UE->init_sync_frame=1 trashed_frames=36
[0m[PHY]    Resynchronizing RX by 583680 samples
[0m[HW]     received write reorder clear context
[0m[PHY]    max_pos_acc = 0, shiftForNextFrame = 0
[0m[32m[NR_RRC] SIB1 decoded
[0m[NR_MAC] [UE 0] Initial cell selection: dl_frequency=3431640 kHz (from command-line, band=78, scs=1)
[0m[NR_MAC] Initial cell selection: uplink_frequency=3431640 kHz (from dl_frequency=3431640 kHz)
[0m[NR_MAC] TDD period index = 6, based on the sum of dl_UL_TransmissionPeriodicity from Pattern1 (5.000000 ms) and Pattern2 (0.000000 ms): Total = 5.000000 ms
[0m[NR_MAC] Set TDD configuration period to: 8 DL slots, 3 UL slots, 10 slots per period (NR_TDD_UL_DL_Pattern is 7 DL slots, 2 UL slots, 6 DL symbols, 4 UL symbols)
[0m[NR_MAC] Configured 1 TDD patterns (total slots: pattern1 = 10, pattern2 = 0)
[0m[PHY]    N_TA_offset changed from 0 to 800
[0m[MAC]    Initialization of 4-Step CBRA procedure
[0m[NR_MAC] [UE 0] selected PRACH occasion: start_symbol 4 fdm 0 slot 19 format 162
[0m[NR_MAC] PRACH scheduler: Selected RO Frame 1009, Slot 19, Symbol 4, Fdm 0
[0m[PHY]    PRACH [UE 0] in frame.slot 1009.19, placing PRACH in position 2828, Msg1/MsgA-Preamble frequency start 0 (k1 0), preamble_offset 11, first_nonzero_root_idx 0, preambleIndex = 44
[0m[PHY]    [UE 0] RAR-Msg2 decoded
[0m[NR_MAC] [UE 0][RAPROC][RA-RNTI 010f] Got BI RAR subPDU 5 ms
[0m[NR_MAC] [UE 0][RAPROC][RA-RNTI 010f] Got RAPID RAR subPDU
[0m[32m[NR_MAC] [UE 0][RAPROC][1010.10] Found RAR with the intended RAPID 44
[0m[93m[MAC]    received TA command 31
[0m[32m[NR_MAC] [RAPROC][1010.17] RA-Msg3 transmitted
[0m[32m[NR_MAC] [UE 0][1011.10][RAPROC] 4-Step RA procedure succeeded. CBRA: Contention Resolution is successful.
[0m[NR_RRC] [UE0][RAPROC] Logical Channel DL-CCCH (SRB0), Received NR_RRCSetup
[0m[RLC]    Added srb 1 to UE 0
[0m[NR_RRC] State = NR_RRC_CONNECTED
[0m[NAS]    Generate Initial NAS Message: Registration Request
[0m[MAC]    [UE 0] Applying CellGroupConfig from gNodeB
[0m[NR_RRC] [UE 0][RAPROC] Logical Channel UL-DCCH (SRB1), Generating RRCSetupComplete (bytes33)
[0m[NAS]    [UE 0] Received NR_NAS_CONN_ESTABLISH_IND: asCause 0
[0m[NR_MAC] UE 0 RNTI 4fe0 stats sfn: 0.8, cumulated bad DCI 0
    DL Chan: SSB 0 SINR 43.3 dB RSRP -42 dBm, RI 0 CQI: N/A
    DL harq: 2/0 avg code rate 0.0, avg bit/symbol 0.0, avg per TB: (nb RBs 0.0, nb symbols 0.0)
    UL harq: 6/0 avg code rate 0.1, avg bit/symbol 2.1, avg per TB: (nb RBs 25.3, nb symbols 8.0)
[0m[NAS]    [UE 0] Received NAS_DOWNLINK_DATA_IND type FGS_AUTHENTICATION_REQUEST with length 42
[0m[NAS]    [UE 0] Received NAS_DOWNLINK_DATA_IND type FGS_SECURITY_MODE_COMMAND with length 21
[0m[NAS]    Generate Initial NAS Message: Registration Request
[0m[NR_RRC] Received securityModeCommand (gNB 0)
[0m[NR_RRC] Receiving from SRB1 (DL-DCCH), Processing securityModeCommand
[0m[NR_RRC] Security algorithm is set to nea0
[0m[NR_RRC] Integrity protection algorithm is set to nia2
[0m[NR_RRC] Receiving from SRB1 (DL-DCCH), encoding securityModeComplete, rrc_TransactionIdentifier: 0
[0m[NR_RRC] Received Capability Enquiry (gNB 0)
[0m[NR_RRC] Receiving from SRB1 (DL-DCCH), Processing UECapabilityEnquiry
[0m[CONFIG] function config_libconfig_init returned 0
Initializing random number generator, seed 1774159270392955704
TYPE <CTRL-C> TO TERMINATE
kausf:7f 19 43 4b db f1 d5 f1 c9 b7 fd dc 82 9e 91 ef 6b 9a da 5e de 31 4b 32 5d 29 b 15 ac da 5f c 
kseaf:e4 a6 c3 3f 37 e4 56 37 4a 7c 97 d1 7e 36 9e 36 80 ae 7d e7 f1 a8 db 91 36 e4 b 10 ff 11 28 18 
kamf:3d 18 d2 d2 dc ba 6 6 b dc a1 91 56 8c 4a 7e da 98 25 67 11 90 2c 90 78 96 4f 21 e1 87 60 be 
knas_int: 6a 0 87 46 19 fc c1 fb 74 4b 33 14 7c 67 c5 bf 
knas_enc: f1 e3 48 bb c8 fd 10 3d c2 80 83 b3 8e 33 90 f5 
mac d0 d7 b0 bc 
[NR_RRC] deriving kRRCenc, kRRCint from KgNB=71 c4 d8 28 8f 06 e3 c9 7c ed cf 89 41 91 23 07 b5 a0 92 18 16 cc 83 46 6d 74 a3 22 a9 70 c7 60 [0m
[NR_RRC] securityModeComplete payload: 28 00 00 00 00 00 00 00 f0 00 00 00 00 00 00 00 [0m
<UE-NR-Capability>
    <accessStratumRelease><rel15/></accessStratumRelease>
    <pdcp-Parameters>
        <supportedROHC-Profiles>
            <profile0x0000><false/></profile0x0000>
            <profile0x0001><false/></profile0x0001>
            <profile0x0002><false/></profile0x0002>
            <profile0x0003><false/></profile0x0003>
            <profile0x0004><false/></profile0x0004>
            <profile0x0006><false/></profile0x0006>
            <profile0x0101><false/></profile0x0101>
            <profile0x0102><false/></profile0x0102>
            <profile0x0103><false/></profile0x0103>
            <profile0x0104><false/></profile0x0104>
        </supportedROHC-Profiles>
        <maxNumberROHC-ContextSessions><cs2/></maxNumberROHC-ContextSessions>
    </pdcp-Parameters>
    <phy-Parameters>
    </phy-Parameters>
    <rf-Parameters>
        <supportedBandListNR>
            <BandNR>
                <bandNR>1</bandNR>
            </BandNR>
        </supportedBandListNR>
    </rf-Parameters>
</UE-NR-Capability>
[PHY]    [RRC]UE NR Capability encoded, 10 bytes (86 bits)
[0m[NR_RRC] UECapabilityInformation Encoded 106 bits (14 bytes)
[0m[NAS]    [UE 0] Received NAS_DOWNLINK_DATA_IND type FGS_REGISTRATION_ACCEPT with length 53
[0m[NAS]    Received Registration Accept with result 3GPP
[0m[NAS]    SMS not allowed in 5GS Registration Result
[0m[NR_RRC] 5G-GUTI: AMF pointer 1, AMF Set ID 1, 5G-TMSI 575261093 
[0m[NAS]    Send NAS_UPLINK_DATA_REQ message(RegistrationComplete)
[0m[NAS]    requested PDU session ID 1 type 1 NSSAI 1.16777215 DNN oai
[0m[NAS]    Send NAS_UPLINK_DATA_REQ message(PduSessionEstablishRequest)
[0m[NR_MAC] [UE 0] paging UE_ID=421
[0m[RLC]    Added srb 2 to UE 0
[0m[RLC]    Added drb 1 to UE 0
[0m[RLC]    Added DRB to UE 0
[0m[NR_RRC] RRCReconfiguration includes radio Bearer Configuration
[0m[MAC]    [UE 0] Applying CellGroupConfig from gNodeB
[0m[93m[SDAP]    Could not find SDAP entity: entity list empty (ue_id=0 pdu_session_id=1)
[0m[SDAP]   Creating SDAP entity ue_id=0 pdu_session_id=1
[0m[SDAP]   Default DRB for the created SDAP entity: DRB 1 
[0m[PDCP]   Added DRB 1 to UE ID 0
[0m[NR_RRC] State = NR_RRC_CONNECTED
[0m[NR_RRC] RRCReconfiguration includes Measurement Configuration
[0m[93m[NR_RRC] Measurement gaps not yet supported!
[0m[NR_RRC] rrcReconfigurationComplete Encoded 10 bits (2 bytes)
[0m[NR_RRC]  Logical Channel UL-DCCH (SRB1), Generating RRCReconfigurationComplete (bytes 2)
[0m[NAS]    [UE 0] Received NAS_CONN_ESTABLI_CNF: errCode 1, length 98
[0m[NAS]    Received PDU Session Establishment Accept, UE IPv4: 12.1.1.130
[0m[NR_RRC] MeasurementReport Encoded 53 bits (7 bytes)
[0m[SDAP]   UE 0 PDU session 1: cached QFI 1
[0m[SDAP]   UE 0 PDU session 1: bringing TUN oaitun_ue1 up
[0m[UTIL]   threadCreate() for ue_tun_read_0_p1: creating thread with affinity ffffffff, priority 1
[0m[32m[OIP]    TUN Interface oaitun_ue1 successfully configured, IPv4 12.1.1.130, IPv6 (null)
[0m[NR_MAC] UE 0 RNTI 4fe0 stats sfn: 128.8, cumulated bad DCI 0
    DL Chan: SSB 0 SINR 44.1 dB RSRP -42 dBm, RI 0 CQI: N/A
    DL harq: 17/0 avg code rate 0.1, avg bit/symbol 2.0, avg per TB: (nb RBs 0.9, nb symbols 2.3)
    UL harq: 51/0 avg code rate 0.1, avg bit/symbol 2.0, avg per TB: (nb RBs 22.0, nb symbols 9.9)
[0m[NR_RRC] MeasurementReport Encoded 53 bits (7 bytes)
[0m[NR_MAC] UE 0 RNTI 4fe0 stats sfn: 256.8, cumulated bad DCI 0
    DL Chan: SSB 0 SINR 43.3 dB RSRP -42 dBm, RI 0 CQI: N/A
    DL harq: 19/0 avg code rate 0.1, avg bit/symbol 2.0, avg per TB: (nb RBs 1.6, nb symbols 3.0)
    UL harq: 67/0 avg code rate 0.1, avg bit/symbol 2.0, avg per TB: (nb RBs 18.1, nb symbols 10.5)
[0m[NR_RRC] MeasurementReport Encoded 53 bits (7 bytes)
[0m[NR_RRC] MeasurementReport Encoded 53 bits (7 bytes)
[0m[NR_MAC] UE 0 RNTI 4fe0 stats sfn: 384.8, cumulated bad DCI 0
    DL Chan: SSB 0 SINR 42.6 dB RSRP -42 dBm, RI 0 CQI: N/A
    DL harq: 22/0 avg code rate 0.1, avg bit/symbol 2.0, avg per TB: (nb RBs 2.3, nb symbols 4.0)
    UL harq: 87/0 avg code rate 0.1, avg bit/symbol 2.0, avg per TB: (nb RBs 15.4, nb symbols 10.8)
[0m[NR_RRC] MeasurementReport Encoded 53 bits (7 bytes)
[0m[NR_MAC] UE 0 RNTI 4fe0 stats sfn: 512.8, cumulated bad DCI 0
    DL Chan: SSB 0 SINR 42.6 dB RSRP -42 dBm, RI 0 CQI: N/A
    DL harq: 25/0 avg code rate 0.1, avg bit/symbol 2.0, avg per TB: (nb RBs 2.6, nb symbols 5.1)
    UL harq: 104/0 avg code rate 0.1, avg bit/symbol 2.0, avg per TB: (nb RBs 13.8, nb symbols 11.1)
[0m[NR_RRC] MeasurementReport Encoded 53 bits (7 bytes)
[0m[NR_MAC] UE 0 RNTI 4fe0 stats sfn: 640.8, cumulated bad DCI 0
    DL Chan: SSB 0 SINR 45.1 dB RSRP -42 dBm, RI 0 CQI: N/A
    DL harq: 27/0 avg code rate 0.1, avg bit/symbol 2.0, avg per TB: (nb RBs 3.0, nb symbols 5.4)
    UL harq: 119/0 avg code rate 0.1, avg bit/symbol 2.0, avg per TB: (nb RBs 12.8, nb symbols 11.2)
[0m[NR_RRC] MeasurementReport Encoded 53 bits (7 bytes)
[0m[NR_MAC] UE 0 RNTI 4fe0 stats sfn: 768.8, cumulated bad DCI 0
    DL Chan: SSB 0 SINR 44.1 dB RSRP -42 dBm, RI 0 CQI: N/A
    DL harq: 29/0 avg code rate 0.1, avg bit/symbol 2.0, avg per TB: (nb RBs 3.3, nb symbols 5.6)
    UL harq: 136/0 avg code rate 0.1, avg bit/symbol 2.0, avg per TB: (nb RBs 11.9, nb symbols 11.4)
[0m[NR_RRC] MeasurementReport Encoded 53 bits (7 bytes)
[0m[NR_RRC] MeasurementReport Encoded 53 bits (7 bytes)
[0m[NR_MAC] UE 0 RNTI 4fe0 stats sfn: 896.8, cumulated bad DCI 0
    DL Chan: SSB 0 SINR 44.1 dB RSRP -42 dBm, RI 0 CQI: N/A
    DL harq: 33/0 avg code rate 0.1, avg bit/symbol 2.0, avg per TB: (nb RBs 3.8, nb symbols 6.0)
    UL harq: 155/0 avg code rate 0.1, avg bit/symbol 2.0, avg per TB: (nb RBs 11.2, nb symbols 11.5)
[0m[NR_RRC] MeasurementReport Encoded 53 bits (7 bytes)
[0m[NR_MAC] UE 0 RNTI 4fe0 stats sfn: 0.8, cumulated bad DCI 0
    DL Chan: SSB 0 SINR 44.1 dB RSRP -42 dBm, RI 0 CQI: N/A
    DL harq: 35/0 avg code rate 0.1, avg bit/symbol 2.0, avg per TB: (nb RBs 3.9, nb symbols 6.4)
    UL harq: 171/0 avg code rate 0.1, avg bit/symbol 2.0, avg per TB: (nb RBs 10.7, nb symbols 11.5)
[0m[NR_RRC] MeasurementReport Encoded 53 bits (7 bytes)
[0m[NR_MAC] UE 0 RNTI 4fe0 stats sfn: 128.8, cumulated bad DCI 0
    DL Chan: SSB 0 SINR 43.3 dB RSRP -42 dBm, RI 0 CQI: N/A
    DL harq: 38/0 avg code rate 0.1, avg bit/symbol 2.0, avg per TB: (nb RBs 4.1, nb symbols 6.7)
    UL harq: 191/0 avg code rate 0.1, avg bit/symbol 2.0, avg per TB: (nb RBs 10.5, nb symbols 11.5)
[0m[NR_RRC] MeasurementReport Encoded 53 bits (7 bytes)
[0m[NR_MAC] UE 0 RNTI 4fe0 stats sfn: 256.8, cumulated bad DCI 0
    DL Chan: SSB 0 SINR 43.3 dB RSRP -42 dBm, RI 0 CQI: N/A
    DL harq: 40/0 avg code rate 0.1, avg bit/symbol 2.0, avg per TB: (nb RBs 4.2, nb symbols 6.8)
    UL harq: 206/0 avg code rate 0.1, avg bit/symbol 2.0, avg per TB: (nb RBs 10.1, nb symbols 11.6)
[0m[NR_RRC] MeasurementReport Encoded 53 bits (7 bytes)
[0m[NR_RRC] MeasurementReport Encoded 53 bits (7 bytes)
[0m[NR_MAC] UE 0 RNTI 4fe0 stats sfn: 384.8, cumulated bad DCI 0
    DL Chan: SSB 0 SINR 43.3 dB RSRP -42 dBm, RI 0 CQI: N/A
    DL harq: 44/0 avg code rate 0.1, avg bit/symbol 2.0, avg per TB: (nb RBs 4.5, nb symbols 7.0)
    UL harq: 227/0 avg code rate 0.1, avg bit/symbol 2.0, avg per TB: (nb RBs 9.8, nb symbols 11.6)
[0m[NR_RRC] MeasurementReport Encoded 53 bits (7 bytes)
[0m[NR_MAC] UE 0 RNTI 4fe0 stats sfn: 512.8, cumulated bad DCI 0
    DL Chan: SSB 0 SINR 42.1 dB RSRP -42 dBm, RI 0 CQI: N/A
    DL harq: 46/0 avg code rate 0.1, avg bit/symbol 2.0, avg per TB: (nb RBs 4.6, nb symbols 7.3)
    UL harq: 243/0 avg code rate 0.1, avg bit/symbol 2.0, avg per TB: (nb RBs 9.5, nb symbols 11.6)
[0m[NR_RRC] MeasurementReport Encoded 53 bits (7 bytes)
[0m[NR_MAC] UE 0 RNTI 4fe0 stats sfn: 640.8, cumulated bad DCI 0
    DL Chan: SSB 0 SINR 42.6 dB RSRP -42 dBm, RI 0 CQI: N/A
    DL harq: 48/0 avg code rate 0.1, avg bit/symbol 2.0, avg per TB: (nb RBs 4.6, nb symbols 7.5)
    UL harq: 260/0 avg code rate 0.1, avg bit/symbol 2.0, avg per TB: (nb RBs 9.2, nb symbols 11.7)
[0m[NR_RRC] MeasurementReport Encoded 53 bits (7 bytes)
[0m[NR_MAC] UE 0 RNTI 4fe0 stats sfn: 768.8, cumulated bad DCI 0
    DL Chan: SSB 0 SINR 44.1 dB RSRP -42 dBm, RI 0 CQI: N/A
    DL harq: 51/0 avg code rate 0.1, avg bit/symbol 2.0, avg per TB: (nb RBs 4.6, nb symbols 7.9)
    UL harq: 276/0 avg code rate 0.1, avg bit/symbol 2.0, avg per TB: (nb RBs 9.0, nb symbols 11.7)
[0m[NR_RRC] MeasurementReport Encoded 53 bits (7 bytes)
[0m[NR_RRC] MeasurementReport Encoded 53 bits (7 bytes)
[0m[NR_MAC] UE 0 RNTI 4fe0 stats sfn: 896.8, cumulated bad DCI 0
    DL Chan: SSB 0 SINR 45.1 dB RSRP -42 dBm, RI 0 CQI: N/A
    DL harq: 54/0 avg code rate 0.1, avg bit/symbol 2.0, avg per TB: (nb RBs 4.8, nb symbols 7.9)
    UL harq: 296/0 avg code rate 0.1, avg bit/symbol 2.0, avg per TB: (nb RBs 8.9, nb symbols 11.8)
[0m[NR_RRC] MeasurementReport Encoded 53 bits (7 bytes)
[0m[NR_MAC] UE 0 RNTI 4fe0 stats sfn: 0.8, cumulated bad DCI 0
    DL Chan: SSB 0 SINR 45.1 dB RSRP -42 dBm, RI 0 CQI: N/A
    DL harq: 56/0 avg code rate 0.1, avg bit/symbol 2.0, avg per TB: (nb RBs 4.9, nb symbols 7.9)
    UL harq: 313/0 avg code rate 0.1, avg bit/symbol 2.0, avg per TB: (nb RBs 8.7, nb symbols 11.8)
[0m[NR_RRC] MeasurementReport Encoded 53 bits (7 bytes)
[0m[NR_MAC] UE 0 RNTI 4fe0 stats sfn: 128.8, cumulated bad DCI 0
    DL Chan: SSB 0 SINR 43.3 dB RSRP -42 dBm, RI 0 CQI: N/A
    DL harq: 58/0 avg code rate 0.1, avg bit/symbol 2.0, avg per TB: (nb RBs 5.0, nb symbols 7.9)
    UL harq: 329/0 avg code rate 0.1, avg bit/symbol 2.0, avg per TB: (nb RBs 8.5, nb symbols 11.8)
[0m[NR_RRC] MeasurementReport Encoded 53 bits (7 bytes)
[0m[NR_MAC] UE 0 RNTI 4fe0 stats sfn: 256.8, cumulated bad DCI 0
    DL Chan: SSB 0 SINR 43.3 dB RSRP -42 dBm, RI 0 CQI: N/A
    DL harq: 61/0 avg code rate 0.1, avg bit/symbol 2.0, avg per TB: (nb RBs 5.1, nb symbols 8.0)
    UL harq: 346/0 avg code rate 0.1, avg bit/symbol 2.0, avg per TB: (nb RBs 8.4, nb symbols 11.8)
[0m[NR_RRC] MeasurementReport Encoded 53 bits (7 bytes)
[0m[NR_RRC] MeasurementReport Encoded 53 bits (7 bytes)
[0m[NR_MAC] UE 0 RNTI 4fe0 stats sfn: 384.8, cumulated bad DCI 0
    DL Chan: SSB 0 SINR 42.6 dB RSRP -42 dBm, RI 0 CQI: N/A
    DL harq: 64/0 avg code rate 0.1, avg bit/symbol 2.0, avg per TB: (nb RBs 5.1, nb symbols 8.3)
    UL harq: 365/0 avg code rate 0.1, avg bit/symbol 2.0, avg per TB: (nb RBs 8.3, nb symbols 11.8)
[0m[NR_RRC] MeasurementReport Encoded 53 bits (7 bytes)
[0m[NR_MAC] UE 0 RNTI 4fe0 stats sfn: 512.8, cumulated bad DCI 0
    DL Chan: SSB 0 SINR 44.1 dB RSRP -42 dBm, RI 0 CQI: N/A
    DL harq: 66/0 avg code rate 0.1, avg bit/symbol 2.0, avg per TB: (nb RBs 5.1, nb symbols 8.4)
    UL harq: 382/0 avg code rate 0.1, avg bit/symbol 2.0, avg per TB: (nb RBs 8.2, nb symbols 11.9)
[0m[NR_RRC] MeasurementReport Encoded 53 bits (7 bytes)
[0m[NR_MAC] UE 0 RNTI 4fe0 stats sfn: 640.8, cumulated bad DCI 0
    DL Chan: SSB 0 SINR 45.1 dB RSRP -42 dBm, RI 0 CQI: N/A
    DL harq: 69/0 avg code rate 0.1, avg bit/symbol 2.0, avg per TB: (nb RBs 5.1, nb symbols 8.5)
    UL harq: 398/0 avg code rate 0.1, avg bit/symbol 2.0, avg per TB: (nb RBs 8.1, nb symbols 11.9)
[0m[NR_RRC] MeasurementReport Encoded 53 bits (7 bytes)
[0m[NR_MAC] UE 0 RNTI 4fe0 stats sfn: 768.8, cumulated bad DCI 0
    DL Chan: SSB 0 SINR 43.3 dB RSRP -42 dBm, RI 0 CQI: N/A
    DL harq: 71/0 avg code rate 0.1, avg bit/symbol 2.0, avg per TB: (nb RBs 5.1, nb symbols 8.6)
    UL harq: 414/0 avg code rate 0.1, avg bit/symbol 2.0, avg per TB: (nb RBs 8.0, nb symbols 11.9)
[0m[NR_RRC] MeasurementReport Encoded 53 bits (7 bytes)
[0m[NR_RRC] MeasurementReport Encoded 53 bits (7 bytes)
[0m[NR_MAC] UE 0 RNTI 4fe0 stats sfn: 896.8, cumulated bad DCI 0
    DL Chan: SSB 0 SINR 43.3 dB RSRP -42 dBm, RI 0 CQI: N/A
    DL harq: 74/0 avg code rate 0.1, avg bit/symbol 2.0, avg per TB: (nb RBs 5.2, nb symbols 8.7)
    UL harq: 432/0 avg code rate 0.1, avg bit/symbol 2.0, avg per TB: (nb RBs 7.9, nb symbols 11.9)
[0m[NR_RRC] MeasurementReport Encoded 53 bits (7 bytes)
[0m[NR_MAC] UE 0 RNTI 4fe0 stats sfn: 0.8, cumulated bad DCI 0
    DL Chan: SSB 0 SINR 43.3 dB RSRP -42 dBm, RI 0 CQI: N/A
    DL harq: 76/0 avg code rate 0.1, avg bit/symbol 2.0, avg per TB: (nb RBs 5.2, nb symbols 8.8)
    UL harq: 448/0 avg code rate 0.1, avg bit/symbol 2.0, avg per TB: (nb RBs 7.8, nb symbols 11.9)
[0m[NR_RRC] MeasurementReport Encoded 53 bits (7 bytes)
[0m[NR_MAC] UE 0 RNTI 4fe0 stats sfn: 128.8, cumulated bad DCI 0
    DL Chan: SSB 0 SINR 43.3 dB RSRP -42 dBm, RI 0 CQI: N/A
    DL harq: 80/0 avg code rate 0.1, avg bit/symbol 2.0, avg per TB: (nb RBs 5.2, nb symbols 8.9)
    UL harq: 468/0 avg code rate 0.1, avg bit/symbol 2.0, avg per TB: (nb RBs 8.0, nb symbols 11.9)
[0m[NR_RRC] MeasurementReport Encoded 53 bits (7 bytes)
[0m[NR_MAC] UE 0 RNTI 4fe0 stats sfn: 256.8, cumulated bad DCI 0
    DL Chan: SSB 0 SINR 43.3 dB RSRP -42 dBm, RI 0 CQI: N/A
    DL harq: 82/0 avg code rate 0.1, avg bit/symbol 2.0, avg per TB: (nb RBs 5.3, nb symbols 8.9)
    UL harq: 484/0 avg code rate 0.1, avg bit/symbol 2.0, avg per TB: (nb RBs 8.0, nb symbols 11.9)
[0m[NR_RRC] MeasurementReport Encoded 53 bits (7 bytes)
[0m[NR_RRC] MeasurementReport Encoded 53 bits (7 bytes)
[0m[NR_MAC] UE 0 RNTI 4fe0 stats sfn: 384.8, cumulated bad DCI 0
    DL Chan: SSB 0 SINR 44.1 dB RSRP -42 dBm, RI 0 CQI: N/A
    DL harq: 84/0 avg code rate 0.1, avg bit/symbol 2.0, avg per TB: (nb RBs 5.3, nb symbols 9.0)
    UL harq: 502/0 avg code rate 0.1, avg bit/symbol 2.0, avg per TB: (nb RBs 7.9, nb symbols 11.9)
[0m[NR_RRC] MeasurementReport Encoded 53 bits (7 bytes)
[0m[NR_MAC] UE 0 RNTI 4fe0 stats sfn: 512.8, cumulated bad DCI 0
    DL Chan: SSB 0 SINR 44.1 dB RSRP -42 dBm, RI 0 CQI: N/A
    DL harq: 87/0 avg code rate 0.1, avg bit/symbol 2.0, avg per TB: (nb RBs 5.3, nb symbols 9.1)
    UL harq: 520/0 avg code rate 0.1, avg bit/symbol 2.0, avg per TB: (nb RBs 7.8, nb symbols 11.9)
[0m[NR_RRC] MeasurementReport Encoded 53 bits (7 bytes)
[0m[NR_MAC] UE 0 RNTI 4fe0 stats sfn: 640.8, cumulated bad DCI 0
    DL Chan: SSB 0 SINR 43.3 dB RSRP -42 dBm, RI 0 CQI: N/A
    DL harq: 90/0 avg code rate 0.1, avg bit/symbol 2.0, avg per TB: (nb RBs 5.3, nb symbols 9.2)
    UL harq: 536/0 avg code rate 0.1, avg bit/symbol 2.0, avg per TB: (nb RBs 7.8, nb symbols 12.0)
[0m[NR_RRC] MeasurementReport Encoded 53 bits (7 bytes)
[0m[NR_MAC] UE 0 RNTI 4fe0 stats sfn: 768.8, cumulated bad DCI 0
    DL Chan: SSB 0 SINR 44.1 dB RSRP -42 dBm, RI 0 CQI: N/A
    DL harq: 92/0 avg code rate 0.1, avg bit/symbol 2.0, avg per TB: (nb RBs 5.3, nb symbols 9.3)
    UL harq: 553/0 avg code rate 0.1, avg bit/symbol 2.0, avg per TB: (nb RBs 7.7, nb symbols 12.0)
[0m[NR_RRC] MeasurementReport Encoded 53 bits (7 bytes)
[0m[NR_MAC] UE 0 RNTI 4fe0 stats sfn: 896.8, cumulated bad DCI 0
    DL Chan: SSB 0 SINR 42.6 dB RSRP -42 dBm, RI 0 CQI: N/A
    DL harq: 94/0 avg code rate 0.1, avg bit/symbol 2.0, avg per TB: (nb RBs 5.4, nb symbols 9.3)
    UL harq: 569/0 avg code rate 0.1, avg bit/symbol 2.0, avg per TB: (nb RBs 7.6, nb symbols 12.0)
[0m[NR_RRC] MeasurementReport Encoded 53 bits (7 bytes)
[0m[NR_RRC] MeasurementReport Encoded 53 bits (7 bytes)
[0m[NR_MAC] UE 0 RNTI 4fe0 stats sfn: 0.8, cumulated bad DCI 0
    DL Chan: SSB 0 SINR 43.3 dB RSRP -42 dBm, RI 0 CQI: N/A
    DL harq: 98/0 avg code rate 0.1, avg bit/symbol 2.0, avg per TB: (nb RBs 5.4, nb symbols 9.3)
    UL harq: 589/0 avg code rate 0.1, avg bit/symbol 2.0, avg per TB: (nb RBs 7.6, nb symbols 12.0)
[0m[NR_RRC] MeasurementReport Encoded 53 bits (7 bytes)
[0m[NR_MAC] UE 0 RNTI 4fe0 stats sfn: 128.8, cumulated bad DCI 0
    DL Chan: SSB 0 SINR 44.1 dB RSRP -42 dBm, RI 0 CQI: N/A
    DL harq: 100/0 avg code rate 0.1, avg bit/symbol 2.0, avg per TB: (nb RBs 5.4, nb symbols 9.3)
    UL harq: 605/0 avg code rate 0.1, avg bit/symbol 2.0, avg per TB: (nb RBs 7.5, nb symbols 12.0)
[0m[NR_RRC] MeasurementReport Encoded 53 bits (7 bytes)
[0m[NR_MAC] UE 0 RNTI 4fe0 stats sfn: 256.8, cumulated bad DCI 0
    DL Chan: SSB 0 SINR 44.1 dB RSRP -42 dBm, RI 0 CQI: N/A
    DL harq: 102/0 avg code rate 0.1, avg bit/symbol 2.0, avg per TB: (nb RBs 5.5, nb symbols 9.3)
    UL harq: 621/0 avg code rate 0.1, avg bit/symbol 2.0, avg per TB: (nb RBs 7.5, nb symbols 12.0)
[0m[NR_RRC] MeasurementReport Encoded 53 bits (7 bytes)
[0m[NR_MAC] UE 0 RNTI 4fe0 stats sfn: 384.8, cumulated bad DCI 0
    DL Chan: SSB 0 SINR 45.1 dB RSRP -42 dBm, RI 0 CQI: N/A
    DL harq: 104/0 avg code rate 0.1, avg bit/symbol 2.0, avg per TB: (nb RBs 5.5, nb symbols 9.3)
    UL harq: 637/0 avg code rate 0.1, avg bit/symbol 2.0, avg per TB: (nb RBs 7.5, nb symbols 12.0)
[0m[NR_RRC] MeasurementReport Encoded 53 bits (7 bytes)
[0m[NR_RRC] MeasurementReport Encoded 53 bits (7 bytes)
[0m[NR_MAC] UE 0 RNTI 4fe0 stats sfn: 512.8, cumulated bad DCI 0
    DL Chan: SSB 0 SINR 44.1 dB RSRP -42 dBm, RI 0 CQI: N/A
    DL harq: 108/0 avg code rate 0.1, avg bit/symbol 2.0, avg per TB: (nb RBs 5.6, nb symbols 9.3)
    UL harq: 656/0 avg code rate 0.1, avg bit/symbol 2.0, avg per TB: (nb RBs 7.4, nb symbols 12.0)
[0m[NR_RRC] MeasurementReport Encoded 53 bits (7 bytes)
[0m[NR_MAC] UE 0 RNTI 4fe0 stats sfn: 640.8, cumulated bad DCI 0
    DL Chan: SSB 0 SINR 45.1 dB RSRP -42 dBm, RI 0 CQI: N/A
    DL harq: 110/0 avg code rate 0.1, avg bit/symbol 2.0, avg per TB: (nb RBs 5.6, nb symbols 9.4)
    UL harq: 673/0 avg code rate 0.1, avg bit/symbol 2.0, avg per TB: (nb RBs 7.4, nb symbols 12.0)
[0m[NR_RRC] MeasurementReport Encoded 53 bits (7 bytes)
[0m[NR_MAC] UE 0 RNTI 4fe0 stats sfn: 768.8, cumulated bad DCI 0
    DL Chan: SSB 0 SINR 45.1 dB RSRP -42 dBm, RI 0 CQI: N/A
    DL harq: 112/0 avg code rate 0.1, avg bit/symbol 2.0, avg per TB: (nb RBs 5.6, nb symbols 9.4)
    UL harq: 689/0 avg code rate 0.1, avg bit/symbol 2.0, avg per TB: (nb RBs 7.3, nb symbols 12.0)
[0m[NR_RRC] MeasurementReport Encoded 53 bits (7 bytes)
[0m[NR_MAC] UE 0 RNTI 4fe0 stats sfn: 896.8, cumulated bad DCI 0
    DL Chan: SSB 0 SINR 42.6 dB RSRP -42 dBm, RI 0 CQI: N/A
    DL harq: 115/0 avg code rate 0.1, avg bit/symbol 2.0, avg per TB: (nb RBs 5.6, nb symbols 9.5)
    UL harq: 706/0 avg code rate 0.1, avg bit/symbol 2.0, avg per TB: (nb RBs 7.3, nb symbols 12.0)
[0m[NR_RRC] MeasurementReport Encoded 53 bits (7 bytes)
[0m[NR_RRC] MeasurementReport Encoded 53 bits (7 bytes)
[0m[NR_MAC] UE 0 RNTI 4fe0 stats sfn: 0.8, cumulated bad DCI 0
    DL Chan: SSB 0 SINR 43.3 dB RSRP -42 dBm, RI 0 CQI: N/A
    DL harq: 118/0 avg code rate 0.1, avg bit/symbol 2.0, avg per TB: (nb RBs 5.7, nb symbols 9.4)
    UL harq: 725/0 avg code rate 0.1, avg bit/symbol 2.0, avg per TB: (nb RBs 7.3, nb symbols 12.0)
[0m[NR_RRC] MeasurementReport Encoded 53 bits (7 bytes)
[0m[NR_MAC] UE 0 RNTI 4fe0 stats sfn: 128.8, cumulated bad DCI 0
    DL Chan: SSB 0 SINR 43.3 dB RSRP -42 dBm, RI 0 CQI: N/A
    DL harq: 120/0 avg code rate 0.1, avg bit/symbol 2.0, avg per TB: (nb RBs 5.7, nb symbols 9.4)
    UL harq: 742/0 avg code rate 0.1, avg bit/symbol 2.0, avg per TB: (nb RBs 7.2, nb symbols 12.0)
[0m[NR_RRC] MeasurementReport Encoded 53 bits (7 bytes)
[0m[NR_MAC] UE 0 RNTI 4fe0 stats sfn: 256.8, cumulated bad DCI 0
    DL Chan: SSB 0 SINR 44.1 dB RSRP -42 dBm, RI 0 CQI: N/A
    DL harq: 122/0 avg code rate 0.1, avg bit/symbol 2.0, avg per TB: (nb RBs 5.7, nb symbols 9.5)
    UL harq: 757/0 avg code rate 0.1, avg bit/symbol 2.0, avg per TB: (nb RBs 7.2, nb symbols 12.0)
[0m[NR_RRC] MeasurementReport Encoded 53 bits (7 bytes)
[0m[NR_MAC] UE 0 RNTI 4fe0 stats sfn: 384.8, cumulated bad DCI 0
    DL Chan: SSB 0 SINR 43.3 dB RSRP -42 dBm, RI 0 CQI: N/A
    DL harq: 125/0 avg code rate 0.1, avg bit/symbol 2.0, avg per TB: (nb RBs 5.7, nb symbols 9.5)
    UL harq: 774/0 avg code rate 0.1, avg bit/symbol 2.0, avg per TB: (nb RBs 7.2, nb symbols 12.1)
[0m[NR_RRC] MeasurementReport Encoded 53 bits (7 bytes)
[0m[NR_RRC] MeasurementReport Encoded 53 bits (7 bytes)
[0m[NR_MAC] UE 0 RNTI 4fe0 stats sfn: 512.8, cumulated bad DCI 0
    DL Chan: SSB 0 SINR 44.1 dB RSRP -42 dBm, RI 0 CQI: N/A
    DL harq: 128/0 avg code rate 0.1, avg bit/symbol 2.0, avg per TB: (nb RBs 5.7, nb symbols 9.5)
    UL harq: 793/0 avg code rate 0.1, avg bit/symbol 2.0, avg per TB: (nb RBs 7.2, nb symbols 12.1)
[0m[NR_RRC] MeasurementReport Encoded 53 bits (7 bytes)
[0m[NR_MAC] UE 0 RNTI 4fe0 stats sfn: 640.8, cumulated bad DCI 0
    DL Chan: SSB 0 SINR 44.1 dB RSRP -42 dBm, RI 0 CQI: N/A
    DL harq: 130/0 avg code rate 0.1, avg bit/symbol 2.0, avg per TB: (nb RBs 5.8, nb symbols 9.5)
    UL harq: 808/0 avg code rate 0.1, avg bit/symbol 2.0, avg per TB: (nb RBs 7.1, nb symbols 12.1)
[0m[NR_RRC] MeasurementReport Encoded 53 bits (7 bytes)
[0m[NR_MAC] UE 0 RNTI 4fe0 stats sfn: 768.8, cumulated bad DCI 0
    DL Chan: SSB 0 SINR 43.3 dB RSRP -42 dBm, RI 0 CQI: N/A
    DL harq: 133/0 avg code rate 0.1, avg bit/symbol 2.0, avg per TB: (nb RBs 5.8, nb symbols 9.6)
    UL harq: 825/0 avg code rate 0.1, avg bit/symbol 2.0, avg per TB: (nb RBs 7.1, nb symbols 12.1)
[0m[NR_RRC] MeasurementReport Encoded 53 bits (7 bytes)
[0m[NR_MAC] UE 0 RNTI 4fe0 stats sfn: 896.8, cumulated bad DCI 0
    DL Chan: SSB 0 SINR 43.3 dB RSRP -42 dBm, RI 0 CQI: N/A
    DL harq: 135/0 avg code rate 0.1, avg bit/symbol 2.0, avg per TB: (nb RBs 5.7, nb symbols 9.6)
    UL harq: 840/0 avg code rate 0.1, avg bit/symbol 2.0, avg per TB: (nb RBs 7.1, nb symbols 12.1)
[0m[NR_RRC] MeasurementReport Encoded 53 bits (7 bytes)
[0m[NR_RRC] MeasurementReport Encoded 53 bits (7 bytes)
[0m[NR_MAC] UE 0 RNTI 4fe0 stats sfn: 0.8, cumulated bad DCI 0
    DL Chan: SSB 0 SINR 43.3 dB RSRP -42 dBm, RI 0 CQI: N/A
    DL harq: 138/0 avg code rate 0.1, avg bit/symbol 2.0, avg per TB: (nb RBs 5.7, nb symbols 9.7)
    UL harq: 860/0 avg code rate 0.1, avg bit/symbol 2.0, avg per TB: (nb RBs 7.1, nb symbols 12.1)
[0m[NR_RRC] MeasurementReport Encoded 53 bits (7 bytes)
[0m[NR_MAC] UE 0 RNTI 4fe0 stats sfn: 128.8, cumulated bad DCI 0
    DL Chan: SSB 0 SINR 44.1 dB RSRP -42 dBm, RI 0 CQI: N/A
    DL harq: 140/0 avg code rate 0.1, avg bit/symbol 2.0, avg per TB: (nb RBs 5.7, nb symbols 9.8)
    UL harq: 877/0 avg code rate 0.1, avg bit/symbol 2.0, avg per TB: (nb RBs 7.0, nb symbols 12.1)
[0m[NR_RRC] MeasurementReport Encoded 53 bits (7 bytes)
[0m[NR_MAC] UE 0 RNTI 4fe0 stats sfn: 256.8, cumulated bad DCI 0
    DL Chan: SSB 0 SINR 43.3 dB RSRP -42 dBm, RI 0 CQI: N/A
    DL harq: 143/0 avg code rate 0.1, avg bit/symbol 2.0, avg per TB: (nb RBs 5.7, nb symbols 9.8)
    UL harq: 893/0 avg code rate 0.1, avg bit/symbol 2.0, avg per TB: (nb RBs 7.0, nb symbols 12.1)
[0m[NR_RRC] MeasurementReport Encoded 53 bits (7 bytes)
[0m[NR_MAC] UE 0 RNTI 4fe0 stats sfn: 384.8, cumulated bad DCI 0
    DL Chan: SSB 0 SINR 42.6 dB RSRP -42 dBm, RI 0 CQI: N/A
    DL harq: 145/0 avg code rate 0.1, avg bit/symbol 2.0, avg per TB: (nb RBs 5.7, nb symbols 9.8)
    UL harq: 910/0 avg code rate 0.1, avg bit/symbol 2.0, avg per TB: (nb RBs 7.0, nb symbols 12.1)
[0m[NR_RRC] MeasurementReport Encoded 53 bits (7 bytes)
[0m[NR_RRC] MeasurementReport Encoded 53 bits (7 bytes)
[0m[NR_MAC] UE 0 RNTI 4fe0 stats sfn: 512.8, cumulated bad DCI 0
    DL Chan: SSB 0 SINR 44.1 dB RSRP -42 dBm, RI 0 CQI: N/A
    DL harq: 148/0 avg code rate 0.1, avg bit/symbol 2.0, avg per TB: (nb RBs 5.8, nb symbols 9.8)
    UL harq: 930/0 avg code rate 0.1, avg bit/symbol 2.0, avg per TB: (nb RBs 7.0, nb symbols 12.1)
[0m[NR_RRC] MeasurementReport Encoded 53 bits (7 bytes)
[0m[NR_MAC] UE 0 RNTI 4fe0 stats sfn: 640.8, cumulated bad DCI 0
    DL Chan: SSB 0 SINR 43.3 dB RSRP -42 dBm, RI 0 CQI: N/A
    DL harq: 150/0 avg code rate 0.1, avg bit/symbol 2.0, avg per TB: (nb RBs 5.8, nb symbols 9.8)
    UL harq: 946/0 avg code rate 0.1, avg bit/symbol 2.0, avg per TB: (nb RBs 6.9, nb symbols 12.1)
[0m[NR_RRC] MeasurementReport Encoded 53 bits (7 bytes)
[0m[NR_MAC] UE 0 RNTI 4fe0 stats sfn: 768.8, cumulated bad DCI 0
    DL Chan: SSB 0 SINR 44.1 dB RSRP -42 dBm, RI 0 CQI: N/A
    DL harq: 153/0 avg code rate 0.1, avg bit/symbol 2.0, avg per TB: (nb RBs 5.8, nb symbols 9.8)
    UL harq: 962/0 avg code rate 0.1, avg bit/symbol 2.0, avg per TB: (nb RBs 6.9, nb symbols 12.1)
[0m[NR_RRC] MeasurementReport Encoded 53 bits (7 bytes)
[0m[NR_MAC] UE 0 RNTI 4fe0 stats sfn: 896.8, cumulated bad DCI 0
    DL Chan: SSB 0 SINR 45.1 dB RSRP -42 dBm, RI 0 CQI: N/A
    DL harq: 155/0 avg code rate 0.1, avg bit/symbol 2.0, avg per TB: (nb RBs 5.8, nb symbols 9.8)
    UL harq: 979/0 avg code rate 0.1, avg bit/symbol 2.0, avg per TB: (nb RBs 6.9, nb symbols 12.1)
[0m[NR_RRC] MeasurementReport Encoded 53 bits (7 bytes)
[0m[NR_RRC] MeasurementReport Encoded 53 bits (7 bytes)
[0m[NR_MAC] UE 0 RNTI 4fe0 stats sfn: 0.8, cumulated bad DCI 0
    DL Chan: SSB 0 SINR 44.1 dB RSRP -42 dBm, RI 0 CQI: N/A
    DL harq: 158/0 avg code rate 0.1, avg bit/symbol 2.0, avg per TB: (nb RBs 5.9, nb symbols 9.7)
    UL harq: 998/0 avg code rate 0.1, avg bit/symbol 2.0, avg per TB: (nb RBs 6.9, nb symbols 12.1)
[0m[NR_RRC] MeasurementReport Encoded 53 bits (7 bytes)
[0m[NR_MAC] UE 0 RNTI 4fe0 stats sfn: 128.8, cumulated bad DCI 0
    DL Chan: SSB 0 SINR 45.1 dB RSRP -42 dBm, RI 0 CQI: N/A
    DL harq: 162/0 avg code rate 0.1, avg bit/symbol 2.0, avg per TB: (nb RBs 5.9, nb symbols 9.8)
    UL harq: 1018/0 avg code rate 0.1, avg bit/symbol 2.0, avg per TB: (nb RBs 7.0, nb symbols 12.1)
[0m[NR_RRC] MeasurementReport Encoded 53 bits (7 bytes)
[0m[NR_MAC] UE 0 RNTI 4fe0 stats sfn: 256.8, cumulated bad DCI 0
    DL Chan: SSB 0 SINR 43.3 dB RSRP -42 dBm, RI 0 CQI: N/A
    DL harq: 164/0 avg code rate 0.1, avg bit/symbol 2.0, avg per TB: (nb RBs 5.9, nb symbols 9.8)
    UL harq: 1035/0 avg code rate 0.1, avg bit/symbol 2.0, avg per TB: (nb RBs 7.0, nb symbols 12.1)
[0m[NR_RRC] MeasurementReport Encoded 53 bits (7 bytes)
[0m[NR_MAC] UE 0 RNTI 4fe0 stats sfn: 384.8, cumulated bad DCI 0
    DL Chan: SSB 0 SINR 42.6 dB RSRP -42 dBm, RI 0 CQI: N/A
    DL harq: 166/0 avg code rate 0.1, avg bit/symbol 2.0, avg per TB: (nb RBs 5.9, nb symbols 9.8)
    UL harq: 1051/0 avg code rate 0.1, avg bit/symbol 2.0, avg per TB: (nb RBs 7.0, nb symbols 12.1)
[0m[NR_RRC] MeasurementReport Encoded 53 bits (7 bytes)
[0m[NR_RRC] MeasurementReport Encoded 53 bits (7 bytes)
[0m[NR_MAC] UE 0 RNTI 4fe0 stats sfn: 512.8, cumulated bad DCI 0
    DL Chan: SSB 0 SINR 44.1 dB RSRP -42 dBm, RI 0 CQI: N/A
    DL harq: 169/0 avg code rate 0.1, avg bit/symbol 2.0, avg per TB: (nb RBs 5.9, nb symbols 9.8)
    UL harq: 1071/0 avg code rate 0.1, avg bit/symbol 2.0, avg per TB: (nb RBs 6.9, nb symbols 12.1)
[0m[NR_RRC] MeasurementReport Encoded 53 bits (7 bytes)
[0m[NR_MAC] UE 0 RNTI 4fe0 stats sfn: 640.8, cumulated bad DCI 0
    DL Chan: SSB 0 SINR 42.6 dB RSRP -42 dBm, RI 0 CQI: N/A
    DL harq: 172/0 avg code rate 0.1, avg bit/symbol 2.0, avg per TB: (nb RBs 5.9, nb symbols 9.8)
    UL harq: 1087/0 avg code rate 0.1, avg bit/symbol 2.0, avg per TB: (nb RBs 6.9, nb symbols 12.1)
[0m[NR_RRC] MeasurementReport Encoded 53 bits (7 bytes)
[0m[NR_MAC] UE 0 RNTI 4fe0 stats sfn: 768.8, cumulated bad DCI 0
    DL Chan: SSB 0 SINR 43.3 dB RSRP -42 dBm, RI 0 CQI: N/A
    DL harq: 174/0 avg code rate 0.1, avg bit/symbol 2.0, avg per TB: (nb RBs 5.9, nb symbols 9.8)
    UL harq: 1103/0 avg code rate 0.1, avg bit/symbol 2.0, avg per TB: (nb RBs 6.9, nb symbols 12.1)
[0m[NR_RRC] MeasurementReport Encoded 53 bits (7 bytes)
[0m[NR_MAC] UE 0 RNTI 4fe0 stats sfn: 896.8, cumulated bad DCI 0
    DL Chan: SSB 0 SINR 45.1 dB RSRP -42 dBm, RI 0 CQI: N/A
    DL harq: 176/0 avg code rate 0.1, avg bit/symbol 2.0, avg per TB: (nb RBs 5.9, nb symbols 9.8)
    UL harq: 1118/0 avg code rate 0.1, avg bit/symbol 2.0, avg per TB: (nb RBs 6.9, nb symbols 12.1)
[0m[NR_RRC] MeasurementReport Encoded 53 bits (7 bytes)
[0m[NR_MAC] UE 0 RNTI 4fe0 stats sfn: 0.8, cumulated bad DCI 0
    DL Chan: SSB 0 SINR 44.1 dB RSRP -42 dBm, RI 0 CQI: N/A
    DL harq: 179/0 avg code rate 0.1, avg bit/symbol 2.0, avg per TB: (nb RBs 5.9, nb symbols 9.8)
    UL harq: 1135/0 avg code rate 0.1, avg bit/symbol 2.0, avg per TB: (nb RBs 6.9, nb symbols 12.1)
[0m[NR_RRC] MeasurementReport Encoded 53 bits (7 bytes)
[0m[NR_RRC] MeasurementReport Encoded 53 bits (7 bytes)
[0m[NR_MAC] UE 0 RNTI 4fe0 stats sfn: 128.8, cumulated bad DCI 0
    DL Chan: SSB 0 SINR 44.1 dB RSRP -42 dBm, RI 0 CQI: N/A
    DL harq: 182/0 avg code rate 0.1, avg bit/symbol 2.0, avg per TB: (nb RBs 6.0, nb symbols 9.8)
    UL harq: 1155/0 avg code rate 0.1, avg bit/symbol 2.0, avg per TB: (nb RBs 6.9, nb symbols 12.1)
[0m[NR_RRC] MeasurementReport Encoded 53 bits (7 bytes)
[0m[NR_MAC] UE 0 RNTI 4fe0 stats sfn: 256.8, cumulated bad DCI 0
    DL Chan: SSB 0 SINR 45.1 dB RSRP -42 dBm, RI 0 CQI: N/A
    DL harq: 184/0 avg code rate 0.1, avg bit/symbol 2.0, avg per TB: (nb RBs 6.0, nb symbols 9.8)
    UL harq: 1170/0 avg code rate 0.1, avg bit/symbol 2.0, avg per TB: (nb RBs 6.9, nb symbols 12.1)
[0m[NR_RRC] MeasurementReport Encoded 53 bits (7 bytes)
[0m[NR_MAC] UE 0 RNTI 4fe0 stats sfn: 384.8, cumulated bad DCI 0
    DL Chan: SSB 0 SINR 43.3 dB RSRP -42 dBm, RI 0 CQI: N/A
    DL harq: 186/0 avg code rate 0.1, avg bit/symbol 2.0, avg per TB: (nb RBs 6.0, nb symbols 9.8)
    UL harq: 1187/0 avg code rate 0.1, avg bit/symbol 2.0, avg per TB: (nb RBs 6.8, nb symbols 12.1)
[0m[NR_RRC] MeasurementReport Encoded 53 bits (7 bytes)
[0m[NR_MAC] UE 0 RNTI 4fe0 stats sfn: 512.8, cumulated bad DCI 0
    DL Chan: SSB 0 SINR 44.1 dB RSRP -42 dBm, RI 0 CQI: N/A
    DL harq: 189/0 avg code rate 0.1, avg bit/symbol 2.0, avg per TB: (nb RBs 6.0, nb symbols 9.9)
    UL harq: 1202/0 avg code rate 0.1, avg bit/symbol 2.0, avg per TB: (nb RBs 6.8, nb symbols 12.1)
[0m[NR_RRC] MeasurementReport Encoded 53 bits (7 bytes)
[0m[NR_RRC] MeasurementReport Encoded 53 bits (7 bytes)
[0m[NR_MAC] UE 0 RNTI 4fe0 stats sfn: 640.8, cumulated bad DCI 0
    DL Chan: SSB 0 SINR 43.3 dB RSRP -42 dBm, RI 0 CQI: N/A
    DL harq: 192/0 avg code rate 0.1, avg bit/symbol 2.0, avg per TB: (nb RBs 6.0, nb symbols 9.9)
    UL harq: 1221/0 avg code rate 0.1, avg bit/symbol 2.0, avg per TB: (nb RBs 6.8, nb symbols 12.1)
[0m[NR_RRC] MeasurementReport Encoded 53 bits (7 bytes)
[0m[NR_MAC] UE 0 RNTI 4fe0 stats sfn: 768.8, cumulated bad DCI 0
    DL Chan: SSB 0 SINR 44.1 dB RSRP -42 dBm, RI 0 CQI: N/A
    DL harq: 194/0 avg code rate 0.1, avg bit/symbol 2.0, avg per TB: (nb RBs 6.0, nb symbols 9.9)
    UL harq: 1238/0 avg code rate 0.1, avg bit/symbol 2.0, avg per TB: (nb RBs 6.8, nb symbols 12.1)
[0m[NR_RRC] MeasurementReport Encoded 53 bits (7 bytes)
[0m[NR_MAC] UE 0 RNTI 4fe0 stats sfn: 896.8, cumulated bad DCI 0
    DL Chan: SSB 0 SINR 44.1 dB RSRP -42 dBm, RI 0 CQI: N/A
    DL harq: 197/0 avg code rate 0.1, avg bit/symbol 2.0, avg per TB: (nb RBs 6.0, nb symbols 9.9)
    UL harq: 1254/0 avg code rate 0.1, avg bit/symbol 2.0, avg per TB: (nb RBs 6.8, nb symbols 12.1)
[0m[NR_RRC] MeasurementReport Encoded 53 bits (7 bytes)
[0m[NR_MAC] UE 0 RNTI 4fe0 stats sfn: 0.8, cumulated bad DCI 0
    DL Chan: SSB 0 SINR 44.1 dB RSRP -42 dBm, RI 0 CQI: N/A
    DL harq: 199/0 avg code rate 0.1, avg bit/symbol 2.0, avg per TB: (nb RBs 6.0, nb symbols 9.9)
    UL harq: 1270/0 avg code rate 0.1, avg bit/symbol 2.0, avg per TB: (nb RBs 6.8, nb symbols 12.1)
[0m[NR_RRC] MeasurementReport Encoded 53 bits (7 bytes)
[0m[NR_RRC] MeasurementReport Encoded 53 bits (7 bytes)
[0m[NR_MAC] UE 0 RNTI 4fe0 stats sfn: 128.8, cumulated bad DCI 0
    DL Chan: SSB 0 SINR 45.1 dB RSRP -42 dBm, RI 0 CQI: N/A
    DL harq: 202/0 avg code rate 0.1, avg bit/symbol 2.0, avg per TB: (nb RBs 6.0, nb symbols 9.9)
    UL harq: 1290/0 avg code rate 0.1, avg bit/symbol 2.0, avg per TB: (nb RBs 6.8, nb symbols 12.1)
[0m[NR_RRC] MeasurementReport Encoded 53 bits (7 bytes)
[0m[NR_MAC] UE 0 RNTI 4fe0 stats sfn: 256.8, cumulated bad DCI 0
    DL Chan: SSB 0 SINR 44.1 dB RSRP -42 dBm, RI 0 CQI: N/A
    DL harq: 204/0 avg code rate 0.1, avg bit/symbol 2.0, avg per TB: (nb RBs 6.0, nb symbols 9.9)
    UL harq: 1307/0 avg code rate 0.1, avg bit/symbol 2.0, avg per TB: (nb RBs 6.7, nb symbols 12.1)
[0m[NR_RRC] MeasurementReport Encoded 53 bits (7 bytes)
[0m[NR_MAC] UE 0 RNTI 4fe0 stats sfn: 384.8, cumulated bad DCI 0
    DL Chan: SSB 0 SINR 44.1 dB RSRP -42 dBm, RI 0 CQI: N/A
    DL harq: 207/0 avg code rate 0.1, avg bit/symbol 2.0, avg per TB: (nb RBs 6.0, nb symbols 9.9)
    UL harq: 1323/0 avg code rate 0.1, avg bit/symbol 2.0, avg per TB: (nb RBs 6.7, nb symbols 12.1)
[0m[NR_RRC] MeasurementReport Encoded 53 bits (7 bytes)
[0m[NR_MAC] UE 0 RNTI 4fe0 stats sfn: 512.8, cumulated bad DCI 0
    DL Chan: SSB 0 SINR 45.1 dB RSRP -42 dBm, RI 0 CQI: N/A
    DL harq: 209/0 avg code rate 0.1, avg bit/symbol 2.0, avg per TB: (nb RBs 6.0, nb symbols 9.9)
    UL harq: 1340/0 avg code rate 0.1, avg bit/symbol 2.0, avg per TB: (nb RBs 6.7, nb symbols 12.1)
[0m[NR_RRC] MeasurementReport Encoded 53 bits (7 bytes)
[0m[NR_RRC] MeasurementReport Encoded 53 bits (7 bytes)
[0m[NR_MAC] UE 0 RNTI 4fe0 stats sfn: 640.8, cumulated bad DCI 0
    DL Chan: SSB 0 SINR 45.1 dB RSRP -42 dBm, RI 0 CQI: N/A
    DL harq: 212/0 avg code rate 0.1, avg bit/symbol 2.0, avg per TB: (nb RBs 6.0, nb symbols 10.0)
    UL harq: 1359/0 avg code rate 0.1, avg bit/symbol 2.0, avg per TB: (nb RBs 6.7, nb symbols 12.1)
[0m[NR_RRC] MeasurementReport Encoded 53 bits (7 bytes)
[0m[NR_MAC] UE 0 RNTI 4fe0 stats sfn: 768.8, cumulated bad DCI 0
    DL Chan: SSB 0 SINR 44.1 dB RSRP -42 dBm, RI 0 CQI: N/A
    DL harq: 214/0 avg code rate 0.1, avg bit/symbol 2.0, avg per TB: (nb RBs 6.1, nb symbols 9.9)
    UL harq: 1375/0 avg code rate 0.1, avg bit/symbol 2.0, avg per TB: (nb RBs 6.7, nb symbols 12.1)
[0m[NR_RRC] MeasurementReport Encoded 53 bits (7 bytes)
[0m[NR_MAC] UE 0 RNTI 4fe0 stats sfn: 896.8, cumulated bad DCI 0
    DL Chan: SSB 0 SINR 43.3 dB RSRP -42 dBm, RI 0 CQI: N/A
    DL harq: 217/0 avg code rate 0.1, avg bit/symbol 2.0, avg per TB: (nb RBs 6.1, nb symbols 9.9)
    UL harq: 1391/0 avg code rate 0.1, avg bit/symbol 2.0, avg per TB: (nb RBs 6.7, nb symbols 12.1)
[0m[NR_RRC] MeasurementReport Encoded 53 bits (7 bytes)
[0m[NR_MAC] UE 0 RNTI 4fe0 stats sfn: 0.8, cumulated bad DCI 0
    DL Chan: SSB 0 SINR 43.3 dB RSRP -42 dBm, RI 0 CQI: N/A
    DL harq: 219/0 avg code rate 0.1, avg bit/symbol 2.0, avg per TB: (nb RBs 6.1, nb symbols 9.9)
    UL harq: 1407/0 avg code rate 0.1, avg bit/symbol 2.0, avg per TB: (nb RBs 6.7, nb symbols 12.1)
[0m[NR_RRC] MeasurementReport Encoded 53 bits (7 bytes)
[0m[NR_RRC] MeasurementReport Encoded 53 bits (7 bytes)
[0m[NR_MAC] UE 0 RNTI 4fe0 stats sfn: 128.8, cumulated bad DCI 0
    DL Chan: SSB 0 SINR 44.1 dB RSRP -42 dBm, RI 0 CQI: N/A
    DL harq: 222/0 avg code rate 0.1, avg bit/symbol 2.0, avg per TB: (nb RBs 6.1, nb symbols 9.9)
    UL harq: 1427/0 avg code rate 0.1, avg bit/symbol 2.0, avg per TB: (nb RBs 6.7, nb symbols 12.1)
[0m[NR_RRC] MeasurementReport Encoded 53 bits (7 bytes)
[0m[NR_MAC] UE 0 RNTI 4fe0 stats sfn: 256.8, cumulated bad DCI 0
    DL Chan: SSB 0 SINR 42.6 dB RSRP -42 dBm, RI 0 CQI: N/A
    DL harq: 225/0 avg code rate 0.1, avg bit/symbol 2.0, avg per TB: (nb RBs 6.1, nb symbols 10.0)
    UL harq: 1443/0 avg code rate 0.1, avg bit/symbol 2.0, avg per TB: (nb RBs 6.7, nb symbols 12.1)
[0m[NR_RRC] MeasurementReport Encoded 53 bits (7 bytes)
[0m[NR_MAC] UE 0 RNTI 4fe0 stats sfn: 384.8, cumulated bad DCI 0
    DL Chan: SSB 0 SINR 42.6 dB RSRP -42 dBm, RI 0 CQI: N/A
    DL harq: 227/0 avg code rate 0.1, avg bit/symbol 2.0, avg per TB: (nb RBs 6.1, nb symbols 9.9)
    UL harq: 1460/0 avg code rate 0.1, avg bit/symbol 2.0, avg per TB: (nb RBs 6.7, nb symbols 12.1)
[0m[NR_RRC] MeasurementReport Encoded 53 bits (7 bytes)
[0m[NR_MAC] UE 0 RNTI 4fe0 stats sfn: 512.8, cumulated bad DCI 0
    DL Chan: SSB 0 SINR 44.1 dB RSRP -42 dBm, RI 0 CQI: N/A
    DL harq: 229/0 avg code rate 0.1, avg bit/symbol 2.0, avg per TB: (nb RBs 6.1, nb symbols 9.9)
    UL harq: 1475/0 avg code rate 0.1, avg bit/symbol 2.0, avg per TB: (nb RBs 6.6, nb symbols 12.1)
[0m[NR_RRC] MeasurementReport Encoded 53 bits (7 bytes)
[0m[NR_RRC] MeasurementReport Encoded 53 bits (7 bytes)
[0m[NR_MAC] UE 0 RNTI 4fe0 stats sfn: 640.8, cumulated bad DCI 0
    DL Chan: SSB 0 SINR 42.6 dB RSRP -42 dBm, RI 0 CQI: N/A
    DL harq: 232/0 avg code rate 0.1, avg bit/symbol 2.0, avg per TB: (nb RBs 6.1, nb symbols 10.0)
    UL harq: 1494/0 avg code rate 0.1, avg bit/symbol 2.0, avg per TB: (nb RBs 6.6, nb symbols 12.1)
[0m[NR_RRC] MeasurementReport Encoded 53 bits (7 bytes)
[0m[NR_MAC] UE 0 RNTI 4fe0 stats sfn: 768.8, cumulated bad DCI 0
    DL Chan: SSB 0 SINR 42.6 dB RSRP -42 dBm, RI 0 CQI: N/A
    DL harq: 235/0 avg code rate 0.1, avg bit/symbol 2.0, avg per TB: (nb RBs 6.1, nb symbols 10.0)
    UL harq: 1511/0 avg code rate 0.1, avg bit/symbol 2.0, avg per TB: (nb RBs 6.6, nb symbols 12.1)
[0m[NR_RRC] MeasurementReport Encoded 53 bits (7 bytes)
[0m[NR_MAC] UE 0 RNTI 4fe0 stats sfn: 896.8, cumulated bad DCI 0
    DL Chan: SSB 0 SINR 45.1 dB RSRP -42 dBm, RI 0 CQI: N/A
    DL harq: 237/0 avg code rate 0.1, avg bit/symbol 2.0, avg per TB: (nb RBs 6.1, nb symbols 10.0)
    UL harq: 1527/0 avg code rate 0.1, avg bit/symbol 2.0, avg per TB: (nb RBs 6.6, nb symbols 12.1)
[0m[NR_RRC] MeasurementReport Encoded 53 bits (7 bytes)
[0m[NR_MAC] UE 0 RNTI 4fe0 stats sfn: 0.8, cumulated bad DCI 0
    DL Chan: SSB 0 SINR 45.1 dB RSRP -42 dBm, RI 0 CQI: N/A
    DL harq: 239/0 avg code rate 0.1, avg bit/symbol 2.0, avg per TB: (nb RBs 6.1, nb symbols 10.0)
    UL harq: 1544/0 avg code rate 0.1, avg bit/symbol 2.0, avg per TB: (nb RBs 6.6, nb symbols 12.1)
[0m[NR_RRC] MeasurementReport Encoded 53 bits (7 bytes)
[0m[NR_RRC] MeasurementReport Encoded 53 bits (7 bytes)
[0m[NR_MAC] UE 0 RNTI 4fe0 stats sfn: 128.8, cumulated bad DCI 0
    DL Chan: SSB 0 SINR 44.1 dB RSRP -42 dBm, RI 0 CQI: N/A
    DL harq: 243/0 avg code rate 0.1, avg bit/symbol 2.0, avg per TB: (nb RBs 6.1, nb symbols 10.0)
    UL harq: 1563/0 avg code rate 0.1, avg bit/symbol 2.0, avg per TB: (nb RBs 6.6, nb symbols 12.1)
[0m[NR_RRC] MeasurementReport Encoded 53 bits (7 bytes)
[0m[NR_MAC] UE 0 RNTI 4fe0 stats sfn: 256.8, cumulated bad DCI 0
    DL Chan: SSB 0 SINR 44.1 dB RSRP -42 dBm, RI 0 CQI: N/A
    DL harq: 245/0 avg code rate 0.1, avg bit/symbol 2.0, avg per TB: (nb RBs 6.1, nb symbols 10.0)
    UL harq: 1579/0 avg code rate 0.1, avg bit/symbol 2.0, avg per TB: (nb RBs 6.6, nb symbols 12.1)
[0m[NR_RRC] MeasurementReport Encoded 53 bits (7 bytes)
[0m[NR_MAC] UE 0 RNTI 4fe0 stats sfn: 384.8, cumulated bad DCI 0
    DL Chan: SSB 0 SINR 43.3 dB RSRP -42 dBm, RI 0 CQI: N/A
    DL harq: 247/0 avg code rate 0.1, avg bit/symbol 2.0, avg per TB: (nb RBs 6.1, nb symbols 10.0)
    UL harq: 1596/0 avg code rate 0.1, avg bit/symbol 2.0, avg per TB: (nb RBs 6.6, nb symbols 12.1)
[0m[NR_RRC] MeasurementReport Encoded 53 bits (7 bytes)
[0m[NR_MAC] UE 0 RNTI 4fe0 stats sfn: 512.8, cumulated bad DCI 0
    DL Chan: SSB 0 SINR 43.3 dB RSRP -42 dBm, RI 0 CQI: N/A
    DL harq: 249/0 avg code rate 0.1, avg bit/symbol 2.0, avg per TB: (nb RBs 6.1, nb symbols 10.0)
    UL harq: 1612/0 avg code rate 0.1, avg bit/symbol 2.0, avg per TB: (nb RBs 6.6, nb symbols 12.2)
[0m[NR_RRC] MeasurementReport Encoded 53 bits (7 bytes)
[0m[NR_RRC] MeasurementReport Encoded 53 bits (7 bytes)
[0m[NR_MAC] UE 0 RNTI 4fe0 stats sfn: 640.8, cumulated bad DCI 0
    DL Chan: SSB 0 SINR 44.1 dB RSRP -42 dBm, RI 0 CQI: N/A
    DL harq: 253/0 avg code rate 0.1, avg bit/symbol 2.0, avg per TB: (nb RBs 6.1, nb symbols 10.0)
    UL harq: 1633/0 avg code rate 0.1, avg bit/symbol 2.0, avg per TB: (nb RBs 6.6, nb symbols 12.1)
[0m[NR_RRC] MeasurementReport Encoded 53 bits (7 bytes)
[0m[NR_MAC] UE 0 RNTI 4fe0 stats sfn: 768.8, cumulated bad DCI 0
    DL Chan: SSB 0 SINR 43.3 dB RSRP -42 dBm, RI 0 CQI: N/A
    DL harq: 255/0 avg code rate 0.1, avg bit/symbol 2.0, avg per TB: (nb RBs 6.1, nb symbols 10.1)
    UL harq: 1649/0 avg code rate 0.1, avg bit/symbol 2.0, avg per TB: (nb RBs 6.6, nb symbols 12.2)
[0m[NR_RRC] MeasurementReport Encoded 53 bits (7 bytes)
[0m[NR_MAC] UE 0 RNTI 4fe0 stats sfn: 896.8, cumulated bad DCI 0
    DL Chan: SSB 0 SINR 43.3 dB RSRP -42 dBm, RI 0 CQI: N/A
    DL harq: 257/0 avg code rate 0.1, avg bit/symbol 2.0, avg per TB: (nb RBs 6.1, nb symbols 10.1)
    UL harq: 1666/0 avg code rate 0.1, avg bit/symbol 2.0, avg per TB: (nb RBs 6.6, nb symbols 12.2)
[0m[NR_RRC] MeasurementReport Encoded 53 bits (7 bytes)
[0m[NR_MAC] UE 0 RNTI 4fe0 stats sfn: 0.8, cumulated bad DCI 0
    DL Chan: SSB 0 SINR 42.6 dB RSRP -42 dBm, RI 0 CQI: N/A
    DL harq: 260/0 avg code rate 0.1, avg bit/symbol 2.0, avg per TB: (nb RBs 6.1, nb symbols 10.1)
    UL harq: 1682/0 avg code rate 0.1, avg bit/symbol 2.0, avg per TB: (nb RBs 6.6, nb symbols 12.2)
[0m[NR_RRC] MeasurementReport Encoded 53 bits (7 bytes)
[0m[NR_RRC] MeasurementReport Encoded 53 bits (7 bytes)
[0m[NR_MAC] UE 0 RNTI 4fe0 stats sfn: 128.8, cumulated bad DCI 0
    DL Chan: SSB 0 SINR 42.6 dB RSRP -42 dBm, RI 0 CQI: N/A
    DL harq: 262/0 avg code rate 0.1, avg bit/symbol 2.0, avg per TB: (nb RBs 6.1, nb symbols 10.1)
    UL harq: 1698/0 avg code rate 0.1, avg bit/symbol 2.0, avg per TB: (nb RBs 6.5, nb symbols 12.2)
[0m[NR_RRC] MeasurementReport Encoded 53 bits (7 bytes)
[0m[NR_MAC] UE 0 RNTI 4fe0 stats sfn: 256.8, cumulated bad DCI 0
    DL Chan: SSB 0 SINR 43.3 dB RSRP -42 dBm, RI 0 CQI: N/A
    DL harq: 265/0 avg code rate 0.1, avg bit/symbol 2.0, avg per TB: (nb RBs 6.2, nb symbols 10.0)
    UL harq: 1718/0 avg code rate 0.1, avg bit/symbol 2.0, avg per TB: (nb RBs 6.5, nb symbols 12.2)
[0m[NR_RRC] MeasurementReport Encoded 53 bits (7 bytes)
[0m[NR_MAC] UE 0 RNTI 4fe0 stats sfn: 384.8, cumulated bad DCI 0
    DL Chan: SSB 0 SINR 43.3 dB RSRP -42 dBm, RI 0 CQI: N/A
    DL harq: 267/0 avg code rate 0.1, avg bit/symbol 2.0, avg per TB: (nb RBs 6.2, nb symbols 10.0)
    UL harq: 1734/0 avg code rate 0.1, avg bit/symbol 2.0, avg per TB: (nb RBs 6.5, nb symbols 12.2)
[0m[NR_RRC] MeasurementReport Encoded 53 bits (7 bytes)
[0m[NR_MAC] UE 0 RNTI 4fe0 stats sfn: 512.8, cumulated bad DCI 0
    DL Chan: SSB 0 SINR 43.3 dB RSRP -42 dBm, RI 0 CQI: N/A
    DL harq: 270/0 avg code rate 0.1, avg bit/symbol 2.0, avg per TB: (nb RBs 6.1, nb symbols 10.1)
    UL harq: 1750/0 avg code rate 0.1, avg bit/symbol 2.0, avg per TB: (nb RBs 6.5, nb symbols 12.2)
[0m[NR_RRC] MeasurementReport Encoded 53 bits (7 bytes)
[0m[NR_MAC] UE 0 RNTI 4fe0 stats sfn: 640.8, cumulated bad DCI 0
    DL Chan: SSB 0 SINR 42.6 dB RSRP -42 dBm, RI 0 CQI: N/A
    DL harq: 272/0 avg code rate 0.1, avg bit/symbol 2.0, avg per TB: (nb RBs 6.1, nb symbols 10.1)
    UL harq: 1766/0 avg code rate 0.1, avg bit/symbol 2.0, avg per TB: (nb RBs 6.5, nb symbols 12.2)
[0m[NR_RRC] MeasurementReport Encoded 53 bits (7 bytes)
[0m[NR_RRC] MeasurementReport Encoded 53 bits (7 bytes)
[0m[NR_MAC] UE 0 RNTI 4fe0 stats sfn: 768.8, cumulated bad DCI 0
    DL Chan: SSB 0 SINR 43.3 dB RSRP -42 dBm, RI 0 CQI: N/A
    DL harq: 275/0 avg code rate 0.1, avg bit/symbol 2.0, avg per TB: (nb RBs 6.1, nb symbols 10.1)
    UL harq: 1787/0 avg code rate 0.1, avg bit/symbol 2.0, avg per TB: (nb RBs 6.5, nb symbols 12.2)
[0m[NR_RRC] MeasurementReport Encoded 53 bits (7 bytes)
[0m[NR_MAC] UE 0 RNTI 4fe0 stats sfn: 896.8, cumulated bad DCI 0
    DL Chan: SSB 0 SINR 43.3 dB RSRP -42 dBm, RI 0 CQI: N/A
    DL harq: 277/0 avg code rate 0.1, avg bit/symbol 2.0, avg per TB: (nb RBs 6.2, nb symbols 10.1)
    UL harq: 1803/0 avg code rate 0.1, avg bit/symbol 2.0, avg per TB: (nb RBs 6.5, nb symbols 12.2)
[0m[NR_RRC] MeasurementReport Encoded 53 bits (7 bytes)
[0m[NR_MAC] UE 0 RNTI 4fe0 stats sfn: 0.8, cumulated bad DCI 0
    DL Chan: SSB 0 SINR 44.1 dB RSRP -42 dBm, RI 0 CQI: N/A
    DL harq: 280/0 avg code rate 0.1, avg bit/symbol 2.0, avg per TB: (nb RBs 6.1, nb symbols 10.1)
    UL harq: 1820/0 avg code rate 0.1, avg bit/symbol 2.0, avg per TB: (nb RBs 6.5, nb symbols 12.2)
[0m[NR_RRC] MeasurementReport Encoded 53 bits (7 bytes)
[0m[NR_MAC] UE 0 RNTI 4fe0 stats sfn: 128.8, cumulated bad DCI 0
    DL Chan: SSB 0 SINR 44.1 dB RSRP -42 dBm, RI 0 CQI: N/A
    DL harq: 282/0 avg code rate 0.1, avg bit/symbol 2.0, avg per TB: (nb RBs 6.1, nb symbols 10.1)
    UL harq: 1835/0 avg code rate 0.1, avg bit/symbol 2.0, avg per TB: (nb RBs 6.5, nb symbols 12.2)
[0m[NR_RRC] MeasurementReport Encoded 53 bits (7 bytes)
[0m[NR_RRC] MeasurementReport Encoded 53 bits (7 bytes)
[0m[NR_MAC] UE 0 RNTI 4fe0 stats sfn: 256.8, cumulated bad DCI 0
    DL Chan: SSB 0 SINR 45.1 dB RSRP -42 dBm, RI 0 CQI: N/A
    DL harq: 285/0 avg code rate 0.1, avg bit/symbol 2.0, avg per TB: (nb RBs 6.1, nb symbols 10.1)
    UL harq: 1855/0 avg code rate 0.1, avg bit/symbol 2.0, avg per TB: (nb RBs 6.5, nb symbols 12.2)
[0m[NR_RRC] MeasurementReport Encoded 53 bits (7 bytes)
[0m[NR_MAC] UE 0 RNTI 4fe0 stats sfn: 384.8, cumulated bad DCI 0
    DL Chan: SSB 0 SINR 45.1 dB RSRP -42 dBm, RI 0 CQI: N/A
    DL harq: 288/0 avg code rate 0.1, avg bit/symbol 2.0, avg per TB: (nb RBs 6.1, nb symbols 10.1)
    UL harq: 1872/0 avg code rate 0.1, avg bit/symbol 2.0, avg per TB: (nb RBs 6.5, nb symbols 12.2)
[0m[NR_RRC] MeasurementReport Encoded 53 bits (7 bytes)
[0m[NR_MAC] UE 0 RNTI 4fe0 stats sfn: 512.8, cumulated bad DCI 0
    DL Chan: SSB 0 SINR 44.1 dB RSRP -42 dBm, RI 0 CQI: N/A
    DL harq: 290/0 avg code rate 0.1, avg bit/symbol 2.0, avg per TB: (nb RBs 6.2, nb symbols 10.1)
    UL harq: 1887/0 avg code rate 0.1, avg bit/symbol 2.0, avg per TB: (nb RBs 6.5, nb symbols 12.2)
[0m[NR_RRC] MeasurementReport Encoded 53 bits (7 bytes)
[0m[NR_MAC] UE 0 RNTI 4fe0 stats sfn: 640.8, cumulated bad DCI 0
    DL Chan: SSB 0 SINR 44.1 dB RSRP -42 dBm, RI 0 CQI: N/A
    DL harq: 292/0 avg code rate 0.1, avg bit/symbol 2.0, avg per TB: (nb RBs 6.1, nb symbols 10.2)
    UL harq: 1904/0 avg code rate 0.1, avg bit/symbol 2.0, avg per TB: (nb RBs 6.5, nb symbols 12.2)
[0m[NR_RRC] MeasurementReport Encoded 53 bits (7 bytes)
[0m[NR_RRC] MeasurementReport Encoded 53 bits (7 bytes)
[0m[NR_MAC] UE 0 RNTI 4fe0 stats sfn: 768.8, cumulated bad DCI 0
    DL Chan: SSB 0 SINR 45.1 dB RSRP -42 dBm, RI 0 CQI: N/A
    DL harq: 295/0 avg code rate 0.1, avg bit/symbol 2.0, avg per TB: (nb RBs 6.2, nb symbols 10.2)
    UL harq: 1924/0 avg code rate 0.1, avg bit/symbol 2.0, avg per TB: (nb RBs 6.5, nb symbols 12.2)
[0m[NR_RRC] MeasurementReport Encoded 53 bits (7 bytes)
[0m[NR_MAC] UE 0 RNTI 4fe0 stats sfn: 896.8, cumulated bad DCI 0
    DL Chan: SSB 0 SINR 45.1 dB RSRP -42 dBm, RI 0 CQI: N/A
    DL harq: 298/0 avg code rate 0.1, avg bit/symbol 2.0, avg per TB: (nb RBs 6.1, nb symbols 10.2)
    UL harq: 1940/0 avg code rate 0.1, avg bit/symbol 2.0, avg per TB: (nb RBs 6.5, nb symbols 12.2)
[0m[NR_RRC] MeasurementReport Encoded 53 bits (7 bytes)
[0m[NR_MAC] UE 0 RNTI 4fe0 stats sfn: 0.8, cumulated bad DCI 0
    DL Chan: SSB 0 SINR 44.1 dB RSRP -42 dBm, RI 0 CQI: N/A
    DL harq: 300/0 avg code rate 0.1, avg bit/symbol 2.0, avg per TB: (nb RBs 6.2, nb symbols 10.2)
    UL harq: 1957/0 avg code rate 0.1, avg bit/symbol 2.0, avg per TB: (nb RBs 6.5, nb symbols 12.2)
[0m[NR_RRC] MeasurementReport Encoded 53 bits (7 bytes)
[0m[NR_MAC] UE 0 RNTI 4fe0 stats sfn: 128.8, cumulated bad DCI 0
    DL Chan: SSB 0 SINR 44.1 dB RSRP -42 dBm, RI 0 CQI: N/A
    DL harq: 302/0 avg code rate 0.1, avg bit/symbol 2.0, avg per TB: (nb RBs 6.2, nb symbols 10.2)
    UL harq: 1972/0 avg code rate 0.1, avg bit/symbol 2.0, avg per TB: (nb RBs 6.5, nb symbols 12.2)
[0m[NR_RRC] MeasurementReport Encoded 53 bits (7 bytes)
[0m[NR_RRC] MeasurementReport Encoded 53 bits (7 bytes)
[0m[NR_MAC] UE 0 RNTI 4fe0 stats sfn: 256.8, cumulated bad DCI 0
    DL Chan: SSB 0 SINR 45.1 dB RSRP -42 dBm, RI 0 CQI: N/A
    DL harq: 306/0 avg code rate 0.1, avg bit/symbol 2.0, avg per TB: (nb RBs 6.2, nb symbols 10.2)
    UL harq: 1993/0 avg code rate 0.1, avg bit/symbol 2.0, avg per TB: (nb RBs 6.4, nb symbols 12.2)
[0m[NR_RRC] MeasurementReport Encoded 53 bits (7 bytes)
[0m[NR_MAC] UE 0 RNTI 4fe0 stats sfn: 384.8, cumulated bad DCI 0
    DL Chan: SSB 0 SINR 44.1 dB RSRP -42 dBm, RI 0 CQI: N/A
    DL harq: 308/0 avg code rate 0.1, avg bit/symbol 2.0, avg per TB: (nb RBs 6.2, nb symbols 10.2)
    UL harq: 2009/0 avg code rate 0.1, avg bit/symbol 2.0, avg per TB: (nb RBs 6.4, nb symbols 12.2)
[0m[NR_RRC] MeasurementReport Encoded 53 bits (7 bytes)
[0m[NR_MAC] UE 0 RNTI 4fe0 stats sfn: 512.8, cumulated bad DCI 0
    DL Chan: SSB 0 SINR 44.1 dB RSRP -42 dBm, RI 0 CQI: N/A
    DL harq: 310/0 avg code rate 0.1, avg bit/symbol 2.0, avg per TB: (nb RBs 6.2, nb symbols 10.2)
    UL harq: 2026/0 avg code rate 0.1, avg bit/symbol 2.0, avg per TB: (nb RBs 6.4, nb symbols 12.2)
[0m[NR_RRC] MeasurementReport Encoded 53 bits (7 bytes)
[0m[NR_MAC] UE 0 RNTI 4fe0 stats sfn: 640.8, cumulated bad DCI 0
    DL Chan: SSB 0 SINR 43.3 dB RSRP -42 dBm, RI 0 CQI: N/A
    DL harq: 312/0 avg code rate 0.1, avg bit/symbol 2.0, avg per TB: (nb RBs 6.2, nb symbols 10.2)
    UL harq: 2041/0 avg code rate 0.1, avg bit/symbol 2.0, avg per TB: (nb RBs 6.4, nb symbols 12.2)
[0m[NR_RRC] MeasurementReport Encoded 53 bits (7 bytes)
[0m[NR_RRC] MeasurementReport Encoded 53 bits (7 bytes)
[0m[NR_MAC] UE 0 RNTI 4fe0 stats sfn: 768.8, cumulated bad DCI 0
    DL Chan: SSB 0 SINR 44.1 dB RSRP -42 dBm, RI 0 CQI: N/A
    DL harq: 316/0 avg code rate 0.1, avg bit/symbol 2.0, avg per TB: (nb RBs 6.2, nb symbols 10.2)
    UL harq: 2060/0 avg code rate 0.1, avg bit/symbol 2.0, avg per TB: (nb RBs 6.4, nb symbols 12.2)
[0m[NR_RRC] MeasurementReport Encoded 53 bits (7 bytes)
[0m[NR_MAC] UE 0 RNTI 4fe0 stats sfn: 896.8, cumulated bad DCI 0
    DL Chan: SSB 0 SINR 43.3 dB RSRP -42 dBm, RI 0 CQI: N/A
    DL harq: 318/0 avg code rate 0.1, avg bit/symbol 2.0, avg per TB: (nb RBs 6.2, nb symbols 10.2)
    UL harq: 2077/0 avg code rate 0.1, avg bit/symbol 2.0, avg per TB: (nb RBs 6.4, nb symbols 12.2)
[0m[NR_RRC] MeasurementReport Encoded 53 bits (7 bytes)
[0m[NR_MAC] UE 0 RNTI 4fe0 stats sfn: 0.8, cumulated bad DCI 0
    DL Chan: SSB 0 SINR 44.1 dB RSRP -42 dBm, RI 0 CQI: N/A
    DL harq: 321/0 avg code rate 0.1, avg bit/symbol 2.0, avg per TB: (nb RBs 6.2, nb symbols 10.2)
    UL harq: 2097/0 avg code rate 0.1, avg bit/symbol 2.0, avg per TB: (nb RBs 6.5, nb symbols 12.2)
[0m[NR_RRC] MeasurementReport Encoded 53 bits (7 bytes)
[0m[NR_MAC] UE 0 RNTI 4fe0 stats sfn: 128.8, cumulated bad DCI 0
    DL Chan: SSB 0 SINR 45.1 dB RSRP -42 dBm, RI 0 CQI: N/A
    DL harq: 324/0 avg code rate 0.1, avg bit/symbol 2.0, avg per TB: (nb RBs 6.2, nb symbols 10.2)
    UL harq: 2113/0 avg code rate 0.1, avg bit/symbol 2.0, avg per TB: (nb RBs 6.5, nb symbols 12.2)
[0m[NR_RRC] MeasurementReport Encoded 53 bits (7 bytes)
[0m[NR_RRC] MeasurementReport Encoded 53 bits (7 bytes)
[0m[NR_MAC] UE 0 RNTI 4fe0 stats sfn: 256.8, cumulated bad DCI 0
    DL Chan: SSB 0 SINR 42.6 dB RSRP -42 dBm, RI 0 CQI: N/A
    DL harq: 327/0 avg code rate 0.1, avg bit/symbol 2.0, avg per TB: (nb RBs 6.2, nb symbols 10.2)
    UL harq: 2132/0 avg code rate 0.1, avg bit/symbol 2.0, avg per TB: (nb RBs 6.5, nb symbols 12.2)
[0m[NR_RRC] MeasurementReport Encoded 53 bits (7 bytes)
[0m[NR_MAC] UE 0 RNTI 4fe0 stats sfn: 384.8, cumulated bad DCI 0
    DL Chan: SSB 0 SINR 43.3 dB RSRP -42 dBm, RI 0 CQI: N/A
    DL harq: 329/0 avg code rate 0.1, avg bit/symbol 2.0, avg per TB: (nb RBs 6.2, nb symbols 10.2)
    UL harq: 2149/0 avg code rate 0.1, avg bit/symbol 2.0, avg per TB: (nb RBs 6.5, nb symbols 12.2)
[0m[NR_RRC] MeasurementReport Encoded 53 bits (7 bytes)
[0m[NR_MAC] UE 0 RNTI 4fe0 stats sfn: 512.8, cumulated bad DCI 0
    DL Chan: SSB 0 SINR 43.3 dB RSRP -42 dBm, RI 0 CQI: N/A
    DL harq: 331/0 avg code rate 0.1, avg bit/symbol 2.0, avg per TB: (nb RBs 6.2, nb symbols 10.2)
    UL harq: 2164/0 avg code rate 0.1, avg bit/symbol 2.0, avg per TB: (nb RBs 6.5, nb symbols 12.2)
[0m[NR_RRC] MeasurementReport Encoded 53 bits (7 bytes)
[0m[NR_MAC] UE 0 RNTI 4fe0 stats sfn: 640.8, cumulated bad DCI 0
    DL Chan: SSB 0 SINR 44.1 dB RSRP -42 dBm, RI 0 CQI: N/A
    DL harq: 334/0 avg code rate 0.1, avg bit/symbol 2.0, avg per TB: (nb RBs 6.2, nb symbols 10.2)
    UL harq: 2181/0 avg code rate 0.1, avg bit/symbol 2.0, avg per TB: (nb RBs 6.5, nb symbols 12.2)
[0m[NR_RRC] MeasurementReport Encoded 53 bits (7 bytes)
[0m[NR_RRC] MeasurementReport Encoded 53 bits (7 bytes)
[0m[NR_MAC] UE 0 RNTI 4fe0 stats sfn: 768.8, cumulated bad DCI 0
    DL Chan: SSB 0 SINR 43.3 dB RSRP -42 dBm, RI 0 CQI: N/A
    DL harq: 337/0 avg code rate 0.1, avg bit/symbol 2.0, avg per TB: (nb RBs 6.2, nb symbols 10.2)
    UL harq: 2201/0 avg code rate 0.1, avg bit/symbol 2.0, avg per TB: (nb RBs 6.5, nb symbols 12.2)
[0m[NR_RRC] MeasurementReport Encoded 53 bits (7 bytes)
[0m[NR_MAC] UE 0 RNTI 4fe0 stats sfn: 896.8, cumulated bad DCI 0
    DL Chan: SSB 0 SINR 45.1 dB RSRP -42 dBm, RI 0 CQI: N/A
    DL harq: 339/0 avg code rate 0.1, avg bit/symbol 2.0, avg per TB: (nb RBs 6.2, nb symbols 10.2)
    UL harq: 2217/0 avg code rate 0.1, avg bit/symbol 2.0, avg per TB: (nb RBs 6.4, nb symbols 12.2)
[0m[NR_RRC] MeasurementReport Encoded 53 bits (7 bytes)
[0m[NR_MAC] UE 0 RNTI 4fe0 stats sfn: 0.8, cumulated bad DCI 0
    DL Chan: SSB 0 SINR 44.1 dB RSRP -42 dBm, RI 0 CQI: N/A
    DL harq: 341/0 avg code rate 0.1, avg bit/symbol 2.0, avg per TB: (nb RBs 6.2, nb symbols 10.2)
    UL harq: 2234/0 avg code rate 0.1, avg bit/symbol 2.0, avg per TB: (nb RBs 6.4, nb symbols 12.2)
[0m[NR_RRC] MeasurementReport Encoded 53 bits (7 bytes)
[0m[NR_MAC] UE 0 RNTI 4fe0 stats sfn: 128.8, cumulated bad DCI 0
    DL Chan: SSB 0 SINR 44.1 dB RSRP -42 dBm, RI 0 CQI: N/A
    DL harq: 344/0 avg code rate 0.1, avg bit/symbol 2.0, avg per TB: (nb RBs 6.2, nb symbols 10.2)
    UL harq: 2250/0 avg code rate 0.1, avg bit/symbol 2.0, avg per TB: (nb RBs 6.4, nb symbols 12.2)
[0m[NR_RRC] MeasurementReport Encoded 53 bits (7 bytes)
[0m[NR_RRC] MeasurementReport Encoded 53 bits (7 bytes)
[0m[NR_MAC] UE 0 RNTI 4fe0 stats sfn: 256.8, cumulated bad DCI 0
    DL Chan: SSB 0 SINR 43.3 dB RSRP -42 dBm, RI 0 CQI: N/A
    DL harq: 346/0 avg code rate 0.1, avg bit/symbol 2.0, avg per TB: (nb RBs 6.2, nb symbols 10.2)
    UL harq: 2268/0 avg code rate 0.1, avg bit/symbol 2.0, avg per TB: (nb RBs 6.4, nb symbols 12.2)
[0m[NR_RRC] MeasurementReport Encoded 53 bits (7 bytes)
[0m[NR_MAC] UE 0 RNTI 4fe0 stats sfn: 384.8, cumulated bad DCI 0
    DL Chan: SSB 0 SINR 43.3 dB RSRP -42 dBm, RI 0 CQI: N/A
    DL harq: 349/0 avg code rate 0.1, avg bit/symbol 2.0, avg per TB: (nb RBs 6.2, nb symbols 10.2)
    UL harq: 2287/0 avg code rate 0.1, avg bit/symbol 2.0, avg per TB: (nb RBs 6.4, nb symbols 12.2)
[0m[NR_RRC] MeasurementReport Encoded 53 bits (7 bytes)
[0m[NR_MAC] UE 0 RNTI 4fe0 stats sfn: 512.8, cumulated bad DCI 0
    DL Chan: SSB 0 SINR 45.1 dB RSRP -42 dBm, RI 0 CQI: N/A
    DL harq: 352/0 avg code rate 0.1, avg bit/symbol 2.0, avg per TB: (nb RBs 6.2, nb symbols 10.2)
    UL harq: 2302/0 avg code rate 0.1, avg bit/symbol 2.0, avg per TB: (nb RBs 6.4, nb symbols 12.2)
[0m[NR_RRC] MeasurementReport Encoded 53 bits (7 bytes)
[0m[NR_MAC] UE 0 RNTI 4fe0 stats sfn: 640.8, cumulated bad DCI 0
    DL Chan: SSB 0 SINR 44.1 dB RSRP -42 dBm, RI 0 CQI: N/A
    DL harq: 354/0 avg code rate 0.1, avg bit/symbol 2.0, avg per TB: (nb RBs 6.2, nb symbols 10.2)
    UL harq: 2319/0 avg code rate 0.1, avg bit/symbol 2.0, avg per TB: (nb RBs 6.4, nb symbols 12.2)
[0m[NR_RRC] MeasurementReport Encoded 53 bits (7 bytes)
[0m[NR_MAC] UE 0 RNTI 4fe0 stats sfn: 768.8, cumulated bad DCI 0
    DL Chan: SSB 0 SINR 43.3 dB RSRP -42 dBm, RI 0 CQI: N/A
    DL harq: 356/0 avg code rate 0.1, avg bit/symbol 2.0, avg per TB: (nb RBs 6.2, nb symbols 10.2)
    UL harq: 2334/0 avg code rate 0.1, avg bit/symbol 2.0, avg per TB: (nb RBs 6.4, nb symbols 12.2)
[0m[NR_RRC] MeasurementReport Encoded 53 bits (7 bytes)
[0m[NR_RRC] MeasurementReport Encoded 53 bits (7 bytes)
[0m[NR_MAC] UE 0 RNTI 4fe0 stats sfn: 896.8, cumulated bad DCI 0
    DL Chan: SSB 0 SINR 44.1 dB RSRP -42 dBm, RI 0 CQI: N/A
    DL harq: 359/0 avg code rate 0.1, avg bit/symbol 2.0, avg per TB: (nb RBs 6.2, nb symbols 10.2)
    UL harq: 2355/0 avg code rate 0.1, avg bit/symbol 2.0, avg per TB: (nb RBs 6.4, nb symbols 12.2)
[0m[NR_RRC] MeasurementReport Encoded 53 bits (7 bytes)
[0m[NR_MAC] UE 0 RNTI 4fe0 stats sfn: 0.8, cumulated bad DCI 0
    DL Chan: SSB 0 SINR 43.3 dB RSRP -42 dBm, RI 0 CQI: N/A
    DL harq: 362/0 avg code rate 0.1, avg bit/symbol 2.0, avg per TB: (nb RBs 6.2, nb symbols 10.2)
    UL harq: 2371/0 avg code rate 0.1, avg bit/symbol 2.0, avg per TB: (nb RBs 6.4, nb symbols 12.2)
[0m[NR_RRC] MeasurementReport Encoded 53 bits (7 bytes)
[0m[NR_MAC] UE 0 RNTI 4fe0 stats sfn: 128.8, cumulated bad DCI 0
    DL Chan: SSB 0 SINR 42.6 dB RSRP -42 dBm, RI 0 CQI: N/A
    DL harq: 364/0 avg code rate 0.1, avg bit/symbol 2.0, avg per TB: (nb RBs 6.2, nb symbols 10.2)
    UL harq: 2388/0 avg code rate 0.1, avg bit/symbol 2.0, avg per TB: (nb RBs 6.4, nb symbols 12.2)
[0m[NR_RRC] MeasurementReport Encoded 53 bits (7 bytes)
[0m[NR_MAC] UE 0 RNTI 4fe0 stats sfn: 256.8, cumulated bad DCI 0
    DL Chan: SSB 0 SINR 43.3 dB RSRP -42 dBm, RI 0 CQI: N/A
    DL harq: 366/0 avg code rate 0.1, avg bit/symbol 2.0, avg per TB: (nb RBs 6.2, nb symbols 10.2)
    UL harq: 2404/0 avg code rate 0.1, avg bit/symbol 2.0, avg per TB: (nb RBs 6.4, nb symbols 12.2)
[0m[NR_RRC] MeasurementReport Encoded 53 bits (7 bytes)
[0m[NR_RRC] MeasurementReport Encoded 53 bits (7 bytes)
[0m[NR_MAC] UE 0 RNTI 4fe0 stats sfn: 384.8, cumulated bad DCI 0
    DL Chan: SSB 0 SINR 44.1 dB RSRP -42 dBm, RI 0 CQI: N/A
    DL harq: 370/0 avg code rate 0.1, avg bit/symbol 2.0, avg per TB: (nb RBs 6.2, nb symbols 10.2)
    UL harq: 2423/0 avg code rate 0.1, avg bit/symbol 2.0, avg per TB: (nb RBs 6.4, nb symbols 12.2)
[0m[NR_RRC] MeasurementReport Encoded 53 bits (7 bytes)
[0m[NR_MAC] UE 0 RNTI 4fe0 stats sfn: 512.8, cumulated bad DCI 0
    DL Chan: SSB 0 SINR 45.1 dB RSRP -42 dBm, RI 0 CQI: N/A
    DL harq: 372/0 avg code rate 0.1, avg bit/symbol 2.0, avg per TB: (nb RBs 6.2, nb symbols 10.3)
    UL harq: 2440/0 avg code rate 0.1, avg bit/symbol 2.0, avg per TB: (nb RBs 6.4, nb symbols 12.2)
[0m[NR_RRC] MeasurementReport Encoded 53 bits (7 bytes)
[0m[NR_MAC] UE 0 RNTI 4fe0 stats sfn: 640.8, cumulated bad DCI 0
    DL Chan: SSB 0 SINR 45.1 dB RSRP -42 dBm, RI 0 CQI: N/A
    DL harq: 374/0 avg code rate 0.1, avg bit/symbol 2.0, avg per TB: (nb RBs 6.2, nb symbols 10.2)
    UL harq: 2456/0 avg code rate 0.1, avg bit/symbol 2.0, avg per TB: (nb RBs 6.4, nb symbols 12.2)
[0m[NR_RRC] MeasurementReport Encoded 53 bits (7 bytes)
[0m[NR_MAC] UE 0 RNTI 4fe0 stats sfn: 768.8, cumulated bad DCI 0
    DL Chan: SSB 0 SINR 45.1 dB RSRP -42 dBm, RI 0 CQI: N/A
    DL harq: 376/0 avg code rate 0.1, avg bit/symbol 2.0, avg per TB: (nb RBs 6.2, nb symbols 10.2)
    UL harq: 2473/0 avg code rate 0.1, avg bit/symbol 2.0, avg per TB: (nb RBs 6.4, nb symbols 12.2)
[0m[NR_RRC] MeasurementReport Encoded 53 bits (7 bytes)
[0m[NR_RRC] MeasurementReport Encoded 53 bits (7 bytes)
[0m[NR_MAC] UE 0 RNTI 4fe0 stats sfn: 896.8, cumulated bad DCI 0
    DL Chan: SSB 0 SINR 44.1 dB RSRP -42 dBm, RI 0 CQI: N/A
    DL harq: 380/0 avg code rate 0.1, avg bit/symbol 2.0, avg per TB: (nb RBs 6.2, nb symbols 10.2)
    UL harq: 2493/0 avg code rate 0.1, avg bit/symbol 2.0, avg per TB: (nb RBs 6.4, nb symbols 12.2)
[0m[NR_RRC] MeasurementReport Encoded 53 bits (7 bytes)
[0m[NR_MAC] UE 0 RNTI 4fe0 stats sfn: 0.8, cumulated bad DCI 0
    DL Chan: SSB 0 SINR 44.1 dB RSRP -42 dBm, RI 0 CQI: N/A
    DL harq: 382/0 avg code rate 0.1, avg bit/symbol 2.0, avg per TB: (nb RBs 6.2, nb symbols 10.3)
    UL harq: 2510/0 avg code rate 0.1, avg bit/symbol 2.0, avg per TB: (nb RBs 6.4, nb symbols 12.2)
[0m[NR_RRC] MeasurementReport Encoded 53 bits (7 bytes)
[0m[NR_MAC] UE 0 RNTI 4fe0 stats sfn: 128.8, cumulated bad DCI 0
    DL Chan: SSB 0 SINR 45.1 dB RSRP -42 dBm, RI 0 CQI: N/A
    DL harq: 384/0 avg code rate 0.1, avg bit/symbol 2.0, avg per TB: (nb RBs 6.2, nb symbols 10.3)
    UL harq: 2525/0 avg code rate 0.1, avg bit/symbol 2.0, avg per TB: (nb RBs 6.4, nb symbols 12.2)
[0m[NR_RRC] MeasurementReport Encoded 53 bits (7 bytes)
[0m[NR_MAC] UE 0 RNTI 4fe0 stats sfn: 256.8, cumulated bad DCI 0
    DL Chan: SSB 0 SINR 43.3 dB RSRP -42 dBm, RI 0 CQI: N/A
    DL harq: 387/0 avg code rate 0.1, avg bit/symbol 2.0, avg per TB: (nb RBs 6.2, nb symbols 10.3)
    UL harq: 2542/0 avg code rate 0.1, avg bit/symbol 2.0, avg per TB: (nb RBs 6.4, nb symbols 12.2)
[0m[NR_RRC] MeasurementReport Encoded 53 bits (7 bytes)
[0m[NR_RRC] MeasurementReport Encoded 53 bits (7 bytes)
[0m[NR_MAC] UE 0 RNTI 4fe0 stats sfn: 384.8, cumulated bad DCI 0
    DL Chan: SSB 0 SINR 43.3 dB RSRP -42 dBm, RI 0 CQI: N/A
    DL harq: 390/0 avg code rate 0.1, avg bit/symbol 2.0, avg per TB: (nb RBs 6.3, nb symbols 10.2)
    UL harq: 2562/0 avg code rate 0.1, avg bit/symbol 2.0, avg per TB: (nb RBs 6.4, nb symbols 12.2)
[0m[NR_RRC] MeasurementReport Encoded 53 bits (7 bytes)
[0m[NR_MAC] UE 0 RNTI 4fe0 stats sfn: 512.8, cumulated bad DCI 0
    DL Chan: SSB 0 SINR 43.3 dB RSRP -42 dBm, RI 0 CQI: N/A
    DL harq: 392/0 avg code rate 0.1, avg bit/symbol 2.0, avg per TB: (nb RBs 6.2, nb symbols 10.2)
    UL harq: 2578/0 avg code rate 0.1, avg bit/symbol 2.0, avg per TB: (nb RBs 6.4, nb symbols 12.2)
[0m[NR_RRC] MeasurementReport Encoded 53 bits (7 bytes)
[0m[NR_MAC] UE 0 RNTI 4fe0 stats sfn: 640.8, cumulated bad DCI 0
    DL Chan: SSB 0 SINR 42.6 dB RSRP -42 dBm, RI 0 CQI: N/A
    DL harq: 394/0 avg code rate 0.1, avg bit/symbol 2.0, avg per TB: (nb RBs 6.2, nb symbols 10.3)
    UL harq: 2595/0 avg code rate 0.1, avg bit/symbol 2.0, avg per TB: (nb RBs 6.4, nb symbols 12.2)
[0m[NR_RRC] MeasurementReport Encoded 53 bits (7 bytes)
[0m[NR_MAC] UE 0 RNTI 4fe0 stats sfn: 768.8, cumulated bad DCI 0
    DL Chan: SSB 0 SINR 43.3 dB RSRP -42 dBm, RI 0 CQI: N/A
    DL harq: 397/0 avg code rate 0.1, avg bit/symbol 2.0, avg per TB: (nb RBs 6.2, nb symbols 10.3)
    UL harq: 2611/0 avg code rate 0.1, avg bit/symbol 2.0, avg per TB: (nb RBs 6.4, nb symbols 12.2)
[0m[NR_RRC] MeasurementReport Encoded 53 bits (7 bytes)
[0m[NR_RRC] MeasurementReport Encoded 53 bits (7 bytes)
[0m[NR_MAC] UE 0 RNTI 4fe0 stats sfn: 896.8, cumulated bad DCI 0
    DL Chan: SSB 0 SINR 44.1 dB RSRP -42 dBm, RI 0 CQI: N/A
    DL harq: 400/0 avg code rate 0.1, avg bit/symbol 2.0, avg per TB: (nb RBs 6.2, nb symbols 10.3)
    UL harq: 2631/0 avg code rate 0.1, avg bit/symbol 2.0, avg per TB: (nb RBs 6.4, nb symbols 12.2)
[0m[NR_RRC] MeasurementReport Encoded 53 bits (7 bytes)
[0m[NR_MAC] UE 0 RNTI 4fe0 stats sfn: 0.8, cumulated bad DCI 0
    DL Chan: SSB 0 SINR 45.1 dB RSRP -42 dBm, RI 0 CQI: N/A
    DL harq: 402/0 avg code rate 0.1, avg bit/symbol 2.0, avg per TB: (nb RBs 6.3, nb symbols 10.3)
    UL harq: 2648/0 avg code rate 0.1, avg bit/symbol 2.0, avg per TB: (nb RBs 6.4, nb symbols 12.2)
[0m[NR_RRC] MeasurementReport Encoded 53 bits (7 bytes)
[0m[NR_MAC] UE 0 RNTI 4fe0 stats sfn: 128.8, cumulated bad DCI 0
    DL Chan: SSB 0 SINR 45.1 dB RSRP -42 dBm, RI 0 CQI: N/A
    DL harq: 404/0 avg code rate 0.1, avg bit/symbol 2.0, avg per TB: (nb RBs 6.3, nb symbols 10.3)
    UL harq: 2664/0 avg code rate 0.1, avg bit/symbol 2.0, avg per TB: (nb RBs 6.3, nb symbols 12.2)
[0m[NR_RRC] MeasurementReport Encoded 53 bits (7 bytes)
[0m[NR_MAC] UE 0 RNTI 4fe0 stats sfn: 256.8, cumulated bad DCI 0
    DL Chan: SSB 0 SINR 43.3 dB RSRP -42 dBm, RI 0 CQI: N/A
    DL harq: 407/0 avg code rate 0.1, avg bit/symbol 2.0, avg per TB: (nb RBs 6.3, nb symbols 10.3)
    UL harq: 2681/0 avg code rate 0.1, avg bit/symbol 2.0, avg per TB: (nb RBs 6.3, nb symbols 12.2)
[0m[NR_RRC] MeasurementReport Encoded 53 bits (7 bytes)
[0m[NR_RRC] MeasurementReport Encoded 53 bits (7 bytes)
[0m[NR_MAC] UE 0 RNTI 4fe0 stats sfn: 384.8, cumulated bad DCI 0
    DL Chan: SSB 0 SINR 42.6 dB RSRP -42 dBm, RI 0 CQI: N/A
    DL harq: 410/0 avg code rate 0.1, avg bit/symbol 2.0, avg per TB: (nb RBs 6.3, nb symbols 10.2)
    UL harq: 2699/0 avg code rate 0.1, avg bit/symbol 2.0, avg per TB: (nb RBs 6.3, nb symbols 12.2)
[0m[NR_RRC] MeasurementReport Encoded 53 bits (7 bytes)
[0m[NR_MAC] UE 0 RNTI 4fe0 stats sfn: 512.8, cumulated bad DCI 0
    DL Chan: SSB 0 SINR 44.1 dB RSRP -42 dBm, RI 0 CQI: N/A
    DL harq: 412/0 avg code rate 0.1, avg bit/symbol 2.0, avg per TB: (nb RBs 6.3, nb symbols 10.2)
    UL harq: 2715/0 avg code rate 0.1, avg bit/symbol 2.0, avg per TB: (nb RBs 6.3, nb symbols 12.2)
[0m[NR_RRC] MeasurementReport Encoded 53 bits (7 bytes)
[0m[NR_MAC] UE 0 RNTI 4fe0 stats sfn: 640.8, cumulated bad DCI 0
    DL Chan: SSB 0 SINR 45.1 dB RSRP -42 dBm, RI 0 CQI: N/A
    DL harq: 415/0 avg code rate 0.1, avg bit/symbol 2.0, avg per TB: (nb RBs 6.3, nb symbols 10.2)
    UL harq: 2730/0 avg code rate 0.1, avg bit/symbol 2.0, avg per TB: (nb RBs 6.3, nb symbols 12.2)
[0m[NR_RRC] MeasurementReport Encoded 53 bits (7 bytes)
[0m[NR_MAC] UE 0 RNTI 4fe0 stats sfn: 768.8, cumulated bad DCI 0
    DL Chan: SSB 0 SINR 42.6 dB RSRP -42 dBm, RI 0 CQI: N/A
    DL harq: 417/0 avg code rate 0.1, avg bit/symbol 2.0, avg per TB: (nb RBs 6.3, nb symbols 10.2)
    UL harq: 2746/0 avg code rate 0.1, avg bit/symbol 2.0, avg per TB: (nb RBs 6.3, nb symbols 12.2)
[0m[NR_RRC] MeasurementReport Encoded 53 bits (7 bytes)
[0m[NR_RRC] MeasurementReport Encoded 53 bits (7 bytes)
[0m[NR_MAC] UE 0 RNTI 4fe0 stats sfn: 896.8, cumulated bad DCI 0
    DL Chan: SSB 0 SINR 43.3 dB RSRP -42 dBm, RI 0 CQI: N/A
    DL harq: 420/0 avg code rate 0.1, avg bit/symbol 2.0, avg per TB: (nb RBs 6.3, nb symbols 10.2)
    UL harq: 2765/0 avg code rate 0.1, avg bit/symbol 2.0, avg per TB: (nb RBs 6.3, nb symbols 12.2)
[0m[NR_RRC] MeasurementReport Encoded 53 bits (7 bytes)
[0m[NR_MAC] UE 0 RNTI 4fe0 stats sfn: 0.8, cumulated bad DCI 0
    DL Chan: SSB 0 SINR 43.3 dB RSRP -42 dBm, RI 0 CQI: N/A
    DL harq: 422/0 avg code rate 0.1, avg bit/symbol 2.0, avg per TB: (nb RBs 6.3, nb symbols 10.2)
    UL harq: 2781/0 avg code rate 0.1, avg bit/symbol 2.0, avg per TB: (nb RBs 6.3, nb symbols 12.2)
[0m[NR_RRC] MeasurementReport Encoded 53 bits (7 bytes)
[0m[NR_MAC] UE 0 RNTI 4fe0 stats sfn: 128.8, cumulated bad DCI 0
    DL Chan: SSB 0 SINR 42.6 dB RSRP -42 dBm, RI 0 CQI: N/A
    DL harq: 425/0 avg code rate 0.1, avg bit/symbol 2.0, avg per TB: (nb RBs 6.3, nb symbols 10.2)
    UL harq: 2797/0 avg code rate 0.1, avg bit/symbol 2.0, avg per TB: (nb RBs 6.3, nb symbols 12.2)
[0m[NR_RRC] MeasurementReport Encoded 53 bits (7 bytes)
[0m[NR_MAC] UE 0 RNTI 4fe0 stats sfn: 256.8, cumulated bad DCI 0
    DL Chan: SSB 0 SINR 43.3 dB RSRP -42 dBm, RI 0 CQI: N/A
    DL harq: 427/0 avg code rate 0.1, avg bit/symbol 2.0, avg per TB: (nb RBs 6.3, nb symbols 10.2)
    UL harq: 2813/0 avg code rate 0.1, avg bit/symbol 2.0, avg per TB: (nb RBs 6.3, nb symbols 12.2)
[0m[NR_RRC] MeasurementReport Encoded 53 bits (7 bytes)
[0m[NR_RRC] MeasurementReport Encoded 53 bits (7 bytes)
[0m[NR_MAC] UE 0 RNTI 4fe0 stats sfn: 384.8, cumulated bad DCI 0
    DL Chan: SSB 0 SINR 44.1 dB RSRP -42 dBm, RI 0 CQI: N/A
    DL harq: 430/0 avg code rate 0.1, avg bit/symbol 2.0, avg per TB: (nb RBs 6.3, nb symbols 10.2)
    UL harq: 2834/0 avg code rate 0.1, avg bit/symbol 2.0, avg per TB: (nb RBs 6.3, nb symbols 12.2)
[0m[NR_RRC] MeasurementReport Encoded 53 bits (7 bytes)
[0m[NR_MAC] UE 0 RNTI 4fe0 stats sfn: 512.8, cumulated bad DCI 0
    DL Chan: SSB 0 SINR 42.6 dB RSRP -42 dBm, RI 0 CQI: N/A
    DL harq: 433/0 avg code rate 0.1, avg bit/symbol 2.0, avg per TB: (nb RBs 6.3, nb symbols 10.2)
    UL harq: 2849/0 avg code rate 0.1, avg bit/symbol 2.0, avg per TB: (nb RBs 6.3, nb symbols 12.2)
[0m[NR_RRC] MeasurementReport Encoded 53 bits (7 bytes)
[0m[NR_MAC] UE 0 RNTI 4fe0 stats sfn: 640.8, cumulated bad DCI 0
    DL Chan: SSB 0 SINR 43.3 dB RSRP -42 dBm, RI 0 CQI: N/A
    DL harq: 435/0 avg code rate 0.1, avg bit/symbol 2.0, avg per TB: (nb RBs 6.3, nb symbols 10.2)
    UL harq: 2866/0 avg code rate 0.1, avg bit/symbol 2.0, avg per TB: (nb RBs 6.3, nb symbols 12.2)
[0m[NR_RRC] MeasurementReport Encoded 53 bits (7 bytes)
[0m[NR_MAC] UE 0 RNTI 4fe0 stats sfn: 768.8, cumulated bad DCI 0
    DL Chan: SSB 0 SINR 45.1 dB RSRP -42 dBm, RI 0 CQI: N/A
    DL harq: 437/0 avg code rate 0.1, avg bit/symbol 2.0, avg per TB: (nb RBs 6.3, nb symbols 10.2)
    UL harq: 2881/0 avg code rate 0.1, avg bit/symbol 2.0, avg per TB: (nb RBs 6.3, nb symbols 12.2)
[0m[NR_RRC] MeasurementReport Encoded 53 bits (7 bytes)
[0m[NR_MAC] UE 0 RNTI 4fe0 stats sfn: 896.8, cumulated bad DCI 0
    DL Chan: SSB 0 SINR 44.1 dB RSRP -42 dBm, RI 0 CQI: N/A
    DL harq: 439/0 avg code rate 0.1, avg bit/symbol 2.0, avg per TB: (nb RBs 6.3, nb symbols 10.2)
    UL harq: 2898/0 avg code rate 0.1, avg bit/symbol 2.0, avg per TB: (nb RBs 6.3, nb symbols 12.2)
[0m[NR_RRC] MeasurementReport Encoded 53 bits (7 bytes)
[0m[NR_RRC] MeasurementReport Encoded 53 bits (7 bytes)
[0m[NR_MAC] UE 0 RNTI 4fe0 stats sfn: 0.8, cumulated bad DCI 0
    DL Chan: SSB 0 SINR 43.3 dB RSRP -42 dBm, RI 0 CQI: N/A
    DL harq: 443/0 avg code rate 0.1, avg bit/symbol 2.0, avg per TB: (nb RBs 6.3, nb symbols 10.2)
    UL harq: 2917/0 avg code rate 0.1, avg bit/symbol 2.0, avg per TB: (nb RBs 6.3, nb symbols 12.2)
[0m[NR_RRC] MeasurementReport Encoded 53 bits (7 bytes)
[0m[NR_MAC] UE 0 RNTI 4fe0 stats sfn: 128.8, cumulated bad DCI 0
    DL Chan: SSB 0 SINR 42.6 dB RSRP -42 dBm, RI 0 CQI: N/A
    DL harq: 445/0 avg code rate 0.1, avg bit/symbol 2.0, avg per TB: (nb RBs 6.3, nb symbols 10.2)
    UL harq: 2933/0 avg code rate 0.1, avg bit/symbol 2.0, avg per TB: (nb RBs 6.3, nb symbols 12.2)
[0m[NR_RRC] MeasurementReport Encoded 53 bits (7 bytes)
[0m[NR_MAC] UE 0 RNTI 4fe0 stats sfn: 256.8, cumulated bad DCI 0
    DL Chan: SSB 0 SINR 43.3 dB RSRP -42 dBm, RI 0 CQI: N/A
    DL harq: 447/0 avg code rate 0.1, avg bit/symbol 2.0, avg per TB: (nb RBs 6.3, nb symbols 10.2)
    UL harq: 2950/0 avg code rate 0.1, avg bit/symbol 2.0, avg per TB: (nb RBs 6.3, nb symbols 12.2)
[0m[NR_RRC] MeasurementReport Encoded 53 bits (7 bytes)
[0m[NR_MAC] UE 0 RNTI 4fe0 stats sfn: 384.8, cumulated bad DCI 0
    DL Chan: SSB 0 SINR 45.1 dB RSRP -42 dBm, RI 0 CQI: N/A
    DL harq: 450/0 avg code rate 0.1, avg bit/symbol 2.0, avg per TB: (nb RBs 6.3, nb symbols 10.2)
    UL harq: 2966/0 avg code rate 0.1, avg bit/symbol 2.0, avg per TB: (nb RBs 6.3, nb symbols 12.2)
[0m[NR_RRC] MeasurementReport Encoded 53 bits (7 bytes)
[0m[NR_RRC] MeasurementReport Encoded 53 bits (7 bytes)
[0m[NR_MAC] UE 0 RNTI 4fe0 stats sfn: 512.8, cumulated bad DCI 0
    DL Chan: SSB 0 SINR 44.1 dB RSRP -42 dBm, RI 0 CQI: N/A
    DL harq: 453/0 avg code rate 0.1, avg bit/symbol 2.0, avg per TB: (nb RBs 6.3, nb symbols 10.2)
    UL harq: 2986/0 avg code rate 0.1, avg bit/symbol 2.0, avg per TB: (nb RBs 6.3, nb symbols 12.2)
[0m[NR_RRC] MeasurementReport Encoded 53 bits (7 bytes)
[0m[NR_MAC] UE 0 RNTI 4fe0 stats sfn: 640.8, cumulated bad DCI 0
    DL Chan: SSB 0 SINR 44.1 dB RSRP -42 dBm, RI 0 CQI: N/A
    DL harq: 455/0 avg code rate 0.1, avg bit/symbol 2.0, avg per TB: (nb RBs 6.3, nb symbols 10.3)
    UL harq: 3003/0 avg code rate 0.1, avg bit/symbol 2.0, avg per TB: (nb RBs 6.3, nb symbols 12.2)
[0m[NR_RRC] MeasurementReport Encoded 53 bits (7 bytes)
[0m[NR_MAC] UE 0 RNTI 4fe0 stats sfn: 768.8, cumulated bad DCI 0
    DL Chan: SSB 0 SINR 42.6 dB RSRP -42 dBm, RI 0 CQI: N/A
    DL harq: 457/0 avg code rate 0.1, avg bit/symbol 2.0, avg per TB: (nb RBs 6.3, nb symbols 10.3)
    UL harq: 3018/0 avg code rate 0.1, avg bit/symbol 2.0, avg per TB: (nb RBs 6.3, nb symbols 12.2)
[0m[NR_RRC] MeasurementReport Encoded 53 bits (7 bytes)
[0m[NR_MAC] UE 0 RNTI 4fe0 stats sfn: 896.8, cumulated bad DCI 0
    DL Chan: SSB 0 SINR 43.3 dB RSRP -42 dBm, RI 0 CQI: N/A
    DL harq: 460/0 avg code rate 0.1, avg bit/symbol 2.0, avg per TB: (nb RBs 6.3, nb symbols 10.3)
    UL harq: 3035/0 avg code rate 0.1, avg bit/symbol 2.0, avg per TB: (nb RBs 6.3, nb symbols 12.2)
[0m[NR_RRC] MeasurementReport Encoded 53 bits (7 bytes)
[0m[NR_RRC] MeasurementReport Encoded 53 bits (7 bytes)
[0m[NR_MAC] UE 0 RNTI 4fe0 stats sfn: 0.8, cumulated bad DCI 0
    DL Chan: SSB 0 SINR 43.3 dB RSRP -42 dBm, RI 0 CQI: N/A
    DL harq: 463/0 avg code rate 0.1, avg bit/symbol 2.0, avg per TB: (nb RBs 6.3, nb symbols 10.2)
    UL harq: 3055/0 avg code rate 0.1, avg bit/symbol 2.0, avg per TB: (nb RBs 6.3, nb symbols 12.2)
[0m[NR_RRC] MeasurementReport Encoded 53 bits (7 bytes)
[0m[NR_MAC] UE 0 RNTI 4fe0 stats sfn: 128.8, cumulated bad DCI 0
    DL Chan: SSB 0 SINR 44.1 dB RSRP -42 dBm, RI 0 CQI: N/A
    DL harq: 465/0 avg code rate 0.1, avg bit/symbol 2.0, avg per TB: (nb RBs 6.3, nb symbols 10.3)
    UL harq: 3071/0 avg code rate 0.1, avg bit/symbol 2.0, avg per TB: (nb RBs 6.3, nb symbols 12.2)
[0m[NR_RRC] MeasurementReport Encoded 53 bits (7 bytes)
[0m[NR_MAC] UE 0 RNTI 4fe0 stats sfn: 256.8, cumulated bad DCI 0
    DL Chan: SSB 0 SINR 44.1 dB RSRP -42 dBm, RI 0 CQI: N/A
    DL harq: 467/0 avg code rate 0.1, avg bit/symbol 2.0, avg per TB: (nb RBs 6.3, nb symbols 10.3)
    UL harq: 3087/0 avg code rate 0.1, avg bit/symbol 2.0, avg per TB: (nb RBs 6.3, nb symbols 12.2)
[0m[NR_RRC] MeasurementReport Encoded 53 bits (7 bytes)
[0m[NR_MAC] UE 0 RNTI 4fe0 stats sfn: 384.8, cumulated bad DCI 0
    DL Chan: SSB 0 SINR 44.1 dB RSRP -42 dBm, RI 0 CQI: N/A
    DL harq: 470/0 avg code rate 0.1, avg bit/symbol 2.0, avg per TB: (nb RBs 6.3, nb symbols 10.3)
    UL harq: 3103/0 avg code rate 0.1, avg bit/symbol 2.0, avg per TB: (nb RBs 6.3, nb symbols 12.2)
[0m[NR_RRC] MeasurementReport Encoded 53 bits (7 bytes)
[0m[NR_RRC] MeasurementReport Encoded 53 bits (7 bytes)
[0m[NR_MAC] UE 0 RNTI 4fe0 stats sfn: 512.8, cumulated bad DCI 0
    DL Chan: SSB 0 SINR 45.1 dB RSRP -42 dBm, RI 0 CQI: N/A
    DL harq: 473/0 avg code rate 0.1, avg bit/symbol 2.0, avg per TB: (nb RBs 6.3, nb symbols 10.3)
    UL harq: 3122/0 avg code rate 0.1, avg bit/symbol 2.0, avg per TB: (nb RBs 6.3, nb symbols 12.2)
[0m[NR_RRC] MeasurementReport Encoded 53 bits (7 bytes)
[0m[NR_MAC] UE 0 RNTI 4fe0 stats sfn: 640.8, cumulated bad DCI 0
    DL Chan: SSB 0 SINR 44.1 dB RSRP -42 dBm, RI 0 CQI: N/A
    DL harq: 475/0 avg code rate 0.1, avg bit/symbol 2.0, avg per TB: (nb RBs 6.3, nb symbols 10.3)
    UL harq: 3138/0 avg code rate 0.1, avg bit/symbol 2.0, avg per TB: (nb RBs 6.3, nb symbols 12.2)
[0m[NR_RRC] MeasurementReport Encoded 53 bits (7 bytes)
[0m[NR_MAC] UE 0 RNTI 4fe0 stats sfn: 768.8, cumulated bad DCI 0
    DL Chan: SSB 0 SINR 44.1 dB RSRP -42 dBm, RI 0 CQI: N/A
    DL harq: 478/0 avg code rate 0.1, avg bit/symbol 2.0, avg per TB: (nb RBs 6.3, nb symbols 10.3)
    UL harq: 3155/0 avg code rate 0.1, avg bit/symbol 2.0, avg per TB: (nb RBs 6.3, nb symbols 12.2)
[0m[NR_RRC] MeasurementReport Encoded 53 bits (7 bytes)
[0m[NR_MAC] UE 0 RNTI 4fe0 stats sfn: 896.8, cumulated bad DCI 0
    DL Chan: SSB 0 SINR 43.3 dB RSRP -42 dBm, RI 0 CQI: N/A
    DL harq: 480/0 avg code rate 0.1, avg bit/symbol 2.0, avg per TB: (nb RBs 6.3, nb symbols 10.3)
    UL harq: 3171/0 avg code rate 0.1, avg bit/symbol 2.0, avg per TB: (nb RBs 6.3, nb symbols 12.2)
[0m[NR_RRC] MeasurementReport Encoded 53 bits (7 bytes)
[0m[NR_RRC] MeasurementReport Encoded 53 bits (7 bytes)
[0m[NR_MAC] UE 0 RNTI 4fe0 stats sfn: 0.8, cumulated bad DCI 0
    DL Chan: SSB 0 SINR 43.3 dB RSRP -42 dBm, RI 0 CQI: N/A
    DL harq: 483/0 avg code rate 0.1, avg bit/symbol 2.0, avg per TB: (nb RBs 6.3, nb symbols 10.3)
    UL harq: 3191/0 avg code rate 0.1, avg bit/symbol 2.0, avg per TB: (nb RBs 6.3, nb symbols 12.2)
[0m[NR_RRC] MeasurementReport Encoded 53 bits (7 bytes)
[0m[NR_MAC] UE 0 RNTI 4fe0 stats sfn: 128.8, cumulated bad DCI 0
    DL Chan: SSB 0 SINR 45.1 dB RSRP -42 dBm, RI 0 CQI: N/A
    DL harq: 485/0 avg code rate 0.1, avg bit/symbol 2.0, avg per TB: (nb RBs 6.3, nb symbols 10.2)
    UL harq: 3206/0 avg code rate 0.1, avg bit/symbol 2.0, avg per TB: (nb RBs 6.3, nb symbols 12.2)
[0m[NR_RRC] MeasurementReport Encoded 53 bits (7 bytes)
[0m[NR_MAC] UE 0 RNTI 4fe0 stats sfn: 256.8, cumulated bad DCI 0
    DL Chan: SSB 0 SINR 44.1 dB RSRP -42 dBm, RI 0 CQI: N/A
    DL harq: 488/0 avg code rate 0.1, avg bit/symbol 2.0, avg per TB: (nb RBs 6.3, nb symbols 10.2)
    UL harq: 3223/0 avg code rate 0.1, avg bit/symbol 2.0, avg per TB: (nb RBs 6.3, nb symbols 12.2)
[0m[NR_RRC] MeasurementReport Encoded 53 bits (7 bytes)
[0m[NR_MAC] UE 0 RNTI 4fe0 stats sfn: 384.8, cumulated bad DCI 0
    DL Chan: SSB 0 SINR 45.1 dB RSRP -42 dBm, RI 0 CQI: N/A
    DL harq: 490/0 avg code rate 0.1, avg bit/symbol 2.0, avg per TB: (nb RBs 6.3, nb symbols 10.2)
    UL harq: 3239/0 avg code rate 0.1, avg bit/symbol 2.0, avg per TB: (nb RBs 6.3, nb symbols 12.2)
[0m[NR_RRC] MeasurementReport Encoded 53 bits (7 bytes)
[0m[NR_RRC] MeasurementReport Encoded 53 bits (7 bytes)
[0m[NR_MAC] UE 0 RNTI 4fe0 stats sfn: 512.8, cumulated bad DCI 0
    DL Chan: SSB 0 SINR 44.1 dB RSRP -42 dBm, RI 0 CQI: N/A
    DL harq: 493/0 avg code rate 0.1, avg bit/symbol 2.0, avg per TB: (nb RBs 6.4, nb symbols 10.2)
    UL harq: 3259/0 avg code rate 0.1, avg bit/symbol 2.0, avg per TB: (nb RBs 6.3, nb symbols 12.2)
[0m[NR_RRC] MeasurementReport Encoded 53 bits (7 bytes)
[0m[NR_MAC] UE 0 RNTI 4fe0 stats sfn: 640.8, cumulated bad DCI 0
    DL Chan: SSB 0 SINR 45.1 dB RSRP -42 dBm, RI 0 CQI: N/A
    DL harq: 496/0 avg code rate 0.1, avg bit/symbol 2.0, avg per TB: (nb RBs 6.4, nb symbols 10.2)
    UL harq: 3276/0 avg code rate 0.1, avg bit/symbol 2.0, avg per TB: (nb RBs 6.3, nb symbols 12.2)
[0m[NR_RRC] MeasurementReport Encoded 53 bits (7 bytes)
[0m[NR_MAC] UE 0 RNTI 4fe0 stats sfn: 768.8, cumulated bad DCI 0
    DL Chan: SSB 0 SINR 44.1 dB RSRP -42 dBm, RI 0 CQI: N/A
    DL harq: 498/0 avg code rate 0.1, avg bit/symbol 2.0, avg per TB: (nb RBs 6.4, nb symbols 10.2)
    UL harq: 3292/0 avg code rate 0.1, avg bit/symbol 2.0, avg per TB: (nb RBs 6.3, nb symbols 12.2)
[0m[NR_RRC] MeasurementReport Encoded 53 bits (7 bytes)
[0m[NR_MAC] UE 0 RNTI 4fe0 stats sfn: 896.8, cumulated bad DCI 0
    DL Chan: SSB 0 SINR 44.1 dB RSRP -42 dBm, RI 0 CQI: N/A
    DL harq: 500/0 avg code rate 0.1, avg bit/symbol 2.0, avg per TB: (nb RBs 6.4, nb symbols 10.2)
    UL harq: 3309/0 avg code rate 0.1, avg bit/symbol 2.0, avg per TB: (nb RBs 6.3, nb symbols 12.2)
[0m[NR_RRC] MeasurementReport Encoded 53 bits (7 bytes)
[0m[NR_RRC] MeasurementReport Encoded 53 bits (7 bytes)
[0m[NR_MAC] UE 0 RNTI 4fe0 stats sfn: 0.8, cumulated bad DCI 0
    DL Chan: SSB 0 SINR 44.1 dB RSRP -42 dBm, RI 0 CQI: N/A
    DL harq: 503/0 avg code rate 0.1, avg bit/symbol 2.0, avg per TB: (nb RBs 6.4, nb symbols 10.2)
    UL harq: 3329/0 avg code rate 0.1, avg bit/symbol 2.0, avg per TB: (nb RBs 6.3, nb symbols 12.2)
[0m[NR_RRC] MeasurementReport Encoded 53 bits (7 bytes)
[0m[NR_MAC] UE 0 RNTI 4fe0 stats sfn: 128.8, cumulated bad DCI 0
    DL Chan: SSB 0 SINR 44.1 dB RSRP -42 dBm, RI 0 CQI: N/A
    DL harq: 506/0 avg code rate 0.1, avg bit/symbol 2.0, avg per TB: (nb RBs 6.4, nb symbols 10.2)
    UL harq: 3344/0 avg code rate 0.1, avg bit/symbol 2.0, avg per TB: (nb RBs 6.3, nb symbols 12.2)
[0m[NR_RRC] MeasurementReport Encoded 53 bits (7 bytes)
[0m[NR_MAC] UE 0 RNTI 4fe0 stats sfn: 256.8, cumulated bad DCI 0
    DL Chan: SSB 0 SINR 45.1 dB RSRP -42 dBm, RI 0 CQI: N/A
    DL harq: 508/0 avg code rate 0.1, avg bit/symbol 2.0, avg per TB: (nb RBs 6.4, nb symbols 10.2)
    UL harq: 3361/0 avg code rate 0.1, avg bit/symbol 2.0, avg per TB: (nb RBs 6.3, nb symbols 12.2)
[0m[NR_RRC] MeasurementReport Encoded 53 bits (7 bytes)
[0m[NR_MAC] UE 0 RNTI 4fe0 stats sfn: 384.8, cumulated bad DCI 0
    DL Chan: SSB 0 SINR 44.1 dB RSRP -42 dBm, RI 0 CQI: N/A
    DL harq: 510/0 avg code rate 0.1, avg bit/symbol 2.0, avg per TB: (nb RBs 6.4, nb symbols 10.2)
    UL harq: 3377/0 avg code rate 0.1, avg bit/symbol 2.0, avg per TB: (nb RBs 6.2, nb symbols 12.2)
[0m[NR_RRC] MeasurementReport Encoded 53 bits (7 bytes)
[0m[NR_RRC] MeasurementReport Encoded 53 bits (7 bytes)
[0m[NR_MAC] UE 0 RNTI 4fe0 stats sfn: 512.8, cumulated bad DCI 0
    DL Chan: SSB 0 SINR 43.3 dB RSRP -42 dBm, RI 0 CQI: N/A
    DL harq: 514/0 avg code rate 0.1, avg bit/symbol 2.0, avg per TB: (nb RBs 6.4, nb symbols 10.2)
    UL harq: 3398/0 avg code rate 0.1, avg bit/symbol 2.0, avg per TB: (nb RBs 6.2, nb symbols 12.2)
[0m[NR_RRC] MeasurementReport Encoded 53 bits (7 bytes)
[0m[NR_MAC] UE 0 RNTI 4fe0 stats sfn: 640.8, cumulated bad DCI 0
    DL Chan: SSB 0 SINR 43.3 dB RSRP -42 dBm, RI 0 CQI: N/A
    DL harq: 516/0 avg code rate 0.1, avg bit/symbol 2.0, avg per TB: (nb RBs 6.4, nb symbols 10.2)
    UL harq: 3414/0 avg code rate 0.1, avg bit/symbol 2.0, avg per TB: (nb RBs 6.2, nb symbols 12.2)
[0m[NR_RRC] MeasurementReport Encoded 53 bits (7 bytes)
[0m[NR_MAC] UE 0 RNTI 4fe0 stats sfn: 768.8, cumulated bad DCI 0
    DL Chan: SSB 0 SINR 44.1 dB RSRP -42 dBm, RI 0 CQI: N/A
    DL harq: 518/0 avg code rate 0.1, avg bit/symbol 2.0, avg per TB: (nb RBs 6.4, nb symbols 10.2)
    UL harq: 3431/0 avg code rate 0.1, avg bit/symbol 2.0, avg per TB: (nb RBs 6.2, nb symbols 12.2)
[0m[NR_RRC] MeasurementReport Encoded 53 bits (7 bytes)
[0m[NR_MAC] UE 0 RNTI 4fe0 stats sfn: 896.8, cumulated bad DCI 0
    DL Chan: SSB 0 SINR 44.1 dB RSRP -42 dBm, RI 0 CQI: N/A
    DL harq: 520/0 avg code rate 0.1, avg bit/symbol 2.0, avg per TB: (nb RBs 6.4, nb symbols 10.2)
    UL harq: 3447/0 avg code rate 0.1, avg bit/symbol 2.0, avg per TB: (nb RBs 6.2, nb symbols 12.2)
[0m[NR_RRC] MeasurementReport Encoded 53 bits (7 bytes)
[0m[NR_RRC] MeasurementReport Encoded 53 bits (7 bytes)
[0m[NR_MAC] UE 0 RNTI 4fe0 stats sfn: 0.8, cumulated bad DCI 0
    DL Chan: SSB 0 SINR 43.3 dB RSRP -42 dBm, RI 0 CQI: N/A
    DL harq: 523/0 avg code rate 0.1, avg bit/symbol 2.0, avg per TB: (nb RBs 6.4, nb symbols 10.2)
    UL harq: 3464/0 avg code rate 0.1, avg bit/symbol 2.0, avg per TB: (nb RBs 6.2, nb symbols 12.2)
[0m[NR_RRC] MeasurementReport Encoded 53 bits (7 bytes)
[0m[NR_MAC] UE 0 RNTI 4fe0 stats sfn: 128.8, cumulated bad DCI 0
    DL Chan: SSB 0 SINR 44.1 dB RSRP -42 dBm, RI 0 CQI: N/A
    DL harq: 526/0 avg code rate 0.1, avg bit/symbol 2.0, avg per TB: (nb RBs 6.4, nb symbols 10.2)
    UL harq: 3483/0 avg code rate 0.1, avg bit/symbol 2.0, avg per TB: (nb RBs 6.2, nb symbols 12.2)
[0m[NR_RRC] MeasurementReport Encoded 53 bits (7 bytes)
[0m[NR_MAC] UE 0 RNTI 4fe0 stats sfn: 256.8, cumulated bad DCI 0
    DL Chan: SSB 0 SINR 44.1 dB RSRP -42 dBm, RI 0 CQI: N/A
    DL harq: 528/0 avg code rate 0.1, avg bit/symbol 2.0, avg per TB: (nb RBs 6.4, nb symbols 10.2)
    UL harq: 3499/0 avg code rate 0.1, avg bit/symbol 2.0, avg per TB: (nb RBs 6.2, nb symbols 12.2)
[0m[NR_RRC] MeasurementReport Encoded 53 bits (7 bytes)
[0m[NR_MAC] UE 0 RNTI 4fe0 stats sfn: 384.8, cumulated bad DCI 0
    DL Chan: SSB 0 SINR 44.1 dB RSRP -42 dBm, RI 0 CQI: N/A
    DL harq: 530/0 avg code rate 0.1, avg bit/symbol 2.0, avg per TB: (nb RBs 6.4, nb symbols 10.2)
    UL harq: 3516/0 avg code rate 0.1, avg bit/symbol 2.0, avg per TB: (nb RBs 6.2, nb symbols 12.2)
[0m[NR_RRC] MeasurementReport Encoded 53 bits (7 bytes)
[0m[NR_MAC] UE 0 RNTI 4fe0 stats sfn: 512.8, cumulated bad DCI 0
    DL Chan: SSB 0 SINR 43.3 dB RSRP -42 dBm, RI 0 CQI: N/A
    DL harq: 533/0 avg code rate 0.1, avg bit/symbol 2.0, avg per TB: (nb RBs 6.4, nb symbols 10.2)
    UL harq: 3532/0 avg code rate 0.1, avg bit/symbol 2.0, avg per TB: (nb RBs 6.2, nb symbols 12.2)
[0m[NR_RRC] MeasurementReport Encoded 53 bits (7 bytes)
[0m[NR_RRC] MeasurementReport Encoded 53 bits (7 bytes)
[0m[NR_MAC] UE 0 RNTI 4fe0 stats sfn: 640.8, cumulated bad DCI 0
    DL Chan: SSB 0 SINR 44.1 dB RSRP -42 dBm, RI 0 CQI: N/A
    DL harq: 536/0 avg code rate 0.1, avg bit/symbol 2.0, avg per TB: (nb RBs 6.4, nb symbols 10.2)
    UL harq: 3553/0 avg code rate 0.1, avg bit/symbol 2.0, avg per TB: (nb RBs 6.2, nb symbols 12.2)
[0m[NR_RRC] MeasurementReport Encoded 53 bits (7 bytes)
[0m[NR_MAC] UE 0 RNTI 4fe0 stats sfn: 768.8, cumulated bad DCI 0
    DL Chan: SSB 0 SINR 44.1 dB RSRP -42 dBm, RI 0 CQI: N/A
    DL harq: 538/0 avg code rate 0.1, avg bit/symbol 2.0, avg per TB: (nb RBs 6.4, nb symbols 10.2)
    UL harq: 3569/0 avg code rate 0.1, avg bit/symbol 2.0, avg per TB: (nb RBs 6.2, nb symbols 12.2)
[0m[NR_RRC] MeasurementReport Encoded 53 bits (7 bytes)
[0m[NR_MAC] UE 0 RNTI 4fe0 stats sfn: 896.8, cumulated bad DCI 0
    DL Chan: SSB 0 SINR 44.1 dB RSRP -42 dBm, RI 0 CQI: N/A
    DL harq: 541/0 avg code rate 0.1, avg bit/symbol 2.0, avg per TB: (nb RBs 6.4, nb symbols 10.2)
    UL harq: 3586/0 avg code rate 0.1, avg bit/symbol 2.0, avg per TB: (nb RBs 6.2, nb symbols 12.2)
[0m[NR_RRC] MeasurementReport Encoded 53 bits (7 bytes)
[0m[NR_MAC] UE 0 RNTI 4fe0 stats sfn: 0.8, cumulated bad DCI 0
    DL Chan: SSB 0 SINR 44.1 dB RSRP -42 dBm, RI 0 CQI: N/A
    DL harq: 543/0 avg code rate 0.1, avg bit/symbol 2.0, avg per TB: (nb RBs 6.4, nb symbols 10.2)
    UL harq: 3601/0 avg code rate 0.1, avg bit/symbol 2.0, avg per TB: (nb RBs 6.2, nb symbols 12.2)
[0m[NR_RRC] MeasurementReport Encoded 53 bits (7 bytes)
[0m[NR_RRC] MeasurementReport Encoded 53 bits (7 bytes)
[0m[NR_MAC] UE 0 RNTI 4fe0 stats sfn: 128.8, cumulated bad DCI 0
    DL Chan: SSB 0 SINR 44.1 dB RSRP -42 dBm, RI 0 CQI: N/A
    DL harq: 546/0 avg code rate 0.1, avg bit/symbol 2.0, avg per TB: (nb RBs 6.4, nb symbols 10.2)
    UL harq: 3620/0 avg code rate 0.1, avg bit/symbol 2.0, avg per TB: (nb RBs 6.2, nb symbols 12.2)
[0m[NR_RRC] MeasurementReport Encoded 53 bits (7 bytes)
[0m[NR_MAC] UE 0 RNTI 4fe0 stats sfn: 256.8, cumulated bad DCI 0
    DL Chan: SSB 0 SINR 44.1 dB RSRP -42 dBm, RI 0 CQI: N/A
    DL harq: 548/0 avg code rate 0.1, avg bit/symbol 2.0, avg per TB: (nb RBs 6.4, nb symbols 10.2)
    UL harq: 3637/0 avg code rate 0.1, avg bit/symbol 2.0, avg per TB: (nb RBs 6.2, nb symbols 12.2)
[0m[NR_RRC] MeasurementReport Encoded 53 bits (7 bytes)
[0m[NR_MAC] UE 0 RNTI 4fe0 stats sfn: 384.8, cumulated bad DCI 0
    DL Chan: SSB 0 SINR 44.1 dB RSRP -42 dBm, RI 0 CQI: N/A
    DL harq: 551/0 avg code rate 0.1, avg bit/symbol 2.0, avg per TB: (nb RBs 6.4, nb symbols 10.2)
    UL harq: 3653/0 avg code rate 0.1, avg bit/symbol 2.0, avg per TB: (nb RBs 6.2, nb symbols 12.2)
[0m[NR_RRC] MeasurementReport Encoded 53 bits (7 bytes)
[0m[NR_MAC] UE 0 RNTI 4fe0 stats sfn: 512.8, cumulated bad DCI 0
    DL Chan: SSB 0 SINR 44.1 dB RSRP -42 dBm, RI 0 CQI: N/A
    DL harq: 553/0 avg code rate 0.1, avg bit/symbol 2.0, avg per TB: (nb RBs 6.4, nb symbols 10.2)
    UL harq: 3670/0 avg code rate 0.1, avg bit/symbol 2.0, avg per TB: (nb RBs 6.2, nb symbols 12.2)
[0m[NR_RRC] MeasurementReport Encoded 53 bits (7 bytes)
[0m[NR_RRC] MeasurementReport Encoded 53 bits (7 bytes)
[0m[NR_MAC] UE 0 RNTI 4fe0 stats sfn: 640.8, cumulated bad DCI 0
    DL Chan: SSB 0 SINR 44.1 dB RSRP -42 dBm, RI 0 CQI: N/A
    DL harq: 556/0 avg code rate 0.1, avg bit/symbol 2.0, avg per TB: (nb RBs 6.4, nb symbols 10.2)
    UL harq: 3689/0 avg code rate 0.1, avg bit/symbol 2.0, avg per TB: (nb RBs 6.2, nb symbols 12.2)
[0m[NR_RRC] MeasurementReport Encoded 53 bits (7 bytes)
[0m[NR_MAC] UE 0 RNTI 4fe0 stats sfn: 768.8, cumulated bad DCI 0
    DL Chan: SSB 0 SINR 44.1 dB RSRP -42 dBm, RI 0 CQI: N/A
    DL harq: 559/0 avg code rate 0.1, avg bit/symbol 2.0, avg per TB: (nb RBs 6.4, nb symbols 10.2)
    UL harq: 3704/0 avg code rate 0.1, avg bit/symbol 2.0, avg per TB: (nb RBs 6.2, nb symbols 12.2)
[0m[NR_RRC] MeasurementReport Encoded 53 bits (7 bytes)
[0m[NR_MAC] UE 0 RNTI 4fe0 stats sfn: 896.8, cumulated bad DCI 0
    DL Chan: SSB 0 SINR 44.1 dB RSRP -42 dBm, RI 0 CQI: N/A
    DL harq: 561/0 avg code rate 0.1, avg bit/symbol 2.0, avg per TB: (nb RBs 6.4, nb symbols 10.3)
    UL harq: 3721/0 avg code rate 0.1, avg bit/symbol 2.0, avg per TB: (nb RBs 6.2, nb symbols 12.2)
[0m[NR_RRC] MeasurementReport Encoded 53 bits (7 bytes)
[0m[NR_MAC] UE 0 RNTI 4fe0 stats sfn: 0.8, cumulated bad DCI 0
    DL Chan: SSB 0 SINR 44.1 dB RSRP -42 dBm, RI 0 CQI: N/A
    DL harq: 563/0 avg code rate 0.1, avg bit/symbol 2.0, avg per TB: (nb RBs 6.4, nb symbols 10.2)
    UL harq: 3736/0 avg code rate 0.1, avg bit/symbol 2.0, avg per TB: (nb RBs 6.2, nb symbols 12.2)
[0m[NR_RRC] MeasurementReport Encoded 53 bits (7 bytes)
[0m[NR_RRC] MeasurementReport Encoded 53 bits (7 bytes)
[0m[NR_MAC] UE 0 RNTI 4fe0 stats sfn: 128.8, cumulated bad DCI 0
    DL Chan: SSB 0 SINR 43.3 dB RSRP -42 dBm, RI 0 CQI: N/A
    DL harq: 566/0 avg code rate 0.1, avg bit/symbol 2.0, avg per TB: (nb RBs 6.4, nb symbols 10.2)
    UL harq: 3756/0 avg code rate 0.1, avg bit/symbol 2.0, avg per TB: (nb RBs 6.2, nb symbols 12.2)
[0m[NR_RRC] MeasurementReport Encoded 53 bits (7 bytes)
[0m[NR_MAC] UE 0 RNTI 4fe0 stats sfn: 256.8, cumulated bad DCI 0
    DL Chan: SSB 0 SINR 42.6 dB RSRP -42 dBm, RI 0 CQI: N/A
    DL harq: 569/0 avg code rate 0.1, avg bit/symbol 2.0, avg per TB: (nb RBs 6.4, nb symbols 10.2)
    UL harq: 3772/0 avg code rate 0.1, avg bit/symbol 2.0, avg per TB: (nb RBs 6.2, nb symbols 12.2)
[0m[NR_RRC] MeasurementReport Encoded 53 bits (7 bytes)
[0m[NR_MAC] UE 0 RNTI 4fe0 stats sfn: 384.8, cumulated bad DCI 0
    DL Chan: SSB 0 SINR 44.1 dB RSRP -42 dBm, RI 0 CQI: N/A
    DL harq: 571/0 avg code rate 0.1, avg bit/symbol 2.0, avg per TB: (nb RBs 6.4, nb symbols 10.2)
    UL harq: 3788/0 avg code rate 0.1, avg bit/symbol 2.0, avg per TB: (nb RBs 6.2, nb symbols 12.2)
[0m[NR_RRC] MeasurementReport Encoded 53 bits (7 bytes)
[0m[NR_MAC] UE 0 RNTI 4fe0 stats sfn: 512.8, cumulated bad DCI 0
    DL Chan: SSB 0 SINR 45.1 dB RSRP -42 dBm, RI 0 CQI: N/A
    DL harq: 573/0 avg code rate 0.1, avg bit/symbol 2.0, avg per TB: (nb RBs 6.4, nb symbols 10.2)
    UL harq: 3804/0 avg code rate 0.1, avg bit/symbol 2.0, avg per TB: (nb RBs 6.2, nb symbols 12.2)
[0m[NR_RRC] MeasurementReport Encoded 53 bits (7 bytes)
[0m[NR_RRC] MeasurementReport Encoded 53 bits (7 bytes)
[0m[NR_MAC] UE 0 RNTI 4fe0 stats sfn: 640.8, cumulated bad DCI 0
    DL Chan: SSB 0 SINR 43.3 dB RSRP -42 dBm, RI 0 CQI: N/A
    DL harq: 577/0 avg code rate 0.1, avg bit/symbol 2.0, avg per TB: (nb RBs 6.4, nb symbols 10.2)
    UL harq: 3823/0 avg code rate 0.1, avg bit/symbol 2.0, avg per TB: (nb RBs 6.2, nb symbols 12.2)
[0m[NR_RRC] MeasurementReport Encoded 53 bits (7 bytes)
[0m[NR_MAC] UE 0 RNTI 4fe0 stats sfn: 768.8, cumulated bad DCI 0
    DL Chan: SSB 0 SINR 43.3 dB RSRP -42 dBm, RI 0 CQI: N/A
    DL harq: 579/0 avg code rate 0.1, avg bit/symbol 2.0, avg per TB: (nb RBs 6.4, nb symbols 10.2)
    UL harq: 3839/0 avg code rate 0.1, avg bit/symbol 2.0, avg per TB: (nb RBs 6.2, nb symbols 12.2)
[0m[NR_RRC] MeasurementReport Encoded 53 bits (7 bytes)
[0m[NR_MAC] UE 0 RNTI 4fe0 stats sfn: 896.8, cumulated bad DCI 0
    DL Chan: SSB 0 SINR 42.1 dB RSRP -42 dBm, RI 0 CQI: N/A
    DL harq: 581/0 avg code rate 0.1, avg bit/symbol 2.0, avg per TB: (nb RBs 6.4, nb symbols 10.2)
    UL harq: 3854/0 avg code rate 0.1, avg bit/symbol 2.0, avg per TB: (nb RBs 6.2, nb symbols 12.2)
[0m[NR_RRC] MeasurementReport Encoded 53 bits (7 bytes)
[0m[NR_MAC] UE 0 RNTI 4fe0 stats sfn: 0.8, cumulated bad DCI 0
    DL Chan: SSB 0 SINR 43.3 dB RSRP -42 dBm, RI 0 CQI: N/A
    DL harq: 583/0 avg code rate 0.1, avg bit/symbol 2.0, avg per TB: (nb RBs 6.4, nb symbols 10.2)
    UL harq: 3870/0 avg code rate 0.1, avg bit/symbol 2.0, avg per TB: (nb RBs 6.2, nb symbols 12.2)
[0m[NR_RRC] MeasurementReport Encoded 53 bits (7 bytes)
[0m[NR_RRC] MeasurementReport Encoded 53 bits (7 bytes)
[0m[NR_MAC] UE 0 RNTI 4fe0 stats sfn: 128.8, cumulated bad DCI 0
    DL Chan: SSB 0 SINR 44.1 dB RSRP -42 dBm, RI 0 CQI: N/A
    DL harq: 587/0 avg code rate 0.1, avg bit/symbol 2.0, avg per TB: (nb RBs 6.4, nb symbols 10.2)
    UL harq: 3889/0 avg code rate 0.1, avg bit/symbol 2.0, avg per TB: (nb RBs 6.2, nb symbols 12.2)
[0m[NR_RRC] MeasurementReport Encoded 53 bits (7 bytes)
[0m[NR_MAC] UE 0 RNTI 4fe0 stats sfn: 256.8, cumulated bad DCI 0
    DL Chan: SSB 0 SINR 44.1 dB RSRP -42 dBm, RI 0 CQI: N/A
    DL harq: 589/0 avg code rate 0.1, avg bit/symbol 2.0, avg per TB: (nb RBs 6.4, nb symbols 10.2)
    UL harq: 3905/0 avg code rate 0.1, avg bit/symbol 2.0, avg per TB: (nb RBs 6.2, nb symbols 12.2)
[0m[NR_RRC] MeasurementReport Encoded 53 bits (7 bytes)
[0m[NR_MAC] UE 0 RNTI 4fe0 stats sfn: 384.8, cumulated bad DCI 0
    DL Chan: SSB 0 SINR 44.1 dB RSRP -42 dBm, RI 0 CQI: N/A
    DL harq: 591/0 avg code rate 0.1, avg bit/symbol 2.0, avg per TB: (nb RBs 6.4, nb symbols 10.2)
    UL harq: 3921/0 avg code rate 0.1, avg bit/symbol 2.0, avg per TB: (nb RBs 6.2, nb symbols 12.2)
[0m[NR_RRC] MeasurementReport Encoded 53 bits (7 bytes)
[0m[NR_MAC] UE 0 RNTI 4fe0 stats sfn: 512.8, cumulated bad DCI 0
    DL Chan: SSB 0 SINR 44.1 dB RSRP -42 dBm, RI 0 CQI: N/A
    DL harq: 593/0 avg code rate 0.1, avg bit/symbol 2.0, avg per TB: (nb RBs 6.4, nb symbols 10.2)
    UL harq: 3938/0 avg code rate 0.1, avg bit/symbol 2.0, avg per TB: (nb RBs 6.2, nb symbols 12.2)
[0m[NR_RRC] MeasurementReport Encoded 53 bits (7 bytes)
[0m[NR_RRC] MeasurementReport Encoded 53 bits (7 bytes)
[0m[NR_MAC] UE 0 RNTI 4fe0 stats sfn: 640.8, cumulated bad DCI 0
    DL Chan: SSB 0 SINR 43.3 dB RSRP -42 dBm, RI 0 CQI: N/A
    DL harq: 597/0 avg code rate 0.1, avg bit/symbol 2.0, avg per TB: (nb RBs 6.4, nb symbols 10.3)
    UL harq: 3957/0 avg code rate 0.1, avg bit/symbol 2.0, avg per TB: (nb RBs 6.2, nb symbols 12.2)
[0m[NR_RRC] MeasurementReport Encoded 53 bits (7 bytes)
[0m[NR_MAC] UE 0 RNTI 4fe0 stats sfn: 768.8, cumulated bad DCI 0
    DL Chan: SSB 0 SINR 44.1 dB RSRP -42 dBm, RI 0 CQI: N/A
    DL harq: 599/0 avg code rate 0.1, avg bit/symbol 2.0, avg per TB: (nb RBs 6.4, nb symbols 10.3)
    UL harq: 3973/0 avg code rate 0.1, avg bit/symbol 2.0, avg per TB: (nb RBs 6.2, nb symbols 12.2)
[0m[NR_RRC] MeasurementReport Encoded 53 bits (7 bytes)
[0m[NR_MAC] UE 0 RNTI 4fe0 stats sfn: 896.8, cumulated bad DCI 0
    DL Chan: SSB 0 SINR 43.3 dB RSRP -42 dBm, RI 0 CQI: N/A
    DL harq: 601/0 avg code rate 0.1, avg bit/symbol 2.0, avg per TB: (nb RBs 6.4, nb symbols 10.2)
    UL harq: 3989/0 avg code rate 0.1, avg bit/symbol 2.0, avg per TB: (nb RBs 6.2, nb symbols 12.2)
[0m[NR_RRC] MeasurementReport Encoded 53 bits (7 bytes)
[0m[NR_MAC] UE 0 RNTI 4fe0 stats sfn: 0.8, cumulated bad DCI 0
    DL Chan: SSB 0 SINR 43.3 dB RSRP -42 dBm, RI 0 CQI: N/A
    DL harq: 604/0 avg code rate 0.1, avg bit/symbol 2.0, avg per TB: (nb RBs 6.4, nb symbols 10.3)
    UL harq: 4005/0 avg code rate 0.1, avg bit/symbol 2.0, avg per TB: (nb RBs 6.2, nb symbols 12.2)
[0m[NR_RRC] MeasurementReport Encoded 53 bits (7 bytes)
[0m[NR_RRC] MeasurementReport Encoded 53 bits (7 bytes)
[0m[NR_MAC] UE 0 RNTI 4fe0 stats sfn: 128.8, cumulated bad DCI 0
    DL Chan: SSB 0 SINR 43.3 dB RSRP -42 dBm, RI 0 CQI: N/A
    DL harq: 606/0 avg code rate 0.1, avg bit/symbol 2.0, avg per TB: (nb RBs 6.4, nb symbols 10.3)
    UL harq: 4023/0 avg code rate 0.1, avg bit/symbol 2.0, avg per TB: (nb RBs 6.2, nb symbols 12.2)
[0m[NR_RRC] MeasurementReport Encoded 53 bits (7 bytes)
[0m[NR_MAC] UE 0 RNTI 4fe0 stats sfn: 256.8, cumulated bad DCI 0
    DL Chan: SSB 0 SINR 43.3 dB RSRP -42 dBm, RI 0 CQI: N/A
    DL harq: 609/0 avg code rate 0.1, avg bit/symbol 2.0, avg per TB: (nb RBs 6.4, nb symbols 10.2)
    UL harq: 4042/0 avg code rate 0.1, avg bit/symbol 2.0, avg per TB: (nb RBs 6.2, nb symbols 12.2)
[0m[NR_RRC] MeasurementReport Encoded 53 bits (7 bytes)
[0m[NR_MAC] UE 0 RNTI 4fe0 stats sfn: 384.8, cumulated bad DCI 0
    DL Chan: SSB 0 SINR 45.1 dB RSRP -42 dBm, RI 0 CQI: N/A
    DL harq: 611/0 avg code rate 0.1, avg bit/symbol 2.0, avg per TB: (nb RBs 6.4, nb symbols 10.3)
    UL harq: 4057/0 avg code rate 0.1, avg bit/symbol 2.0, avg per TB: (nb RBs 6.2, nb symbols 12.2)
[0m[NR_RRC] MeasurementReport Encoded 53 bits (7 bytes)
[0m[NR_MAC] UE 0 RNTI 4fe0 stats sfn: 512.8, cumulated bad DCI 0
    DL Chan: SSB 0 SINR 44.1 dB RSRP -42 dBm, RI 0 CQI: N/A
    DL harq: 614/0 avg code rate 0.1, avg bit/symbol 2.0, avg per TB: (nb RBs 6.4, nb symbols 10.3)
    UL harq: 4074/0 avg code rate 0.1, avg bit/symbol 2.0, avg per TB: (nb RBs 6.2, nb symbols 12.2)
[0m[NR_RRC] MeasurementReport Encoded 53 bits (7 bytes)
[0m[NR_MAC] UE 0 RNTI 4fe0 stats sfn: 640.8, cumulated bad DCI 0
    DL Chan: SSB 0 SINR 43.3 dB RSRP -42 dBm, RI 0 CQI: N/A
    DL harq: 616/0 avg code rate 0.1, avg bit/symbol 2.0, avg per TB: (nb RBs 6.4, nb symbols 10.3)
    UL harq: 4089/0 avg code rate 0.1, avg bit/symbol 2.0, avg per TB: (nb RBs 6.2, nb symbols 12.2)
[0m[NR_RRC] MeasurementReport Encoded 53 bits (7 bytes)
[0m[NR_RRC] MeasurementReport Encoded 53 bits (7 bytes)
[0m[NR_MAC] UE 0 RNTI 4fe0 stats sfn: 768.8, cumulated bad DCI 0
    DL Chan: SSB 0 SINR 44.1 dB RSRP -42 dBm, RI 0 CQI: N/A
    DL harq: 619/0 avg code rate 0.1, avg bit/symbol 2.0, avg per TB: (nb RBs 6.4, nb symbols 10.3)
    UL harq: 4109/0 avg code rate 0.1, avg bit/symbol 2.0, avg per TB: (nb RBs 6.2, nb symbols 12.2)
[0m[NR_RRC] MeasurementReport Encoded 53 bits (7 bytes)
[0m[NR_MAC] UE 0 RNTI 4fe0 stats sfn: 896.8, cumulated bad DCI 0
    DL Chan: SSB 0 SINR 42.6 dB RSRP -42 dBm, RI 0 CQI: N/A
    DL harq: 622/0 avg code rate 0.1, avg bit/symbol 2.0, avg per TB: (nb RBs 6.4, nb symbols 10.3)
    UL harq: 4125/0 avg code rate 0.1, avg bit/symbol 2.0, avg per TB: (nb RBs 6.2, nb symbols 12.2)
[0m[NR_RRC] MeasurementReport Encoded 53 bits (7 bytes)
[0m[NR_MAC] UE 0 RNTI 4fe0 stats sfn: 0.8, cumulated bad DCI 0
    DL Chan: SSB 0 SINR 43.3 dB RSRP -42 dBm, RI 0 CQI: N/A
    DL harq: 624/0 avg code rate 0.1, avg bit/symbol 2.0, avg per TB: (nb RBs 6.4, nb symbols 10.3)
    UL harq: 4142/0 avg code rate 0.1, avg bit/symbol 2.0, avg per TB: (nb RBs 6.2, nb symbols 12.2)
[0m[NR_RRC] MeasurementReport Encoded 53 bits (7 bytes)
[0m[NR_MAC] UE 0 RNTI 4fe0 stats sfn: 128.8, cumulated bad DCI 0
    DL Chan: SSB 0 SINR 44.1 dB RSRP -42 dBm, RI 0 CQI: N/A
    DL harq: 627/0 avg code rate 0.1, avg bit/symbol 2.0, avg per TB: (nb RBs 6.4, nb symbols 10.3)
    UL harq: 4163/0 avg code rate 0.1, avg bit/symbol 2.0, avg per TB: (nb RBs 6.2, nb symbols 12.2)
[0m[NR_RRC] MeasurementReport Encoded 53 bits (7 bytes)
[0m[NR_RRC] MeasurementReport Encoded 53 bits (7 bytes)
[0m[NR_MAC] UE 0 RNTI 4fe0 stats sfn: 256.8, cumulated bad DCI 0
    DL Chan: SSB 0 SINR 46.3 dB RSRP -42 dBm, RI 0 CQI: N/A
    DL harq: 630/0 avg code rate 0.1, avg bit/symbol 2.0, avg per TB: (nb RBs 6.4, nb symbols 10.3)
    UL harq: 4181/0 avg code rate 0.1, avg bit/symbol 2.0, avg per TB: (nb RBs 6.2, nb symbols 12.2)
[0m[NR_RRC] MeasurementReport Encoded 53 bits (7 bytes)
[0m[NR_MAC] UE 0 RNTI 4fe0 stats sfn: 384.8, cumulated bad DCI 0
    DL Chan: SSB 0 SINR 44.1 dB RSRP -42 dBm, RI 0 CQI: N/A
    DL harq: 633/0 avg code rate 0.1, avg bit/symbol 2.0, avg per TB: (nb RBs 6.4, nb symbols 10.3)
    UL harq: 4197/0 avg code rate 0.1, avg bit/symbol 2.0, avg per TB: (nb RBs 6.2, nb symbols 12.2)
[0m[NR_RRC] MeasurementReport Encoded 53 bits (7 bytes)
[0m[NR_MAC] UE 0 RNTI 4fe0 stats sfn: 512.8, cumulated bad DCI 0
    DL Chan: SSB 0 SINR 43.3 dB RSRP -42 dBm, RI 0 CQI: N/A
    DL harq: 635/0 avg code rate 0.1, avg bit/symbol 2.0, avg per TB: (nb RBs 6.4, nb symbols 10.3)
    UL harq: 4213/0 avg code rate 0.1, avg bit/symbol 2.0, avg per TB: (nb RBs 6.2, nb symbols 12.2)
[0m[NR_RRC] MeasurementReport Encoded 53 bits (7 bytes)
[0m[NR_MAC] UE 0 RNTI 4fe0 stats sfn: 640.8, cumulated bad DCI 0
    DL Chan: SSB 0 SINR 42.6 dB RSRP -42 dBm, RI 0 CQI: N/A
    DL harq: 637/0 avg code rate 0.1, avg bit/symbol 2.0, avg per TB: (nb RBs 6.4, nb symbols 10.3)
    UL harq: 4230/0 avg code rate 0.1, avg bit/symbol 2.0, avg per TB: (nb RBs 6.2, nb symbols 12.2)
[0m[NR_RRC] MeasurementReport Encoded 53 bits (7 bytes)
[0m[NR_RRC] MeasurementReport Encoded 53 bits (7 bytes)
[0m[NR_MAC] UE 0 RNTI 4fe0 stats sfn: 768.8, cumulated bad DCI 0
    DL Chan: SSB 0 SINR 42.6 dB RSRP -42 dBm, RI 0 CQI: N/A
    DL harq: 641/0 avg code rate 0.1, avg bit/symbol 2.0, avg per TB: (nb RBs 6.4, nb symbols 10.3)
    UL harq: 4249/0 avg code rate 0.1, avg bit/symbol 2.0, avg per TB: (nb RBs 6.2, nb symbols 12.2)
[0m[NR_RRC] MeasurementReport Encoded 53 bits (7 bytes)
[0m[NR_MAC] UE 0 RNTI 4fe0 stats sfn: 896.8, cumulated bad DCI 0
    DL Chan: SSB 0 SINR 44.1 dB RSRP -42 dBm, RI 0 CQI: N/A
    DL harq: 643/0 avg code rate 0.1, avg bit/symbol 2.0, avg per TB: (nb RBs 6.4, nb symbols 10.3)
    UL harq: 4266/0 avg code rate 0.1, avg bit/symbol 2.0, avg per TB: (nb RBs 6.2, nb symbols 12.2)
[0m[NR_RRC] MeasurementReport Encoded 53 bits (7 bytes)
[0m[NR_MAC] UE 0 RNTI 4fe0 stats sfn: 0.8, cumulated bad DCI 0
    DL Chan: SSB 0 SINR 44.1 dB RSRP -42 dBm, RI 0 CQI: N/A
    DL harq: 645/0 avg code rate 0.1, avg bit/symbol 2.0, avg per TB: (nb RBs 6.4, nb symbols 10.3)
    UL harq: 4282/0 avg code rate 0.1, avg bit/symbol 2.0, avg per TB: (nb RBs 6.2, nb symbols 12.2)
[0m[NR_RRC] MeasurementReport Encoded 53 bits (7 bytes)
[0m[NR_MAC] UE 0 RNTI 4fe0 stats sfn: 128.8, cumulated bad DCI 0
    DL Chan: SSB 0 SINR 44.1 dB RSRP -42 dBm, RI 0 CQI: N/A
    DL harq: 647/0 avg code rate 0.1, avg bit/symbol 2.0, avg per TB: (nb RBs 6.4, nb symbols 10.3)
    UL harq: 4299/0 avg code rate 0.1, avg bit/symbol 2.0, avg per TB: (nb RBs 6.2, nb symbols 12.2)
[0m[NR_RRC] MeasurementReport Encoded 53 bits (7 bytes)
[0m[NR_RRC] MeasurementReport Encoded 53 bits (7 bytes)
[0m[NR_MAC] UE 0 RNTI 4fe0 stats sfn: 256.8, cumulated bad DCI 0
    DL Chan: SSB 0 SINR 43.3 dB RSRP -42 dBm, RI 0 CQI: N/A
    DL harq: 651/0 avg code rate 0.1, avg bit/symbol 2.0, avg per TB: (nb RBs 6.4, nb symbols 10.3)
    UL harq: 4319/0 avg code rate 0.1, avg bit/symbol 2.0, avg per TB: (nb RBs 6.2, nb symbols 12.2)
[0m[NR_RRC] MeasurementReport Encoded 53 bits (7 bytes)
[0m[NR_MAC] UE 0 RNTI 4fe0 stats sfn: 384.8, cumulated bad DCI 0
    DL Chan: SSB 0 SINR 43.3 dB RSRP -42 dBm, RI 0 CQI: N/A
    DL harq: 653/0 avg code rate 0.1, avg bit/symbol 2.0, avg per TB: (nb RBs 6.4, nb symbols 10.3)
    UL harq: 4334/0 avg code rate 0.1, avg bit/symbol 2.0, avg per TB: (nb RBs 6.2, nb symbols 12.2)
[0m[NR_RRC] MeasurementReport Encoded 53 bits (7 bytes)
[0m[NR_MAC] UE 0 RNTI 4fe0 stats sfn: 512.8, cumulated bad DCI 0
    DL Chan: SSB 0 SINR 44.1 dB RSRP -42 dBm, RI 0 CQI: N/A
    DL harq: 655/0 avg code rate 0.1, avg bit/symbol 2.0, avg per TB: (nb RBs 6.4, nb symbols 10.3)
    UL harq: 4351/0 avg code rate 0.1, avg bit/symbol 2.0, avg per TB: (nb RBs 6.2, nb symbols 12.2)
[0m[NR_RRC] MeasurementReport Encoded 53 bits (7 bytes)
[0m[NR_MAC] UE 0 RNTI 4fe0 stats sfn: 640.8, cumulated bad DCI 0
    DL Chan: SSB 0 SINR 43.3 dB RSRP -42 dBm, RI 0 CQI: N/A
    DL harq: 657/0 avg code rate 0.1, avg bit/symbol 2.0, avg per TB: (nb RBs 6.4, nb symbols 10.3)
    UL harq: 4366/0 avg code rate 0.1, avg bit/symbol 2.0, avg per TB: (nb RBs 6.2, nb symbols 12.2)
[0m[NR_RRC] MeasurementReport Encoded 53 bits (7 bytes)
[0m[NR_RRC] MeasurementReport Encoded 53 bits (7 bytes)
[0m[NR_MAC] UE 0 RNTI 4fe0 stats sfn: 768.8, cumulated bad DCI 0
    DL Chan: SSB 0 SINR 43.3 dB RSRP -42 dBm, RI 0 CQI: N/A
    DL harq: 661/0 avg code rate 0.1, avg bit/symbol 2.0, avg per TB: (nb RBs 6.4, nb symbols 10.3)
    UL harq: 4385/0 avg code rate 0.1, avg bit/symbol 2.0, avg per TB: (nb RBs 6.2, nb symbols 12.2)
[0m[NR_RRC] MeasurementReport Encoded 53 bits (7 bytes)
[0m[NR_MAC] UE 0 RNTI 4fe0 stats sfn: 896.8, cumulated bad DCI 0
    DL Chan: SSB 0 SINR 44.1 dB RSRP -42 dBm, RI 0 CQI: N/A
    DL harq: 663/0 avg code rate 0.1, avg bit/symbol 2.0, avg per TB: (nb RBs 6.4, nb symbols 10.3)
    UL harq: 4402/0 avg code rate 0.1, avg bit/symbol 2.0, avg per TB: (nb RBs 6.2, nb symbols 12.2)
[0m[NR_RRC] MeasurementReport Encoded 53 bits (7 bytes)
[0m[NR_MAC] UE 0 RNTI 4fe0 stats sfn: 0.8, cumulated bad DCI 0
    DL Chan: SSB 0 SINR 44.1 dB RSRP -42 dBm, RI 0 CQI: N/A
    DL harq: 665/0 avg code rate 0.1, avg bit/symbol 2.0, avg per TB: (nb RBs 6.4, nb symbols 10.3)
    UL harq: 4418/0 avg code rate 0.1, avg bit/symbol 2.0, avg per TB: (nb RBs 6.2, nb symbols 12.2)
[0m[NR_RRC] MeasurementReport Encoded 53 bits (7 bytes)
[0m[NR_MAC] UE 0 RNTI 4fe0 stats sfn: 128.8, cumulated bad DCI 0
    DL Chan: SSB 0 SINR 45.1 dB RSRP -42 dBm, RI 0 CQI: N/A
    DL harq: 668/0 avg code rate 0.1, avg bit/symbol 2.0, avg per TB: (nb RBs 6.4, nb symbols 10.3)
    UL harq: 4435/0 avg code rate 0.1, avg bit/symbol 2.0, avg per TB: (nb RBs 6.2, nb symbols 12.2)
[0m[NR_RRC] MeasurementReport Encoded 53 bits (7 bytes)
[0m[NR_RRC] MeasurementReport Encoded 53 bits (7 bytes)
[0m[NR_MAC] UE 0 RNTI 4fe0 stats sfn: 256.8, cumulated bad DCI 0
    DL Chan: SSB 0 SINR 42.6 dB RSRP -42 dBm, RI 0 CQI: N/A
    DL harq: 671/0 avg code rate 0.1, avg bit/symbol 2.0, avg per TB: (nb RBs 6.4, nb symbols 10.3)
    UL harq: 4454/0 avg code rate 0.1, avg bit/symbol 2.0, avg per TB: (nb RBs 6.2, nb symbols 12.2)
[0m[NR_RRC] MeasurementReport Encoded 53 bits (7 bytes)
[0m[NR_MAC] UE 0 RNTI 4fe0 stats sfn: 384.8, cumulated bad DCI 0
    DL Chan: SSB 0 SINR 42.6 dB RSRP -42 dBm, RI 0 CQI: N/A
    DL harq: 673/0 avg code rate 0.1, avg bit/symbol 2.0, avg per TB: (nb RBs 6.4, nb symbols 10.3)
    UL harq: 4471/0 avg code rate 0.1, avg bit/symbol 2.0, avg per TB: (nb RBs 6.2, nb symbols 12.2)
[0m[NR_RRC] MeasurementReport Encoded 53 bits (7 bytes)
[0m[NR_MAC] UE 0 RNTI 4fe0 stats sfn: 512.8, cumulated bad DCI 0
    DL Chan: SSB 0 SINR 43.3 dB RSRP -42 dBm, RI 0 CQI: N/A
    DL harq: 675/0 avg code rate 0.1, avg bit/symbol 2.0, avg per TB: (nb RBs 6.4, nb symbols 10.3)
    UL harq: 4487/0 avg code rate 0.1, avg bit/symbol 2.0, avg per TB: (nb RBs 6.2, nb symbols 12.2)
[0m[NR_RRC] MeasurementReport Encoded 53 bits (7 bytes)
[0m[NR_MAC] UE 0 RNTI 4fe0 stats sfn: 640.8, cumulated bad DCI 0
    DL Chan: SSB 0 SINR 42.6 dB RSRP -42 dBm, RI 0 CQI: N/A
    DL harq: 678/0 avg code rate 0.1, avg bit/symbol 2.0, avg per TB: (nb RBs 6.4, nb symbols 10.3)
    UL harq: 4503/0 avg code rate 0.1, avg bit/symbol 2.0, avg per TB: (nb RBs 6.2, nb symbols 12.2)
[0m[NR_RRC] MeasurementReport Encoded 53 bits (7 bytes)
[0m[NR_RRC] MeasurementReport Encoded 53 bits (7 bytes)
[0m[NR_MAC] UE 0 RNTI 4fe0 stats sfn: 768.8, cumulated bad DCI 0
    DL Chan: SSB 0 SINR 43.3 dB RSRP -42 dBm, RI 0 CQI: N/A
    DL harq: 681/0 avg code rate 0.1, avg bit/symbol 2.0, avg per TB: (nb RBs 6.4, nb symbols 10.3)
    UL harq: 4523/0 avg code rate 0.1, avg bit/symbol 2.0, avg per TB: (nb RBs 6.2, nb symbols 12.2)
[0m[NR_RRC] MeasurementReport Encoded 53 bits (7 bytes)
[0m[NR_MAC] UE 0 RNTI 4fe0 stats sfn: 896.8, cumulated bad DCI 0
    DL Chan: SSB 0 SINR 46.3 dB RSRP -42 dBm, RI 0 CQI: N/A
    DL harq: 683/0 avg code rate 0.1, avg bit/symbol 2.0, avg per TB: (nb RBs 6.4, nb symbols 10.3)
    UL harq: 4539/0 avg code rate 0.1, avg bit/symbol 2.0, avg per TB: (nb RBs 6.2, nb symbols 12.2)
[0m[NR_RRC] MeasurementReport Encoded 53 bits (7 bytes)
[0m[NR_MAC] UE 0 RNTI 4fe0 stats sfn: 0.8, cumulated bad DCI 0
    DL Chan: SSB 0 SINR 44.1 dB RSRP -42 dBm, RI 0 CQI: N/A
    DL harq: 686/0 avg code rate 0.1, avg bit/symbol 2.0, avg per TB: (nb RBs 6.4, nb symbols 10.3)
    UL harq: 4556/0 avg code rate 0.1, avg bit/symbol 2.0, avg per TB: (nb RBs 6.2, nb symbols 12.2)
[0m[NR_RRC] MeasurementReport Encoded 53 bits (7 bytes)
[0m[NR_MAC] UE 0 RNTI 4fe0 stats sfn: 128.8, cumulated bad DCI 0
    DL Chan: SSB 0 SINR 44.1 dB RSRP -42 dBm, RI 0 CQI: N/A
    DL harq: 688/0 avg code rate 0.1, avg bit/symbol 2.0, avg per TB: (nb RBs 6.4, nb symbols 10.3)
    UL harq: 4572/0 avg code rate 0.1, avg bit/symbol 2.0, avg per TB: (nb RBs 6.2, nb symbols 12.2)
[0m[NR_RRC] MeasurementReport Encoded 53 bits (7 bytes)
[0m[NR_RRC] MeasurementReport Encoded 53 bits (7 bytes)
[0m[NR_MAC] UE 0 RNTI 4fe0 stats sfn: 256.8, cumulated bad DCI 0
    DL Chan: SSB 0 SINR 44.1 dB RSRP -42 dBm, RI 0 CQI: N/A
    DL harq: 691/0 avg code rate 0.1, avg bit/symbol 2.0, avg per TB: (nb RBs 6.4, nb symbols 10.3)
    UL harq: 4592/0 avg code rate 0.1, avg bit/symbol 2.0, avg per TB: (nb RBs 6.2, nb symbols 12.2)
[0m[NR_RRC] MeasurementReport Encoded 53 bits (7 bytes)
[0m[NR_MAC] UE 0 RNTI 4fe0 stats sfn: 384.8, cumulated bad DCI 0
    DL Chan: SSB 0 SINR 43.3 dB RSRP -42 dBm, RI 0 CQI: N/A
    DL harq: 693/0 avg code rate 0.1, avg bit/symbol 2.0, avg per TB: (nb RBs 6.4, nb symbols 10.3)
    UL harq: 4608/0 avg code rate 0.1, avg bit/symbol 2.0, avg per TB: (nb RBs 6.2, nb symbols 12.2)
[0m[NR_RRC] MeasurementReport Encoded 53 bits (7 bytes)
[0m[NR_MAC] UE 0 RNTI 4fe0 stats sfn: 512.8, cumulated bad DCI 0
    DL Chan: SSB 0 SINR 44.1 dB RSRP -42 dBm, RI 0 CQI: N/A
    DL harq: 696/0 avg code rate 0.1, avg bit/symbol 2.0, avg per TB: (nb RBs 6.4, nb symbols 10.3)
    UL harq: 4625/0 avg code rate 0.1, avg bit/symbol 2.0, avg per TB: (nb RBs 6.2, nb symbols 12.2)
[0m[NR_RRC] MeasurementReport Encoded 53 bits (7 bytes)
[0m[NR_MAC] UE 0 RNTI 4fe0 stats sfn: 640.8, cumulated bad DCI 0
    DL Chan: SSB 0 SINR 44.1 dB RSRP -42 dBm, RI 0 CQI: N/A
    DL harq: 698/0 avg code rate 0.1, avg bit/symbol 2.0, avg per TB: (nb RBs 6.4, nb symbols 10.3)
    UL harq: 4640/0 avg code rate 0.1, avg bit/symbol 2.0, avg per TB: (nb RBs 6.2, nb symbols 12.2)
[0m[NR_RRC] MeasurementReport Encoded 53 bits (7 bytes)
[0m[NR_MAC] UE 0 RNTI 4fe0 stats sfn: 768.8, cumulated bad DCI 0
    DL Chan: SSB 0 SINR 43.3 dB RSRP -42 dBm, RI 0 CQI: N/A
    DL harq: 700/0 avg code rate 0.1, avg bit/symbol 2.0, avg per TB: (nb RBs 6.4, nb symbols 10.3)
    UL harq: 4657/0 avg code rate 0.1, avg bit/symbol 2.0, avg per TB: (nb RBs 6.2, nb symbols 12.2)
[0m[NR_RRC] MeasurementReport Encoded 53 bits (7 bytes)
[0m[NR_RRC] MeasurementReport Encoded 53 bits (7 bytes)
[0m[NR_MAC] UE 0 RNTI 4fe0 stats sfn: 896.8, cumulated bad DCI 0
    DL Chan: SSB 0 SINR 44.1 dB RSRP -42 dBm, RI 0 CQI: N/A
    DL harq: 704/0 avg code rate 0.1, avg bit/symbol 2.0, avg per TB: (nb RBs 6.4, nb symbols 10.3)
    UL harq: 4676/0 avg code rate 0.1, avg bit/symbol 2.0, avg per TB: (nb RBs 6.2, nb symbols 12.2)
[0m[NR_RRC] MeasurementReport Encoded 53 bits (7 bytes)
[0m[NR_MAC] UE 0 RNTI 4fe0 stats sfn: 0.8, cumulated bad DCI 0
    DL Chan: SSB 0 SINR 44.1 dB RSRP -42 dBm, RI 0 CQI: N/A
    DL harq: 706/0 avg code rate 0.1, avg bit/symbol 2.0, avg per TB: (nb RBs 6.4, nb symbols 10.3)
    UL harq: 4692/0 avg code rate 0.1, avg bit/symbol 2.0, avg per TB: (nb RBs 6.2, nb symbols 12.2)
[0m[NR_RRC] MeasurementReport Encoded 53 bits (7 bytes)
[0m[NR_MAC] UE 0 RNTI 4fe0 stats sfn: 128.8, cumulated bad DCI 0
    DL Chan: SSB 0 SINR 44.1 dB RSRP -42 dBm, RI 0 CQI: N/A
    DL harq: 708/0 avg code rate 0.1, avg bit/symbol 2.0, avg per TB: (nb RBs 6.4, nb symbols 10.3)
    UL harq: 4709/0 avg code rate 0.1, avg bit/symbol 2.0, avg per TB: (nb RBs 6.2, nb symbols 12.2)
[0m[NR_RRC] MeasurementReport Encoded 53 bits (7 bytes)
[0m[NR_MAC] UE 0 RNTI 4fe0 stats sfn: 256.8, cumulated bad DCI 0
    DL Chan: SSB 0 SINR 42.6 dB RSRP -42 dBm, RI 0 CQI: N/A
    DL harq: 710/0 avg code rate 0.1, avg bit/symbol 2.0, avg per TB: (nb RBs 6.4, nb symbols 10.3)
    UL harq: 4725/0 avg code rate 0.1, avg bit/symbol 2.0, avg per TB: (nb RBs 6.2, nb symbols 12.2)
[0m[NR_RRC] MeasurementReport Encoded 53 bits (7 bytes)
[0m[NR_RRC] MeasurementReport Encoded 53 bits (7 bytes)
[0m[NR_MAC] UE 0 RNTI 4fe0 stats sfn: 384.8, cumulated bad DCI 0
    DL Chan: SSB 0 SINR 42.6 dB RSRP -42 dBm, RI 0 CQI: N/A
    DL harq: 714/0 avg code rate 0.1, avg bit/symbol 2.0, avg per TB: (nb RBs 6.4, nb symbols 10.3)
    UL harq: 4745/0 avg code rate 0.1, avg bit/symbol 2.0, avg per TB: (nb RBs 6.2, nb symbols 12.2)
[0m[NR_RRC] MeasurementReport Encoded 53 bits (7 bytes)
[0m[NR_MAC] UE 0 RNTI 4fe0 stats sfn: 512.8, cumulated bad DCI 0
    DL Chan: SSB 0 SINR 44.1 dB RSRP -42 dBm, RI 0 CQI: N/A
    DL harq: 716/0 avg code rate 0.1, avg bit/symbol 2.0, avg per TB: (nb RBs 6.4, nb symbols 10.3)
    UL harq: 4762/0 avg code rate 0.1, avg bit/symbol 2.0, avg per TB: (nb RBs 6.2, nb symbols 12.2)
[0m[NR_RRC] MeasurementReport Encoded 53 bits (7 bytes)
[0m[NR_MAC] UE 0 RNTI 4fe0 stats sfn: 640.8, cumulated bad DCI 0
    DL Chan: SSB 0 SINR 44.1 dB RSRP -42 dBm, RI 0 CQI: N/A
    DL harq: 718/0 avg code rate 0.1, avg bit/symbol 2.0, avg per TB: (nb RBs 6.4, nb symbols 10.3)
    UL harq: 4777/0 avg code rate 0.1, avg bit/symbol 2.0, avg per TB: (nb RBs 6.2, nb symbols 12.2)
[0m[NR_RRC] MeasurementReport Encoded 53 bits (7 bytes)
[0m[NR_MAC] UE 0 RNTI 4fe0 stats sfn: 768.8, cumulated bad DCI 0
    DL Chan: SSB 0 SINR 44.1 dB RSRP -42 dBm, RI 0 CQI: N/A
    DL harq: 720/0 avg code rate 0.1, avg bit/symbol 2.0, avg per TB: (nb RBs 6.4, nb symbols 10.3)
    UL harq: 4794/0 avg code rate 0.1, avg bit/symbol 2.0, avg per TB: (nb RBs 6.2, nb symbols 12.2)
[0m[NR_RRC] MeasurementReport Encoded 53 bits (7 bytes)
[0m[NR_RRC] MeasurementReport Encoded 53 bits (7 bytes)
[0m[NR_MAC] UE 0 RNTI 4fe0 stats sfn: 896.8, cumulated bad DCI 0
    DL Chan: SSB 0 SINR 44.1 dB RSRP -42 dBm, RI 0 CQI: N/A
    DL harq: 724/0 avg code rate 0.1, avg bit/symbol 2.0, avg per TB: (nb RBs 6.4, nb symbols 10.3)
    UL harq: 4814/0 avg code rate 0.1, avg bit/symbol 2.0, avg per TB: (nb RBs 6.2, nb symbols 12.2)
[0m[NR_RRC] MeasurementReport Encoded 53 bits (7 bytes)
[0m[NR_MAC] UE 0 RNTI 4fe0 stats sfn: 0.8, cumulated bad DCI 0
    DL Chan: SSB 0 SINR 43.3 dB RSRP -42 dBm, RI 0 CQI: N/A
    DL harq: 726/0 avg code rate 0.1, avg bit/symbol 2.0, avg per TB: (nb RBs 6.4, nb symbols 10.3)
    UL harq: 4831/0 avg code rate 0.1, avg bit/symbol 2.0, avg per TB: (nb RBs 6.2, nb symbols 12.2)
[0m[NR_RRC] MeasurementReport Encoded 53 bits (7 bytes)
[0m[NR_MAC] UE 0 RNTI 4fe0 stats sfn: 128.8, cumulated bad DCI 0
    DL Chan: SSB 0 SINR 44.1 dB RSRP -42 dBm, RI 0 CQI: N/A
    DL harq: 728/0 avg code rate 0.1, avg bit/symbol 2.0, avg per TB: (nb RBs 6.4, nb symbols 10.3)
    UL harq: 4846/0 avg code rate 0.1, avg bit/symbol 2.0, avg per TB: (nb RBs 6.2, nb symbols 12.2)
[0m[NR_RRC] MeasurementReport Encoded 53 bits (7 bytes)
[0m[NR_MAC] UE 0 RNTI 4fe0 stats sfn: 256.8, cumulated bad DCI 0
    DL Chan: SSB 0 SINR 42.6 dB RSRP -42 dBm, RI 0 CQI: N/A
    DL harq: 731/0 avg code rate 0.1, avg bit/symbol 2.0, avg per TB: (nb RBs 6.4, nb symbols 10.3)
    UL harq: 4863/0 avg code rate 0.1, avg bit/symbol 2.0, avg per TB: (nb RBs 6.2, nb symbols 12.2)
[0m[NR_RRC] MeasurementReport Encoded 53 bits (7 bytes)
[0m[NR_RRC] MeasurementReport Encoded 53 bits (7 bytes)
[0m[NR_MAC] UE 0 RNTI 4fe0 stats sfn: 384.8, cumulated bad DCI 0
    DL Chan: SSB 0 SINR 44.1 dB RSRP -42 dBm, RI 0 CQI: N/A
    DL harq: 734/0 avg code rate 0.1, avg bit/symbol 2.0, avg per TB: (nb RBs 6.4, nb symbols 10.3)
    UL harq: 4883/0 avg code rate 0.1, avg bit/symbol 2.0, avg per TB: (nb RBs 6.2, nb symbols 12.2)
[0m[NR_RRC] MeasurementReport Encoded 53 bits (7 bytes)
[0m[NR_MAC] UE 0 RNTI 4fe0 stats sfn: 512.8, cumulated bad DCI 0
    DL Chan: SSB 0 SINR 43.3 dB RSRP -42 dBm, RI 0 CQI: N/A
    DL harq: 736/0 avg code rate 0.1, avg bit/symbol 2.0, avg per TB: (nb RBs 6.4, nb symbols 10.3)
    UL harq: 4899/0 avg code rate 0.1, avg bit/symbol 2.0, avg per TB: (nb RBs 6.2, nb symbols 12.2)
[0m[NR_RRC] MeasurementReport Encoded 53 bits (7 bytes)
[0m[NR_MAC] UE 0 RNTI 4fe0 stats sfn: 640.8, cumulated bad DCI 0
    DL Chan: SSB 0 SINR 44.1 dB RSRP -42 dBm, RI 0 CQI: N/A
    DL harq: 738/0 avg code rate 0.1, avg bit/symbol 2.0, avg per TB: (nb RBs 6.4, nb symbols 10.3)
    UL harq: 4915/0 avg code rate 0.1, avg bit/symbol 2.0, avg per TB: (nb RBs 6.2, nb symbols 12.2)
[0m[NR_RRC] MeasurementReport Encoded 53 bits (7 bytes)
[0m[NR_MAC] UE 0 RNTI 4fe0 stats sfn: 768.8, cumulated bad DCI 0
    DL Chan: SSB 0 SINR 42.6 dB RSRP -42 dBm, RI 0 CQI: N/A
    DL harq: 741/0 avg code rate 0.1, avg bit/symbol 2.0, avg per TB: (nb RBs 6.4, nb symbols 10.3)
    UL harq: 4931/0 avg code rate 0.1, avg bit/symbol 2.0, avg per TB: (nb RBs 6.2, nb symbols 12.2)
[0m[NR_RRC] MeasurementReport Encoded 53 bits (7 bytes)
[0m[NR_RRC] MeasurementReport Encoded 53 bits (7 bytes)
[0m[NR_MAC] UE 0 RNTI 4fe0 stats sfn: 896.8, cumulated bad DCI 0
    DL Chan: SSB 0 SINR 45.1 dB RSRP -42 dBm, RI 0 CQI: N/A
    DL harq: 744/0 avg code rate 0.1, avg bit/symbol 2.0, avg per TB: (nb RBs 6.4, nb symbols 10.3)
    UL harq: 4952/0 avg code rate 0.1, avg bit/symbol 2.0, avg per TB: (nb RBs 6.2, nb symbols 12.2)
[0m[NR_RRC] MeasurementReport Encoded 53 bits (7 bytes)
[0m[NR_MAC] UE 0 RNTI 4fe0 stats sfn: 0.8, cumulated bad DCI 0
    DL Chan: SSB 0 SINR 45.1 dB RSRP -42 dBm, RI 0 CQI: N/A
    DL harq: 746/0 avg code rate 0.1, avg bit/symbol 2.0, avg per TB: (nb RBs 6.4, nb symbols 10.4)
    UL harq: 4967/0 avg code rate 0.1, avg bit/symbol 2.0, avg per TB: (nb RBs 6.2, nb symbols 12.2)
[0m[NR_RRC] MeasurementReport Encoded 53 bits (7 bytes)
[0m[NR_MAC] UE 0 RNTI 4fe0 stats sfn: 128.8, cumulated bad DCI 0
    DL Chan: SSB 0 SINR 43.3 dB RSRP -42 dBm, RI 0 CQI: N/A
    DL harq: 749/0 avg code rate 0.1, avg bit/symbol 2.0, avg per TB: (nb RBs 6.4, nb symbols 10.4)
    UL harq: 4984/0 avg code rate 0.1, avg bit/symbol 2.0, avg per TB: (nb RBs 6.2, nb symbols 12.2)
[0m[NR_RRC] MeasurementReport Encoded 53 bits (7 bytes)
[0m[NR_MAC] UE 0 RNTI 4fe0 stats sfn: 256.8, cumulated bad DCI 0
    DL Chan: SSB 0 SINR 43.3 dB RSRP -42 dBm, RI 0 CQI: N/A
    DL harq: 751/0 avg code rate 0.1, avg bit/symbol 2.0, avg per TB: (nb RBs 6.4, nb symbols 10.4)
    UL harq: 5000/0 avg code rate 0.1, avg bit/symbol 2.0, avg per TB: (nb RBs 6.2, nb symbols 12.2)
[0m[NR_RRC] MeasurementReport Encoded 53 bits (7 bytes)
[0m[NR_RRC] MeasurementReport Encoded 53 bits (7 bytes)
[0m[NR_MAC] UE 0 RNTI 4fe0 stats sfn: 384.8, cumulated bad DCI 0
    DL Chan: SSB 0 SINR 45.1 dB RSRP -42 dBm, RI 0 CQI: N/A
    DL harq: 754/0 avg code rate 0.1, avg bit/symbol 2.0, avg per TB: (nb RBs 6.4, nb symbols 10.4)
    UL harq: 5020/0 avg code rate 0.1, avg bit/symbol 2.0, avg per TB: (nb RBs 6.2, nb symbols 12.2)
[0m[NR_RRC] MeasurementReport Encoded 53 bits (7 bytes)
[0m[NR_MAC] UE 0 RNTI 4fe0 stats sfn: 512.8, cumulated bad DCI 0
    DL Chan: SSB 0 SINR 44.1 dB RSRP -42 dBm, RI 0 CQI: N/A
    DL harq: 756/0 avg code rate 0.1, avg bit/symbol 2.0, avg per TB: (nb RBs 6.4, nb symbols 10.4)
    UL harq: 5037/0 avg code rate 0.1, avg bit/symbol 2.0, avg per TB: (nb RBs 6.2, nb symbols 12.2)
[0m[NR_RRC] MeasurementReport Encoded 53 bits (7 bytes)
[0m[NR_MAC] UE 0 RNTI 4fe0 stats sfn: 640.8, cumulated bad DCI 0
    DL Chan: SSB 0 SINR 44.1 dB RSRP -42 dBm, RI 0 CQI: N/A
    DL harq: 759/0 avg code rate 0.1, avg bit/symbol 2.0, avg per TB: (nb RBs 6.4, nb symbols 10.4)
    UL harq: 5053/0 avg code rate 0.1, avg bit/symbol 2.0, avg per TB: (nb RBs 6.1, nb symbols 12.2)
[0m[NR_RRC] MeasurementReport Encoded 53 bits (7 bytes)
[0m[NR_MAC] UE 0 RNTI 4fe0 stats sfn: 768.8, cumulated bad DCI 0
    DL Chan: SSB 0 SINR 43.3 dB RSRP -42 dBm, RI 0 CQI: N/A
    DL harq: 761/0 avg code rate 0.1, avg bit/symbol 2.0, avg per TB: (nb RBs 6.4, nb symbols 10.4)
    UL harq: 5070/0 avg code rate 0.1, avg bit/symbol 2.0, avg per TB: (nb RBs 6.1, nb symbols 12.2)
[0m[NR_RRC] MeasurementReport Encoded 53 bits (7 bytes)
[0m[NR_RRC] MeasurementReport Encoded 53 bits (7 bytes)
[0m[NR_MAC] UE 0 RNTI 4fe0 stats sfn: 896.8, cumulated bad DCI 0
    DL Chan: SSB 0 SINR 43.3 dB RSRP -42 dBm, RI 0 CQI: N/A
    DL harq: 764/0 avg code rate 0.1, avg bit/symbol 2.0, avg per TB: (nb RBs 6.4, nb symbols 10.4)
    UL harq: 5090/0 avg code rate 0.1, avg bit/symbol 2.0, avg per TB: (nb RBs 6.1, nb symbols 12.2)
[0m[NR_RRC] MeasurementReport Encoded 53 bits (7 bytes)
[0m[NR_MAC] UE 0 RNTI 4fe0 stats sfn: 0.8, cumulated bad DCI 0
    DL Chan: SSB 0 SINR 42.6 dB RSRP -42 dBm, RI 0 CQI: N/A
    DL harq: 767/0 avg code rate 0.1, avg bit/symbol 2.0, avg per TB: (nb RBs 6.4, nb symbols 10.4)
    UL harq: 5105/0 avg code rate 0.1, avg bit/symbol 2.0, avg per TB: (nb RBs 6.1, nb symbols 12.2)
[0m[NR_RRC] MeasurementReport Encoded 53 bits (7 bytes)
[0m[NR_MAC] UE 0 RNTI 4fe0 stats sfn: 128.8, cumulated bad DCI 0
    DL Chan: SSB 0 SINR 42.6 dB RSRP -42 dBm, RI 0 CQI: N/A
    DL harq: 769/0 avg code rate 0.1, avg bit/symbol 2.0, avg per TB: (nb RBs 6.4, nb symbols 10.4)
    UL harq: 5122/0 avg code rate 0.1, avg bit/symbol 2.0, avg per TB: (nb RBs 6.1, nb symbols 12.2)
[0m[NR_RRC] MeasurementReport Encoded 53 bits (7 bytes)
[0m[NR_MAC] UE 0 RNTI 4fe0 stats sfn: 256.8, cumulated bad DCI 0
    DL Chan: SSB 0 SINR 44.1 dB RSRP -42 dBm, RI 0 CQI: N/A
    DL harq: 771/0 avg code rate 0.1, avg bit/symbol 2.0, avg per TB: (nb RBs 6.4, nb symbols 10.4)
    UL harq: 5137/0 avg code rate 0.1, avg bit/symbol 2.0, avg per TB: (nb RBs 6.1, nb symbols 12.2)
[0m[NR_RRC] MeasurementReport Encoded 53 bits (7 bytes)
[0m[NR_RRC] MeasurementReport Encoded 53 bits (7 bytes)
[0m[NR_MAC] UE 0 RNTI 4fe0 stats sfn: 384.8, cumulated bad DCI 0
    DL Chan: SSB 0 SINR 44.1 dB RSRP -42 dBm, RI 0 CQI: N/A
    DL harq: 774/0 avg code rate 0.1, avg bit/symbol 2.0, avg per TB: (nb RBs 6.4, nb symbols 10.4)
    UL harq: 5158/0 avg code rate 0.1, avg bit/symbol 2.0, avg per TB: (nb RBs 6.1, nb symbols 12.2)
[0m[NR_RRC] MeasurementReport Encoded 53 bits (7 bytes)
[0m[NR_MAC] UE 0 RNTI 4fe0 stats sfn: 512.8, cumulated bad DCI 0
    DL Chan: SSB 0 SINR 42.6 dB RSRP -42 dBm, RI 0 CQI: N/A
    DL harq: 777/0 avg code rate 0.1, avg bit/symbol 2.0, avg per TB: (nb RBs 6.4, nb symbols 10.4)
    UL harq: 5174/0 avg code rate 0.1, avg bit/symbol 2.0, avg per TB: (nb RBs 6.1, nb symbols 12.2)
[0m[NR_RRC] MeasurementReport Encoded 53 bits (7 bytes)
[0m[NR_MAC] UE 0 RNTI 4fe0 stats sfn: 640.8, cumulated bad DCI 0
    DL Chan: SSB 0 SINR 42.6 dB RSRP -42 dBm, RI 0 CQI: N/A
    DL harq: 779/0 avg code rate 0.1, avg bit/symbol 2.0, avg per TB: (nb RBs 6.4, nb symbols 10.4)
    UL harq: 5190/0 avg code rate 0.1, avg bit/symbol 2.0, avg per TB: (nb RBs 6.1, nb symbols 12.2)
[0m[NR_RRC] MeasurementReport Encoded 53 bits (7 bytes)
[0m[NR_MAC] UE 0 RNTI 4fe0 stats sfn: 768.8, cumulated bad DCI 0
    DL Chan: SSB 0 SINR 43.3 dB RSRP -42 dBm, RI 0 CQI: N/A
    DL harq: 781/0 avg code rate 0.1, avg bit/symbol 2.0, avg per TB: (nb RBs 6.4, nb symbols 10.4)
    UL harq: 5206/0 avg code rate 0.1, avg bit/symbol 2.0, avg per TB: (nb RBs 6.1, nb symbols 12.2)
[0m[NR_RRC] MeasurementReport Encoded 53 bits (7 bytes)
[0m[NR_RRC] MeasurementReport Encoded 53 bits (7 bytes)
[0m[NR_MAC] UE 0 RNTI 4fe0 stats sfn: 896.8, cumulated bad DCI 0
    DL Chan: SSB 0 SINR 44.1 dB RSRP -42 dBm, RI 0 CQI: N/A
    DL harq: 783/0 avg code rate 0.1, avg bit/symbol 2.0, avg per TB: (nb RBs 6.4, nb symbols 10.4)
    UL harq: 5222/0 avg code rate 0.1, avg bit/symbol 2.0, avg per TB: (nb RBs 6.1, nb symbols 12.2)
[0m[NR_RRC] MeasurementReport Encoded 53 bits (7 bytes)
[0m[NR_MAC] UE 0 RNTI 4fe0 stats sfn: 0.8, cumulated bad DCI 0
    DL Chan: SSB 0 SINR 44.1 dB RSRP -42 dBm, RI 0 CQI: N/A
    DL harq: 787/0 avg code rate 0.1, avg bit/symbol 2.0, avg per TB: (nb RBs 6.4, nb symbols 10.4)
    UL harq: 5242/0 avg code rate 0.1, avg bit/symbol 2.0, avg per TB: (nb RBs 6.1, nb symbols 12.2)
[0m[NR_RRC] MeasurementReport Encoded 53 bits (7 bytes)
[0m[NR_MAC] UE 0 RNTI 4fe0 stats sfn: 128.8, cumulated bad DCI 0
    DL Chan: SSB 0 SINR 45.1 dB RSRP -42 dBm, RI 0 CQI: N/A
    DL harq: 789/0 avg code rate 0.1, avg bit/symbol 2.0, avg per TB: (nb RBs 6.4, nb symbols 10.4)
    UL harq: 5258/0 avg code rate 0.1, avg bit/symbol 2.0, avg per TB: (nb RBs 6.1, nb symbols 12.2)
[0m[NR_RRC] MeasurementReport Encoded 53 bits (7 bytes)
[0m[NR_MAC] UE 0 RNTI 4fe0 stats sfn: 256.8, cumulated bad DCI 0
    DL Chan: SSB 0 SINR 45.1 dB RSRP -42 dBm, RI 0 CQI: N/A
    DL harq: 791/0 avg code rate 0.1, avg bit/symbol 2.0, avg per TB: (nb RBs 6.4, nb symbols 10.4)
    UL harq: 5274/0 avg code rate 0.1, avg bit/symbol 2.0, avg per TB: (nb RBs 6.1, nb symbols 12.2)
[0m[NR_RRC] MeasurementReport Encoded 53 bits (7 bytes)
[0m[NR_MAC] UE 0 RNTI 4fe0 stats sfn: 384.8, cumulated bad DCI 0
    DL Chan: SSB 0 SINR 45.1 dB RSRP -42 dBm, RI 0 CQI: N/A
    DL harq: 794/0 avg code rate 0.1, avg bit/symbol 2.0, avg per TB: (nb RBs 6.4, nb symbols 10.4)
    UL harq: 5290/0 avg code rate 0.1, avg bit/symbol 2.0, avg per TB: (nb RBs 6.1, nb symbols 12.2)
[0m[NR_RRC] MeasurementReport Encoded 53 bits (7 bytes)
[0m[NR_RRC] MeasurementReport Encoded 53 bits (7 bytes)
[0m[NR_MAC] UE 0 RNTI 4fe0 stats sfn: 512.8, cumulated bad DCI 0
    DL Chan: SSB 0 SINR 44.1 dB RSRP -42 dBm, RI 0 CQI: N/A
    DL harq: 797/0 avg code rate 0.1, avg bit/symbol 2.0, avg per TB: (nb RBs 6.4, nb symbols 10.4)
    UL harq: 5311/0 avg code rate 0.1, avg bit/symbol 2.0, avg per TB: (nb RBs 6.1, nb symbols 12.2)
[0m[NR_RRC] MeasurementReport Encoded 53 bits (7 bytes)
[0m[NR_MAC] UE 0 RNTI 4fe0 stats sfn: 640.8, cumulated bad DCI 0
    DL Chan: SSB 0 SINR 44.1 dB RSRP -42 dBm, RI 0 CQI: N/A
    DL harq: 799/0 avg code rate 0.1, avg bit/symbol 2.0, avg per TB: (nb RBs 6.4, nb symbols 10.4)
    UL harq: 5326/0 avg code rate 0.1, avg bit/symbol 2.0, avg per TB: (nb RBs 6.1, nb symbols 12.2)
[0m[NR_RRC] MeasurementReport Encoded 53 bits (7 bytes)
[0m[NR_MAC] UE 0 RNTI 4fe0 stats sfn: 768.8, cumulated bad DCI 0
    DL Chan: SSB 0 SINR 43.3 dB RSRP -42 dBm, RI 0 CQI: N/A
    DL harq: 801/0 avg code rate 0.1, avg bit/symbol 2.0, avg per TB: (nb RBs 6.4, nb symbols 10.4)
    UL harq: 5343/0 avg code rate 0.1, avg bit/symbol 2.0, avg per TB: (nb RBs 6.1, nb symbols 12.2)
[0m[NR_RRC] MeasurementReport Encoded 53 bits (7 bytes)
[0m[NR_MAC] UE 0 RNTI 4fe0 stats sfn: 896.8, cumulated bad DCI 0
    DL Chan: SSB 0 SINR 44.1 dB RSRP -42 dBm, RI 0 CQI: N/A
    DL harq: 804/0 avg code rate 0.1, avg bit/symbol 2.0, avg per TB: (nb RBs 6.4, nb symbols 10.4)
    UL harq: 5358/0 avg code rate 0.1, avg bit/symbol 2.0, avg per TB: (nb RBs 6.1, nb symbols 12.2)
[0m[NR_RRC] MeasurementReport Encoded 53 bits (7 bytes)
[0m[NR_RRC] MeasurementReport Encoded 53 bits (7 bytes)
[0m[NR_MAC] UE 0 RNTI 4fe0 stats sfn: 0.8, cumulated bad DCI 0
    DL Chan: SSB 0 SINR 43.3 dB RSRP -42 dBm, RI 0 CQI: N/A
    DL harq: 807/0 avg code rate 0.1, avg bit/symbol 2.0, avg per TB: (nb RBs 6.4, nb symbols 10.4)
    UL harq: 5378/0 avg code rate 0.1, avg bit/symbol 2.0, avg per TB: (nb RBs 6.1, nb symbols 12.2)
[0m[NR_RRC] MeasurementReport Encoded 53 bits (7 bytes)
[0m[NR_MAC] UE 0 RNTI 4fe0 stats sfn: 128.8, cumulated bad DCI 0
    DL Chan: SSB 0 SINR 44.1 dB RSRP -42 dBm, RI 0 CQI: N/A
    DL harq: 809/0 avg code rate 0.1, avg bit/symbol 2.0, avg per TB: (nb RBs 6.4, nb symbols 10.4)
    UL harq: 5395/0 avg code rate 0.1, avg bit/symbol 2.0, avg per TB: (nb RBs 6.1, nb symbols 12.2)
[0m[NR_RRC] MeasurementReport Encoded 53 bits (7 bytes)
[0m[NR_MAC] UE 0 RNTI 4fe0 stats sfn: 256.8, cumulated bad DCI 0
    DL Chan: SSB 0 SINR 45.1 dB RSRP -42 dBm, RI 0 CQI: N/A
    DL harq: 812/0 avg code rate 0.1, avg bit/symbol 2.0, avg per TB: (nb RBs 6.4, nb symbols 10.4)
    UL harq: 5411/0 avg code rate 0.1, avg bit/symbol 2.0, avg per TB: (nb RBs 6.1, nb symbols 12.2)
[0m[NR_RRC] MeasurementReport Encoded 53 bits (7 bytes)
[0m[NR_MAC] UE 0 RNTI 4fe0 stats sfn: 384.8, cumulated bad DCI 0
    DL Chan: SSB 0 SINR 43.3 dB RSRP -42 dBm, RI 0 CQI: N/A
    DL harq: 814/0 avg code rate 0.1, avg bit/symbol 2.0, avg per TB: (nb RBs 6.4, nb symbols 10.4)
    UL harq: 5428/0 avg code rate 0.1, avg bit/symbol 2.0, avg per TB: (nb RBs 6.1, nb symbols 12.2)
[0m[NR_RRC] MeasurementReport Encoded 53 bits (7 bytes)
[0m[NR_RRC] MeasurementReport Encoded 53 bits (7 bytes)
[0m[NR_MAC] UE 0 RNTI 4fe0 stats sfn: 512.8, cumulated bad DCI 0
    DL Chan: SSB 0 SINR 45.1 dB RSRP -42 dBm, RI 0 CQI: N/A
    DL harq: 817/0 avg code rate 0.1, avg bit/symbol 2.0, avg per TB: (nb RBs 6.4, nb symbols 10.4)
    UL harq: 5447/0 avg code rate 0.1, avg bit/symbol 2.0, avg per TB: (nb RBs 6.1, nb symbols 12.2)
[0m[NR_RRC] MeasurementReport Encoded 53 bits (7 bytes)
[0m[NR_MAC] UE 0 RNTI 4fe0 stats sfn: 640.8, cumulated bad DCI 0
    DL Chan: SSB 0 SINR 44.1 dB RSRP -42 dBm, RI 0 CQI: N/A
    DL harq: 819/0 avg code rate 0.1, avg bit/symbol 2.0, avg per TB: (nb RBs 6.4, nb symbols 10.4)
    UL harq: 5462/0 avg code rate 0.1, avg bit/symbol 2.0, avg per TB: (nb RBs 6.1, nb symbols 12.2)
[0m[NR_RRC] MeasurementReport Encoded 53 bits (7 bytes)
[0m[NR_MAC] UE 0 RNTI 4fe0 stats sfn: 768.8, cumulated bad DCI 0
    DL Chan: SSB 0 SINR 44.1 dB RSRP -42 dBm, RI 0 CQI: N/A
    DL harq: 822/0 avg code rate 0.1, avg bit/symbol 2.0, avg per TB: (nb RBs 6.4, nb symbols 10.4)
    UL harq: 5479/0 avg code rate 0.1, avg bit/symbol 2.0, avg per TB: (nb RBs 6.1, nb symbols 12.2)
[0m[NR_RRC] MeasurementReport Encoded 53 bits (7 bytes)
[0m[NR_MAC] UE 0 RNTI 4fe0 stats sfn: 896.8, cumulated bad DCI 0
    DL Chan: SSB 0 SINR 42.1 dB RSRP -42 dBm, RI 0 CQI: N/A
    DL harq: 824/0 avg code rate 0.1, avg bit/symbol 2.0, avg per TB: (nb RBs 6.4, nb symbols 10.4)
    UL harq: 5494/0 avg code rate 0.1, avg bit/symbol 2.0, avg per TB: (nb RBs 6.1, nb symbols 12.2)
[0m[NR_RRC] MeasurementReport Encoded 53 bits (7 bytes)
[0m[NR_RRC] MeasurementReport Encoded 53 bits (7 bytes)
[0m[NR_MAC] UE 0 RNTI 4fe0 stats sfn: 0.8, cumulated bad DCI 0
    DL Chan: SSB 0 SINR 43.3 dB RSRP -42 dBm, RI 0 CQI: N/A
    DL harq: 827/0 avg code rate 0.1, avg bit/symbol 2.0, avg per TB: (nb RBs 6.4, nb symbols 10.4)
    UL harq: 5515/0 avg code rate 0.1, avg bit/symbol 2.0, avg per TB: (nb RBs 6.1, nb symbols 12.2)
[0m[NR_RRC] MeasurementReport Encoded 53 bits (7 bytes)
[0m[NR_MAC] UE 0 RNTI 4fe0 stats sfn: 128.8, cumulated bad DCI 0
    DL Chan: SSB 0 SINR 45.1 dB RSRP -42 dBm, RI 0 CQI: N/A
    DL harq: 830/0 avg code rate 0.1, avg bit/symbol 2.0, avg per TB: (nb RBs 6.4, nb symbols 10.4)
    UL harq: 5531/0 avg code rate 0.1, avg bit/symbol 2.0, avg per TB: (nb RBs 6.1, nb symbols 12.2)
[0m[NR_RRC] MeasurementReport Encoded 53 bits (7 bytes)
[0m[NR_MAC] UE 0 RNTI 4fe0 stats sfn: 256.8, cumulated bad DCI 0
    DL Chan: SSB 0 SINR 44.1 dB RSRP -42 dBm, RI 0 CQI: N/A
    DL harq: 832/0 avg code rate 0.1, avg bit/symbol 2.0, avg per TB: (nb RBs 6.4, nb symbols 10.4)
    UL harq: 5547/0 avg code rate 0.1, avg bit/symbol 2.0, avg per TB: (nb RBs 6.1, nb symbols 12.2)
[0m[NR_RRC] MeasurementReport Encoded 53 bits (7 bytes)
[0m[NR_MAC] UE 0 RNTI 4fe0 stats sfn: 384.8, cumulated bad DCI 0
    DL Chan: SSB 0 SINR 43.3 dB RSRP -42 dBm, RI 0 CQI: N/A
    DL harq: 834/0 avg code rate 0.1, avg bit/symbol 2.0, avg per TB: (nb RBs 6.4, nb symbols 10.4)
    UL harq: 5563/0 avg code rate 0.1, avg bit/symbol 2.0, avg per TB: (nb RBs 6.1, nb symbols 12.2)
[0m[NR_RRC] MeasurementReport Encoded 53 bits (7 bytes)
[0m[NR_RRC] MeasurementReport Encoded 53 bits (7 bytes)
[0m[NR_MAC] UE 0 RNTI 4fe0 stats sfn: 512.8, cumulated bad DCI 0
    DL Chan: SSB 0 SINR 43.3 dB RSRP -42 dBm, RI 0 CQI: N/A
    DL harq: 837/0 avg code rate 0.1, avg bit/symbol 2.0, avg per TB: (nb RBs 6.4, nb symbols 10.4)
    UL harq: 5582/0 avg code rate 0.1, avg bit/symbol 2.0, avg per TB: (nb RBs 6.1, nb symbols 12.2)
[0m[NR_RRC] MeasurementReport Encoded 53 bits (7 bytes)
[0m[NR_MAC] UE 0 RNTI 4fe0 stats sfn: 640.8, cumulated bad DCI 0
    DL Chan: SSB 0 SINR 44.1 dB RSRP -42 dBm, RI 0 CQI: N/A
    DL harq: 840/0 avg code rate 0.1, avg bit/symbol 2.0, avg per TB: (nb RBs 6.4, nb symbols 10.4)
    UL harq: 5599/0 avg code rate 0.1, avg bit/symbol 2.0, avg per TB: (nb RBs 6.1, nb symbols 12.2)
[0m[NR_RRC] MeasurementReport Encoded 53 bits (7 bytes)
[0m[NR_MAC] UE 0 RNTI 4fe0 stats sfn: 768.8, cumulated bad DCI 0
    DL Chan: SSB 0 SINR 44.1 dB RSRP -42 dBm, RI 0 CQI: N/A
    DL harq: 842/0 avg code rate 0.1, avg bit/symbol 2.0, avg per TB: (nb RBs 6.4, nb symbols 10.4)
    UL harq: 5615/0 avg code rate 0.1, avg bit/symbol 2.0, avg per TB: (nb RBs 6.1, nb symbols 12.2)
[0m[NR_RRC] MeasurementReport Encoded 53 bits (7 bytes)
[0m[NR_MAC] UE 0 RNTI 4fe0 stats sfn: 896.8, cumulated bad DCI 0
    DL Chan: SSB 0 SINR 45.1 dB RSRP -42 dBm, RI 0 CQI: N/A
    DL harq: 844/0 avg code rate 0.1, avg bit/symbol 2.0, avg per TB: (nb RBs 6.4, nb symbols 10.4)
    UL harq: 5631/0 avg code rate 0.1, avg bit/symbol 2.0, avg per TB: (nb RBs 6.1, nb symbols 12.2)
[0m[NR_RRC] MeasurementReport Encoded 53 bits (7 bytes)
[0m[NR_RRC] MeasurementReport Encoded 53 bits (7 bytes)
[0m[NR_MAC] UE 0 RNTI 4fe0 stats sfn: 0.8, cumulated bad DCI 0
    DL Chan: SSB 0 SINR 44.1 dB RSRP -42 dBm, RI 0 CQI: N/A
    DL harq: 847/0 avg code rate 0.1, avg bit/symbol 2.0, avg per TB: (nb RBs 6.4, nb symbols 10.4)
    UL harq: 5650/0 avg code rate 0.1, avg bit/symbol 2.0, avg per TB: (nb RBs 6.1, nb symbols 12.2)
[0m[NR_RRC] MeasurementReport Encoded 53 bits (7 bytes)
[0m[NR_MAC] UE 0 RNTI 4fe0 stats sfn: 128.8, cumulated bad DCI 0
    DL Chan: SSB 0 SINR 44.1 dB RSRP -42 dBm, RI 0 CQI: N/A
    DL harq: 850/0 avg code rate 0.1, avg bit/symbol 2.0, avg per TB: (nb RBs 6.4, nb symbols 10.4)
    UL harq: 5667/0 avg code rate 0.1, avg bit/symbol 2.0, avg per TB: (nb RBs 6.1, nb symbols 12.2)
[0m[NR_RRC] MeasurementReport Encoded 53 bits (7 bytes)
[0m[NR_MAC] UE 0 RNTI 4fe0 stats sfn: 256.8, cumulated bad DCI 0
    DL Chan: SSB 0 SINR 44.1 dB RSRP -42 dBm, RI 0 CQI: N/A
    DL harq: 852/0 avg code rate 0.1, avg bit/symbol 2.0, avg per TB: (nb RBs 6.4, nb symbols 10.4)
    UL harq: 5683/0 avg code rate 0.1, avg bit/symbol 2.0, avg per TB: (nb RBs 6.1, nb symbols 12.2)
[0m[NR_RRC] MeasurementReport Encoded 53 bits (7 bytes)
[0m[NR_MAC] UE 0 RNTI 4fe0 stats sfn: 384.8, cumulated bad DCI 0
    DL Chan: SSB 0 SINR 44.1 dB RSRP -42 dBm, RI 0 CQI: N/A
    DL harq: 854/0 avg code rate 0.1, avg bit/symbol 2.0, avg per TB: (nb RBs 6.4, nb symbols 10.4)
    UL harq: 5700/0 avg code rate 0.1, avg bit/symbol 2.0, avg per TB: (nb RBs 6.1, nb symbols 12.2)
[0m[NR_RRC] MeasurementReport Encoded 53 bits (7 bytes)
[0m[NR_RRC] MeasurementReport Encoded 53 bits (7 bytes)
[0m[NR_MAC] UE 0 RNTI 4fe0 stats sfn: 512.8, cumulated bad DCI 0
    DL Chan: SSB 0 SINR 45.1 dB RSRP -42 dBm, RI 0 CQI: N/A
    DL harq: 858/0 avg code rate 0.1, avg bit/symbol 2.0, avg per TB: (nb RBs 6.4, nb symbols 10.4)
    UL harq: 5719/0 avg code rate 0.1, avg bit/symbol 2.0, avg per TB: (nb RBs 6.1, nb symbols 12.2)
[0m[NR_RRC] MeasurementReport Encoded 53 bits (7 bytes)
[0m[NR_MAC] UE 0 RNTI 4fe0 stats sfn: 640.8, cumulated bad DCI 0
    DL Chan: SSB 0 SINR 45.1 dB RSRP -42 dBm, RI 0 CQI: N/A
    DL harq: 860/0 avg code rate 0.1, avg bit/symbol 2.0, avg per TB: (nb RBs 6.4, nb symbols 10.4)
    UL harq: 5734/0 avg code rate 0.1, avg bit/symbol 2.0, avg per TB: (nb RBs 6.1, nb symbols 12.2)
[0m[NR_RRC] MeasurementReport Encoded 53 bits (7 bytes)
[0m[NR_MAC] UE 0 RNTI 4fe0 stats sfn: 768.8, cumulated bad DCI 0
    DL Chan: SSB 0 SINR 44.1 dB RSRP -42 dBm, RI 0 CQI: N/A
    DL harq: 862/0 avg code rate 0.1, avg bit/symbol 2.0, avg per TB: (nb RBs 6.4, nb symbols 10.4)
    UL harq: 5751/0 avg code rate 0.1, avg bit/symbol 2.0, avg per TB: (nb RBs 6.1, nb symbols 12.2)
[0m[NR_RRC] MeasurementReport Encoded 53 bits (7 bytes)
[0m[NR_MAC] UE 0 RNTI 4fe0 stats sfn: 896.8, cumulated bad DCI 0
    DL Chan: SSB 0 SINR 45.1 dB RSRP -42 dBm, RI 0 CQI: N/A
    DL harq: 864/0 avg code rate 0.1, avg bit/symbol 2.0, avg per TB: (nb RBs 6.4, nb symbols 10.4)
    UL harq: 5767/0 avg code rate 0.1, avg bit/symbol 2.0, avg per TB: (nb RBs 6.1, nb symbols 12.2)
[0m[NR_RRC] MeasurementReport Encoded 53 bits (7 bytes)
[0m[NR_RRC] MeasurementReport Encoded 53 bits (7 bytes)
[0m[NR_MAC] UE 0 RNTI 4fe0 stats sfn: 0.8, cumulated bad DCI 0
    DL Chan: SSB 0 SINR 43.3 dB RSRP -42 dBm, RI 0 CQI: N/A
    DL harq: 867/0 avg code rate 0.1, avg bit/symbol 2.0, avg per TB: (nb RBs 6.4, nb symbols 10.4)
    UL harq: 5785/0 avg code rate 0.1, avg bit/symbol 2.0, avg per TB: (nb RBs 6.1, nb symbols 12.2)
[0m[NR_RRC] MeasurementReport Encoded 53 bits (7 bytes)
[0m[NR_MAC] UE 0 RNTI 4fe0 stats sfn: 128.8, cumulated bad DCI 0
    DL Chan: SSB 0 SINR 43.3 dB RSRP -42 dBm, RI 0 CQI: N/A
    DL harq: 870/0 avg code rate 0.1, avg bit/symbol 2.0, avg per TB: (nb RBs 6.4, nb symbols 10.4)
    UL harq: 5804/0 avg code rate 0.1, avg bit/symbol 2.0, avg per TB: (nb RBs 6.1, nb symbols 12.2)
[0m[NR_RRC] MeasurementReport Encoded 53 bits (7 bytes)
[0m[NR_MAC] UE 0 RNTI 4fe0 stats sfn: 256.8, cumulated bad DCI 0
    DL Chan: SSB 0 SINR 44.1 dB RSRP -42 dBm, RI 0 CQI: N/A
    DL harq: 872/0 avg code rate 0.1, avg bit/symbol 2.0, avg per TB: (nb RBs 6.4, nb symbols 10.4)
    UL harq: 5819/0 avg code rate 0.1, avg bit/symbol 2.0, avg per TB: (nb RBs 6.1, nb symbols 12.2)
[0m[NR_RRC] MeasurementReport Encoded 53 bits (7 bytes)
[0m[NR_MAC] UE 0 RNTI 4fe0 stats sfn: 384.8, cumulated bad DCI 0
    DL Chan: SSB 0 SINR 45.1 dB RSRP -42 dBm, RI 0 CQI: N/A
    DL harq: 875/0 avg code rate 0.1, avg bit/symbol 2.0, avg per TB: (nb RBs 6.4, nb symbols 10.4)
    UL harq: 5836/0 avg code rate 0.1, avg bit/symbol 2.0, avg per TB: (nb RBs 6.1, nb symbols 12.2)
[0m[NR_RRC] MeasurementReport Encoded 53 bits (7 bytes)
[0m[NR_MAC] UE 0 RNTI 4fe0 stats sfn: 512.8, cumulated bad DCI 0
    DL Chan: SSB 0 SINR 46.3 dB RSRP -42 dBm, RI 0 CQI: N/A
    DL harq: 877/0 avg code rate 0.1, avg bit/symbol 2.0, avg per TB: (nb RBs 6.4, nb symbols 10.4)
    UL harq: 5852/0 avg code rate 0.1, avg bit/symbol 2.0, avg per TB: (nb RBs 6.1, nb symbols 12.2)
[0m[NR_RRC] MeasurementReport Encoded 53 bits (7 bytes)
[0m[NR_RRC] MeasurementReport Encoded 53 bits (7 bytes)
[0m[NR_MAC] UE 0 RNTI 4fe0 stats sfn: 640.8, cumulated bad DCI 0
    DL Chan: SSB 0 SINR 45.1 dB RSRP -42 dBm, RI 0 CQI: N/A
    DL harq: 880/0 avg code rate 0.1, avg bit/symbol 2.0, avg per TB: (nb RBs 6.4, nb symbols 10.4)
    UL harq: 5872/0 avg code rate 0.1, avg bit/symbol 2.0, avg per TB: (nb RBs 6.1, nb symbols 12.2)
[0m[NR_RRC] MeasurementReport Encoded 53 bits (7 bytes)
[0m[NR_MAC] UE 0 RNTI 4fe0 stats sfn: 768.8, cumulated bad DCI 0
    DL Chan: SSB 0 SINR 44.1 dB RSRP -42 dBm, RI 0 CQI: N/A
    DL harq: 882/0 avg code rate 0.1, avg bit/symbol 2.0, avg per TB: (nb RBs 6.4, nb symbols 10.4)
    UL harq: 5888/0 avg code rate 0.1, avg bit/symbol 2.0, avg per TB: (nb RBs 6.1, nb symbols 12.2)
[0m[NR_RRC] MeasurementReport Encoded 53 bits (7 bytes)
[0m[NR_MAC] UE 0 RNTI 4fe0 stats sfn: 896.8, cumulated bad DCI 0
    DL Chan: SSB 0 SINR 43.3 dB RSRP -42 dBm, RI 0 CQI: N/A
    DL harq: 885/0 avg code rate 0.1, avg bit/symbol 2.0, avg per TB: (nb RBs 6.4, nb symbols 10.4)
    UL harq: 5904/0 avg code rate 0.1, avg bit/symbol 2.0, avg per TB: (nb RBs 6.1, nb symbols 12.2)
[0m[NR_RRC] MeasurementReport Encoded 53 bits (7 bytes)
[0m[NR_MAC] UE 0 RNTI 4fe0 stats sfn: 0.8, cumulated bad DCI 0
    DL Chan: SSB 0 SINR 44.1 dB RSRP -42 dBm, RI 0 CQI: N/A
    DL harq: 887/0 avg code rate 0.1, avg bit/symbol 2.0, avg per TB: (nb RBs 6.4, nb symbols 10.4)
    UL harq: 5920/0 avg code rate 0.1, avg bit/symbol 2.0, avg per TB: (nb RBs 6.1, nb symbols 12.2)
[0m[NR_RRC] MeasurementReport Encoded 53 bits (7 bytes)
[0m[NR_RRC] MeasurementReport Encoded 53 bits (7 bytes)
[0m[NR_MAC] UE 0 RNTI 4fe0 stats sfn: 128.8, cumulated bad DCI 0
    DL Chan: SSB 0 SINR 45.1 dB RSRP -42 dBm, RI 0 CQI: N/A
    DL harq: 890/0 avg code rate 0.1, avg bit/symbol 2.0, avg per TB: (nb RBs 6.4, nb symbols 10.4)
    UL harq: 5940/0 avg code rate 0.1, avg bit/symbol 2.0, avg per TB: (nb RBs 6.1, nb symbols 12.2)
[0m[NR_RRC] MeasurementReport Encoded 53 bits (7 bytes)
[0m[NR_MAC] UE 0 RNTI 4fe0 stats sfn: 256.8, cumulated bad DCI 0
    DL Chan: SSB 0 SINR 43.3 dB RSRP -42 dBm, RI 0 CQI: N/A
    DL harq: 893/0 avg code rate 0.1, avg bit/symbol 2.0, avg per TB: (nb RBs 6.4, nb symbols 10.4)
    UL harq: 5956/0 avg code rate 0.1, avg bit/symbol 2.0, avg per TB: (nb RBs 6.1, nb symbols 12.2)
[0m[NR_RRC] MeasurementReport Encoded 53 bits (7 bytes)
[0m[NR_MAC] UE 0 RNTI 4fe0 stats sfn: 384.8, cumulated bad DCI 0
    DL Chan: SSB 0 SINR 44.1 dB RSRP -42 dBm, RI 0 CQI: N/A
    DL harq: 895/0 avg code rate 0.1, avg bit/symbol 2.0, avg per TB: (nb RBs 6.4, nb symbols 10.4)
    UL harq: 5972/0 avg code rate 0.1, avg bit/symbol 2.0, avg per TB: (nb RBs 6.1, nb symbols 12.2)
[0m[NR_RRC] MeasurementReport Encoded 53 bits (7 bytes)
[0m[NR_MAC] UE 0 RNTI 4fe0 stats sfn: 512.8, cumulated bad DCI 0
    DL Chan: SSB 0 SINR 44.1 dB RSRP -42 dBm, RI 0 CQI: N/A
    DL harq: 897/0 avg code rate 0.1, avg bit/symbol 2.0, avg per TB: (nb RBs 6.4, nb symbols 10.4)
    UL harq: 5988/0 avg code rate 0.1, avg bit/symbol 2.0, avg per TB: (nb RBs 6.1, nb symbols 12.2)
[0m[NR_RRC] MeasurementReport Encoded 53 bits (7 bytes)
[0m[NR_RRC] MeasurementReport Encoded 53 bits (7 bytes)
[0m[NR_MAC] UE 0 RNTI 4fe0 stats sfn: 640.8, cumulated bad DCI 0
    DL Chan: SSB 0 SINR 44.1 dB RSRP -42 dBm, RI 0 CQI: N/A
    DL harq: 900/0 avg code rate 0.1, avg bit/symbol 2.0, avg per TB: (nb RBs 6.4, nb symbols 10.4)
    UL harq: 6008/0 avg code rate 0.1, avg bit/symbol 2.0, avg per TB: (nb RBs 6.1, nb symbols 12.2)
[0m[NR_RRC] MeasurementReport Encoded 53 bits (7 bytes)
[0m[NR_MAC] UE 0 RNTI 4fe0 stats sfn: 768.8, cumulated bad DCI 0
    DL Chan: SSB 0 SINR 43.3 dB RSRP -42 dBm, RI 0 CQI: N/A
    DL harq: 903/0 avg code rate 0.1, avg bit/symbol 2.0, avg per TB: (nb RBs 6.4, nb symbols 10.4)
    UL harq: 6024/0 avg code rate 0.1, avg bit/symbol 2.0, avg per TB: (nb RBs 6.1, nb symbols 12.2)
[0m[NR_RRC] MeasurementReport Encoded 53 bits (7 bytes)
[0m[NR_MAC] UE 0 RNTI 4fe0 stats sfn: 896.8, cumulated bad DCI 0
    DL Chan: SSB 0 SINR 42.1 dB RSRP -42 dBm, RI 0 CQI: N/A
    DL harq: 905/0 avg code rate 0.1, avg bit/symbol 2.0, avg per TB: (nb RBs 6.4, nb symbols 10.4)
    UL harq: 6039/0 avg code rate 0.1, avg bit/symbol 2.0, avg per TB: (nb RBs 6.1, nb symbols 12.2)
[0m[NR_RRC] MeasurementReport Encoded 53 bits (7 bytes)
[0m[NR_MAC] UE 0 RNTI 4fe0 stats sfn: 0.8, cumulated bad DCI 0
    DL Chan: SSB 0 SINR 44.1 dB RSRP -42 dBm, RI 0 CQI: N/A
    DL harq: 907/0 avg code rate 0.1, avg bit/symbol 2.0, avg per TB: (nb RBs 6.4, nb symbols 10.4)
    UL harq: 6056/0 avg code rate 0.1, avg bit/symbol 2.0, avg per TB: (nb RBs 6.1, nb symbols 12.2)
[0m[NR_RRC] MeasurementReport Encoded 53 bits (7 bytes)
[0m[NR_RRC] MeasurementReport Encoded 53 bits (7 bytes)
[0m[NR_MAC] UE 0 RNTI 4fe0 stats sfn: 128.8, cumulated bad DCI 0
    DL Chan: SSB 0 SINR 44.1 dB RSRP -42 dBm, RI 0 CQI: N/A
    DL harq: 910/0 avg code rate 0.1, avg bit/symbol 2.0, avg per TB: (nb RBs 6.4, nb symbols 10.4)
    UL harq: 6075/0 avg code rate 0.1, avg bit/symbol 2.0, avg per TB: (nb RBs 6.1, nb symbols 12.2)
[0m[NR_RRC] MeasurementReport Encoded 53 bits (7 bytes)
[0m[NR_MAC] UE 0 RNTI 4fe0 stats sfn: 256.8, cumulated bad DCI 0
    DL Chan: SSB 0 SINR 43.3 dB RSRP -42 dBm, RI 0 CQI: N/A
    DL harq: 913/0 avg code rate 0.1, avg bit/symbol 2.0, avg per TB: (nb RBs 6.4, nb symbols 10.4)
    UL harq: 6090/0 avg code rate 0.1, avg bit/symbol 2.0, avg per TB: (nb RBs 6.1, nb symbols 12.2)
[0m[NR_RRC] MeasurementReport Encoded 53 bits (7 bytes)
[0m[NR_MAC] UE 0 RNTI 4fe0 stats sfn: 384.8, cumulated bad DCI 0
    DL Chan: SSB 0 SINR 44.1 dB RSRP -42 dBm, RI 0 CQI: N/A
    DL harq: 915/0 avg code rate 0.1, avg bit/symbol 2.0, avg per TB: (nb RBs 6.4, nb symbols 10.4)
    UL harq: 6107/0 avg code rate 0.1, avg bit/symbol 2.0, avg per TB: (nb RBs 6.1, nb symbols 12.2)
[0m[NR_RRC] MeasurementReport Encoded 53 bits (7 bytes)
[0m[NR_MAC] UE 0 RNTI 4fe0 stats sfn: 512.8, cumulated bad DCI 0
    DL Chan: SSB 0 SINR 44.1 dB RSRP -42 dBm, RI 0 CQI: N/A
    DL harq: 917/0 avg code rate 0.1, avg bit/symbol 2.0, avg per TB: (nb RBs 6.4, nb symbols 10.4)
    UL harq: 6123/0 avg code rate 0.1, avg bit/symbol 2.0, avg per TB: (nb RBs 6.1, nb symbols 12.2)
[0m[NR_RRC] MeasurementReport Encoded 53 bits (7 bytes)
[0m[NR_RRC] MeasurementReport Encoded 53 bits (7 bytes)
[0m[NR_MAC] UE 0 RNTI 4fe0 stats sfn: 640.8, cumulated bad DCI 0
    DL Chan: SSB 0 SINR 44.1 dB RSRP -42 dBm, RI 0 CQI: N/A
    DL harq: 921/0 avg code rate 0.1, avg bit/symbol 2.0, avg per TB: (nb RBs 6.4, nb symbols 10.4)
    UL harq: 6143/0 avg code rate 0.1, avg bit/symbol 2.0, avg per TB: (nb RBs 6.1, nb symbols 12.2)
[0m[NR_RRC] MeasurementReport Encoded 53 bits (7 bytes)
[0m[NR_MAC] UE 0 RNTI 4fe0 stats sfn: 768.8, cumulated bad DCI 0
    DL Chan: SSB 0 SINR 43.3 dB RSRP -42 dBm, RI 0 CQI: N/A
    DL harq: 923/0 avg code rate 0.1, avg bit/symbol 2.0, avg per TB: (nb RBs 6.4, nb symbols 10.4)
    UL harq: 6160/0 avg code rate 0.1, avg bit/symbol 2.0, avg per TB: (nb RBs 6.1, nb symbols 12.2)
[0m[NR_RRC] MeasurementReport Encoded 53 bits (7 bytes)
[0m[NR_MAC] UE 0 RNTI 4fe0 stats sfn: 896.8, cumulated bad DCI 0
    DL Chan: SSB 0 SINR 44.1 dB RSRP -42 dBm, RI 0 CQI: N/A
    DL harq: 925/0 avg code rate 0.1, avg bit/symbol 2.0, avg per TB: (nb RBs 6.4, nb symbols 10.4)
    UL harq: 6175/0 avg code rate 0.1, avg bit/symbol 2.0, avg per TB: (nb RBs 6.1, nb symbols 12.2)
[0m[NR_RRC] MeasurementReport Encoded 53 bits (7 bytes)
[0m[NR_MAC] UE 0 RNTI 4fe0 stats sfn: 0.8, cumulated bad DCI 0
    DL Chan: SSB 0 SINR 43.3 dB RSRP -42 dBm, RI 0 CQI: N/A
    DL harq: 927/0 avg code rate 0.1, avg bit/symbol 2.0, avg per TB: (nb RBs 6.4, nb symbols 10.4)
    UL harq: 6192/0 avg code rate 0.1, avg bit/symbol 2.0, avg per TB: (nb RBs 6.1, nb symbols 12.2)
[0m[NR_RRC] MeasurementReport Encoded 53 bits (7 bytes)
[0m[NR_RRC] MeasurementReport Encoded 53 bits (7 bytes)
[0m[NR_MAC] UE 0 RNTI 4fe0 stats sfn: 128.8, cumulated bad DCI 0
    DL Chan: SSB 0 SINR 44.1 dB RSRP -42 dBm, RI 0 CQI: N/A
    DL harq: 931/0 avg code rate 0.1, avg bit/symbol 2.0, avg per TB: (nb RBs 6.4, nb symbols 10.5)
    UL harq: 6212/0 avg code rate 0.1, avg bit/symbol 2.0, avg per TB: (nb RBs 6.1, nb symbols 12.2)
[0m[NR_RRC] MeasurementReport Encoded 53 bits (7 bytes)
[0m[NR_MAC] UE 0 RNTI 4fe0 stats sfn: 256.8, cumulated bad DCI 0
    DL Chan: SSB 0 SINR 43.3 dB RSRP -42 dBm, RI 0 CQI: N/A
    DL harq: 933/0 avg code rate 0.1, avg bit/symbol 2.0, avg per TB: (nb RBs 6.4, nb symbols 10.5)
    UL harq: 6228/0 avg code rate 0.1, avg bit/symbol 2.0, avg per TB: (nb RBs 6.1, nb symbols 12.2)
[0m[NR_RRC] MeasurementReport Encoded 53 bits (7 bytes)
[0m[NR_MAC] UE 0 RNTI 4fe0 stats sfn: 384.8, cumulated bad DCI 0
    DL Chan: SSB 0 SINR 43.3 dB RSRP -42 dBm, RI 0 CQI: N/A
    DL harq: 935/0 avg code rate 0.1, avg bit/symbol 2.0, avg per TB: (nb RBs 6.4, nb symbols 10.5)
    UL harq: 6244/0 avg code rate 0.1, avg bit/symbol 2.0, avg per TB: (nb RBs 6.1, nb symbols 12.2)
[0m[NR_RRC] MeasurementReport Encoded 53 bits (7 bytes)
[0m[NR_MAC] UE 0 RNTI 4fe0 stats sfn: 512.8, cumulated bad DCI 0
    DL Chan: SSB 0 SINR 43.3 dB RSRP -42 dBm, RI 0 CQI: N/A
    DL harq: 938/0 avg code rate 0.1, avg bit/symbol 2.0, avg per TB: (nb RBs 6.4, nb symbols 10.5)
    UL harq: 6261/0 avg code rate 0.1, avg bit/symbol 2.0, avg per TB: (nb RBs 6.1, nb symbols 12.2)
[0m[NR_RRC] MeasurementReport Encoded 53 bits (7 bytes)
[0m[NR_RRC] MeasurementReport Encoded 53 bits (7 bytes)
[0m[NR_MAC] UE 0 RNTI 4fe0 stats sfn: 640.8, cumulated bad DCI 0
    DL Chan: SSB 0 SINR 43.3 dB RSRP -42 dBm, RI 0 CQI: N/A
    DL harq: 941/0 avg code rate 0.1, avg bit/symbol 2.0, avg per TB: (nb RBs 6.4, nb symbols 10.5)
    UL harq: 6280/0 avg code rate 0.1, avg bit/symbol 2.0, avg per TB: (nb RBs 6.1, nb symbols 12.2)
[0m[NR_RRC] MeasurementReport Encoded 53 bits (7 bytes)
[0m[NR_MAC] UE 0 RNTI 4fe0 stats sfn: 768.8, cumulated bad DCI 0
    DL Chan: SSB 0 SINR 44.1 dB RSRP -42 dBm, RI 0 CQI: N/A
    DL harq: 943/0 avg code rate 0.1, avg bit/symbol 2.0, avg per TB: (nb RBs 6.4, nb symbols 10.4)
    UL harq: 6296/0 avg code rate 0.1, avg bit/symbol 2.0, avg per TB: (nb RBs 6.1, nb symbols 12.2)
[0m[NR_RRC] MeasurementReport Encoded 53 bits (7 bytes)
[0m[NR_MAC] UE 0 RNTI 4fe0 stats sfn: 896.8, cumulated bad DCI 0
    DL Chan: SSB 0 SINR 44.1 dB RSRP -42 dBm, RI 0 CQI: N/A
    DL harq: 945/0 avg code rate 0.1, avg bit/symbol 2.0, avg per TB: (nb RBs 6.4, nb symbols 10.4)
    UL harq: 6313/0 avg code rate 0.1, avg bit/symbol 2.0, avg per TB: (nb RBs 6.1, nb symbols 12.2)
[0m[NR_RRC] MeasurementReport Encoded 53 bits (7 bytes)
[0m[NR_MAC] UE 0 RNTI 4fe0 stats sfn: 0.8, cumulated bad DCI 0
    DL Chan: SSB 0 SINR 43.3 dB RSRP -42 dBm, RI 0 CQI: N/A
    DL harq: 948/0 avg code rate 0.1, avg bit/symbol 2.0, avg per TB: (nb RBs 6.4, nb symbols 10.4)
    UL harq: 6329/0 avg code rate 0.1, avg bit/symbol 2.0, avg per TB: (nb RBs 6.1, nb symbols 12.2)
[0m[NR_RRC] MeasurementReport Encoded 53 bits (7 bytes)
[0m[NR_RRC] MeasurementReport Encoded 53 bits (7 bytes)
[0m[NR_MAC] UE 0 RNTI 4fe0 stats sfn: 128.8, cumulated bad DCI 0
    DL Chan: SSB 0 SINR 42.6 dB RSRP -42 dBm, RI 0 CQI: N/A
    DL harq: 951/0 avg code rate 0.1, avg bit/symbol 2.0, avg per TB: (nb RBs 6.4, nb symbols 10.4)
    UL harq: 6350/0 avg code rate 0.1, avg bit/symbol 2.0, avg per TB: (nb RBs 6.1, nb symbols 12.2)
[0m[NR_RRC] MeasurementReport Encoded 53 bits (7 bytes)
[0m[NR_MAC] UE 0 RNTI 4fe0 stats sfn: 256.8, cumulated bad DCI 0
    DL Chan: SSB 0 SINR 43.3 dB RSRP -42 dBm, RI 0 CQI: N/A
    DL harq: 953/0 avg code rate 0.1, avg bit/symbol 2.0, avg per TB: (nb RBs 6.4, nb symbols 10.4)
    UL harq: 6365/0 avg code rate 0.1, avg bit/symbol 2.0, avg per TB: (nb RBs 6.1, nb symbols 12.2)
[0m[NR_RRC] MeasurementReport Encoded 53 bits (7 bytes)
[0m[NR_MAC] UE 0 RNTI 4fe0 stats sfn: 384.8, cumulated bad DCI 0
    DL Chan: SSB 0 SINR 45.1 dB RSRP -42 dBm, RI 0 CQI: N/A
    DL harq: 956/0 avg code rate 0.1, avg bit/symbol 2.0, avg per TB: (nb RBs 6.4, nb symbols 10.4)
    UL harq: 6382/0 avg code rate 0.1, avg bit/symbol 2.0, avg per TB: (nb RBs 6.1, nb symbols 12.2)
[0m[NR_RRC] MeasurementReport Encoded 53 bits (7 bytes)
[0m[NR_MAC] UE 0 RNTI 4fe0 stats sfn: 512.8, cumulated bad DCI 0
    DL Chan: SSB 0 SINR 45.1 dB RSRP -42 dBm, RI 0 CQI: N/A
    DL harq: 958/0 avg code rate 0.1, avg bit/symbol 2.0, avg per TB: (nb RBs 6.4, nb symbols 10.5)
    UL harq: 6398/0 avg code rate 0.1, avg bit/symbol 2.0, avg per TB: (nb RBs 6.1, nb symbols 12.2)
[0m[NR_RRC] MeasurementReport Encoded 53 bits (7 bytes)
[0m[NR_MAC] UE 0 RNTI 4fe0 stats sfn: 640.8, cumulated bad DCI 0
    DL Chan: SSB 0 SINR 42.6 dB RSRP -42 dBm, RI 0 CQI: N/A
    DL harq: 960/0 avg code rate 0.1, avg bit/symbol 2.0, avg per TB: (nb RBs 6.4, nb symbols 10.5)
    UL harq: 6415/0 avg code rate 0.1, avg bit/symbol 2.0, avg per TB: (nb RBs 6.1, nb symbols 12.2)
[0m[NR_RRC] MeasurementReport Encoded 53 bits (7 bytes)
[0m[NR_RRC] MeasurementReport Encoded 53 bits (7 bytes)
[0m[NR_MAC] UE 0 RNTI 4fe0 stats sfn: 768.8, cumulated bad DCI 0
    DL Chan: SSB 0 SINR 42.6 dB RSRP -42 dBm, RI 0 CQI: N/A
    DL harq: 963/0 avg code rate 0.1, avg bit/symbol 2.0, avg per TB: (nb RBs 6.4, nb symbols 10.5)
    UL harq: 6434/0 avg code rate 0.1, avg bit/symbol 2.0, avg per TB: (nb RBs 6.1, nb symbols 12.2)
[0m[NR_RRC] MeasurementReport Encoded 53 bits (7 bytes)
[0m[NR_MAC] UE 0 RNTI 4fe0 stats sfn: 896.8, cumulated bad DCI 0
    DL Chan: SSB 0 SINR 43.3 dB RSRP -42 dBm, RI 0 CQI: N/A
    DL harq: 966/0 avg code rate 0.1, avg bit/symbol 2.0, avg per TB: (nb RBs 6.4, nb symbols 10.5)
    UL harq: 6449/0 avg code rate 0.1, avg bit/symbol 2.0, avg per TB: (nb RBs 6.1, nb symbols 12.2)
[0m[NR_RRC] MeasurementReport Encoded 53 bits (7 bytes)
[0m[NR_MAC] UE 0 RNTI 4fe0 stats sfn: 0.8, cumulated bad DCI 0
    DL Chan: SSB 0 SINR 43.3 dB RSRP -42 dBm, RI 0 CQI: N/A
    DL harq: 968/0 avg code rate 0.1, avg bit/symbol 2.0, avg per TB: (nb RBs 6.4, nb symbols 10.4)
    UL harq: 6466/0 avg code rate 0.1, avg bit/symbol 2.0, avg per TB: (nb RBs 6.1, nb symbols 12.2)
[0m[NR_RRC] MeasurementReport Encoded 53 bits (7 bytes)
[0m[NR_MAC] UE 0 RNTI 4fe0 stats sfn: 128.8, cumulated bad DCI 0
    DL Chan: SSB 0 SINR 44.1 dB RSRP -42 dBm, RI 0 CQI: N/A
    DL harq: 970/0 avg code rate 0.1, avg bit/symbol 2.0, avg per TB: (nb RBs 6.4, nb symbols 10.5)
    UL harq: 6482/0 avg code rate 0.1, avg bit/symbol 2.0, avg per TB: (nb RBs 6.1, nb symbols 12.2)
[0m[NR_RRC] MeasurementReport Encoded 53 bits (7 bytes)
[0m[NR_RRC] MeasurementReport Encoded 53 bits (7 bytes)
[0m[NR_MAC] UE 0 RNTI 4fe0 stats sfn: 256.8, cumulated bad DCI 0
    DL Chan: SSB 0 SINR 45.1 dB RSRP -42 dBm, RI 0 CQI: N/A
    DL harq: 973/0 avg code rate 0.1, avg bit/symbol 2.0, avg per TB: (nb RBs 6.4, nb symbols 10.5)
    UL harq: 6502/0 avg code rate 0.1, avg bit/symbol 2.0, avg per TB: (nb RBs 6.1, nb symbols 12.2)
[0m[NR_RRC] MeasurementReport Encoded 53 bits (7 bytes)
[0m[NR_MAC] UE 0 RNTI 4fe0 stats sfn: 384.8, cumulated bad DCI 0
    DL Chan: SSB 0 SINR 44.1 dB RSRP -42 dBm, RI 0 CQI: N/A
    DL harq: 976/0 avg code rate 0.1, avg bit/symbol 2.0, avg per TB: (nb RBs 6.4, nb symbols 10.5)
    UL harq: 6519/0 avg code rate 0.1, avg bit/symbol 2.0, avg per TB: (nb RBs 6.1, nb symbols 12.2)
[0m[NR_RRC] MeasurementReport Encoded 53 bits (7 bytes)
[0m[NR_MAC] UE 0 RNTI 4fe0 stats sfn: 512.8, cumulated bad DCI 0
    DL Chan: SSB 0 SINR 43.3 dB RSRP -42 dBm, RI 0 CQI: N/A
    DL harq: 978/0 avg code rate 0.1, avg bit/symbol 2.0, avg per TB: (nb RBs 6.4, nb symbols 10.4)
    UL harq: 6534/0 avg code rate 0.1, avg bit/symbol 2.0, avg per TB: (nb RBs 6.1, nb symbols 12.2)
[0m[NR_RRC] MeasurementReport Encoded 53 bits (7 bytes)
[0m[NR_MAC] UE 0 RNTI 4fe0 stats sfn: 640.8, cumulated bad DCI 0
    DL Chan: SSB 0 SINR 42.6 dB RSRP -42 dBm, RI 0 CQI: N/A
    DL harq: 980/0 avg code rate 0.1, avg bit/symbol 2.0, avg per TB: (nb RBs 6.4, nb symbols 10.4)
    UL harq: 6551/0 avg code rate 0.1, avg bit/symbol 2.0, avg per TB: (nb RBs 6.1, nb symbols 12.2)
[0m[NR_RRC] MeasurementReport Encoded 53 bits (7 bytes)
[0m[NR_RRC] MeasurementReport Encoded 53 bits (7 bytes)
[0m[NR_MAC] UE 0 RNTI 4fe0 stats sfn: 768.8, cumulated bad DCI 0
    DL Chan: SSB 0 SINR 43.3 dB RSRP -42 dBm, RI 0 CQI: N/A
    DL harq: 984/0 avg code rate 0.1, avg bit/symbol 2.0, avg per TB: (nb RBs 6.4, nb symbols 10.4)
    UL harq: 6570/0 avg code rate 0.1, avg bit/symbol 2.0, avg per TB: (nb RBs 6.1, nb symbols 12.2)
[0m[NR_RRC] MeasurementReport Encoded 53 bits (7 bytes)
[0m[NR_MAC] UE 0 RNTI 4fe0 stats sfn: 896.8, cumulated bad DCI 0
    DL Chan: SSB 0 SINR 43.3 dB RSRP -42 dBm, RI 0 CQI: N/A
    DL harq: 986/0 avg code rate 0.1, avg bit/symbol 2.0, avg per TB: (nb RBs 6.4, nb symbols 10.4)
    UL harq: 6586/0 avg code rate 0.1, avg bit/symbol 2.0, avg per TB: (nb RBs 6.1, nb symbols 12.2)
[0m[NR_RRC] MeasurementReport Encoded 53 bits (7 bytes)
[0m[NR_MAC] UE 0 RNTI 4fe0 stats sfn: 0.8, cumulated bad DCI 0
    DL Chan: SSB 0 SINR 42.1 dB RSRP -42 dBm, RI 0 CQI: N/A
    DL harq: 988/0 avg code rate 0.1, avg bit/symbol 2.0, avg per TB: (nb RBs 6.4, nb symbols 10.4)
    UL harq: 6601/0 avg code rate 0.1, avg bit/symbol 2.0, avg per TB: (nb RBs 6.1, nb symbols 12.2)
[0m[NR_RRC] MeasurementReport Encoded 53 bits (7 bytes)
[0m[NR_MAC] UE 0 RNTI 4fe0 stats sfn: 128.8, cumulated bad DCI 0
    DL Chan: SSB 0 SINR 43.3 dB RSRP -42 dBm, RI 0 CQI: N/A
    DL harq: 990/0 avg code rate 0.1, avg bit/symbol 2.0, avg per TB: (nb RBs 6.4, nb symbols 10.4)
    UL harq: 6618/0 avg code rate 0.1, avg bit/symbol 2.0, avg per TB: (nb RBs 6.1, nb symbols 12.2)
[0m[NR_RRC] MeasurementReport Encoded 53 bits (7 bytes)
[0m[NR_RRC] MeasurementReport Encoded 53 bits (7 bytes)
[0m[NR_MAC] UE 0 RNTI 4fe0 stats sfn: 256.8, cumulated bad DCI 0
    DL Chan: SSB 0 SINR 44.1 dB RSRP -42 dBm, RI 0 CQI: N/A
    DL harq: 994/0 avg code rate 0.1, avg bit/symbol 2.0, avg per TB: (nb RBs 6.4, nb symbols 10.4)
    UL harq: 6637/0 avg code rate 0.1, avg bit/symbol 2.0, avg per TB: (nb RBs 6.1, nb symbols 12.2)
[0m[NR_RRC] MeasurementReport Encoded 53 bits (7 bytes)
[0m[NR_MAC] UE 0 RNTI 4fe0 stats sfn: 384.8, cumulated bad DCI 0
    DL Chan: SSB 0 SINR 45.1 dB RSRP -42 dBm, RI 0 CQI: N/A
    DL harq: 996/0 avg code rate 0.1, avg bit/symbol 2.0, avg per TB: (nb RBs 6.4, nb symbols 10.4)
    UL harq: 6653/0 avg code rate 0.1, avg bit/symbol 2.0, avg per TB: (nb RBs 6.1, nb symbols 12.2)
[0m[NR_RRC] MeasurementReport Encoded 53 bits (7 bytes)
[0m[NR_MAC] UE 0 RNTI 4fe0 stats sfn: 512.8, cumulated bad DCI 0
    DL Chan: SSB 0 SINR 45.1 dB RSRP -42 dBm, RI 0 CQI: N/A
    DL harq: 998/0 avg code rate 0.1, avg bit/symbol 2.0, avg per TB: (nb RBs 6.4, nb symbols 10.4)
    UL harq: 6670/0 avg code rate 0.1, avg bit/symbol 2.0, avg per TB: (nb RBs 6.1, nb symbols 12.2)
[0m[NR_RRC] MeasurementReport Encoded 53 bits (7 bytes)
[0m[NR_MAC] UE 0 RNTI 4fe0 stats sfn: 640.8, cumulated bad DCI 0
    DL Chan: SSB 0 SINR 45.1 dB RSRP -42 dBm, RI 0 CQI: N/A
    DL harq: 1001/0 avg code rate 0.1, avg bit/symbol 2.0, avg per TB: (nb RBs 6.4, nb symbols 10.4)
    UL harq: 6686/0 avg code rate 0.1, avg bit/symbol 2.0, avg per TB: (nb RBs 6.1, nb symbols 12.2)
[0m[NR_RRC] MeasurementReport Encoded 53 bits (7 bytes)
[0m[NR_RRC] MeasurementReport Encoded 53 bits (7 bytes)
[0m[NR_MAC] UE 0 RNTI 4fe0 stats sfn: 768.8, cumulated bad DCI 0
    DL Chan: SSB 0 SINR 43.3 dB RSRP -42 dBm, RI 0 CQI: N/A
    DL harq: 1004/0 avg code rate 0.1, avg bit/symbol 2.0, avg per TB: (nb RBs 6.4, nb symbols 10.4)
    UL harq: 6707/0 avg code rate 0.1, avg bit/symbol 2.0, avg per TB: (nb RBs 6.1, nb symbols 12.2)
[0m[NR_RRC] MeasurementReport Encoded 53 bits (7 bytes)
[0m[NR_MAC] UE 0 RNTI 4fe0 stats sfn: 896.8, cumulated bad DCI 0
    DL Chan: SSB 0 SINR 44.1 dB RSRP -42 dBm, RI 0 CQI: N/A
    DL harq: 1006/0 avg code rate 0.1, avg bit/symbol 2.0, avg per TB: (nb RBs 6.4, nb symbols 10.4)
    UL harq: 6723/0 avg code rate 0.1, avg bit/symbol 2.0, avg per TB: (nb RBs 6.1, nb symbols 12.2)
[0m[NR_RRC] MeasurementReport Encoded 53 bits (7 bytes)
[0m[NR_MAC] UE 0 RNTI 4fe0 stats sfn: 0.8, cumulated bad DCI 0
    DL Chan: SSB 0 SINR 44.1 dB RSRP -42 dBm, RI 0 CQI: N/A
    DL harq: 1008/0 avg code rate 0.1, avg bit/symbol 2.0, avg per TB: (nb RBs 6.4, nb symbols 10.4)
    UL harq: 6740/0 avg code rate 0.1, avg bit/symbol 2.0, avg per TB: (nb RBs 6.1, nb symbols 12.2)
[0m[NR_RRC] MeasurementReport Encoded 53 bits (7 bytes)
[0m[NR_MAC] UE 0 RNTI 4fe0 stats sfn: 128.8, cumulated bad DCI 0
    DL Chan: SSB 0 SINR 44.1 dB RSRP -42 dBm, RI 0 CQI: N/A
    DL harq: 1011/0 avg code rate 0.1, avg bit/symbol 2.0, avg per TB: (nb RBs 6.4, nb symbols 10.4)
    UL harq: 6755/0 avg code rate 0.1, avg bit/symbol 2.0, avg per TB: (nb RBs 6.1, nb symbols 12.2)
[0m[NR_RRC] MeasurementReport Encoded 53 bits (7 bytes)
[0m[NR_RRC] MeasurementReport Encoded 53 bits (7 bytes)
[0m[NR_MAC] UE 0 RNTI 4fe0 stats sfn: 256.8, cumulated bad DCI 0
    DL Chan: SSB 0 SINR 45.1 dB RSRP -42 dBm, RI 0 CQI: N/A
    DL harq: 1014/0 avg code rate 0.1, avg bit/symbol 2.0, avg per TB: (nb RBs 6.4, nb symbols 10.4)
    UL harq: 6775/0 avg code rate 0.1, avg bit/symbol 2.0, avg per TB: (nb RBs 6.1, nb symbols 12.2)
[0m[NR_RRC] MeasurementReport Encoded 53 bits (7 bytes)
[0m[NR_MAC] UE 0 RNTI 4fe0 stats sfn: 384.8, cumulated bad DCI 0
    DL Chan: SSB 0 SINR 43.3 dB RSRP -42 dBm, RI 0 CQI: N/A
    DL harq: 1016/0 avg code rate 0.1, avg bit/symbol 2.0, avg per TB: (nb RBs 6.4, nb symbols 10.4)
    UL harq: 6792/0 avg code rate 0.1, avg bit/symbol 2.0, avg per TB: (nb RBs 6.1, nb symbols 12.2)
[0m[NR_RRC] MeasurementReport Encoded 53 bits (7 bytes)
[0m[NR_MAC] UE 0 RNTI 4fe0 stats sfn: 512.8, cumulated bad DCI 0
    DL Chan: SSB 0 SINR 43.3 dB RSRP -42 dBm, RI 0 CQI: N/A
    DL harq: 1019/0 avg code rate 0.1, avg bit/symbol 2.0, avg per TB: (nb RBs 6.4, nb symbols 10.4)
    UL harq: 6808/0 avg code rate 0.1, avg bit/symbol 2.0, avg per TB: (nb RBs 6.1, nb symbols 12.2)
[0m[NR_RRC] MeasurementReport Encoded 53 bits (7 bytes)
[0m[NR_MAC] UE 0 RNTI 4fe0 stats sfn: 640.8, cumulated bad DCI 0
    DL Chan: SSB 0 SINR 42.6 dB RSRP -42 dBm, RI 0 CQI: N/A
    DL harq: 1021/0 avg code rate 0.1, avg bit/symbol 2.0, avg per TB: (nb RBs 6.4, nb symbols 10.4)
    UL harq: 6824/0 avg code rate 0.1, avg bit/symbol 2.0, avg per TB: (nb RBs 6.1, nb symbols 12.2)
[0m[NR_RRC] MeasurementReport Encoded 53 bits (7 bytes)
[0m[NR_RRC] MeasurementReport Encoded 53 bits (7 bytes)
[0m[NR_MAC] UE 0 RNTI 4fe0 stats sfn: 768.8, cumulated bad DCI 0
    DL Chan: SSB 0 SINR 43.3 dB RSRP -42 dBm, RI 0 CQI: N/A
    DL harq: 1024/0 avg code rate 0.1, avg bit/symbol 2.0, avg per TB: (nb RBs 6.4, nb symbols 10.4)
    UL harq: 6844/0 avg code rate 0.1, avg bit/symbol 2.0, avg per TB: (nb RBs 6.1, nb symbols 12.2)
[0m[NR_RRC] MeasurementReport Encoded 53 bits (7 bytes)
[0m[NR_MAC] UE 0 RNTI 4fe0 stats sfn: 896.8, cumulated bad DCI 0
    DL Chan: SSB 0 SINR 42.6 dB RSRP -42 dBm, RI 0 CQI: N/A
    DL harq: 1026/0 avg code rate 0.1, avg bit/symbol 2.0, avg per TB: (nb RBs 6.4, nb symbols 10.4)
    UL harq: 6859/0 avg code rate 0.1, avg bit/symbol 2.0, avg per TB: (nb RBs 6.1, nb symbols 12.2)
[0m[NR_RRC] MeasurementReport Encoded 53 bits (7 bytes)
[0m[NR_MAC] UE 0 RNTI 4fe0 stats sfn: 0.8, cumulated bad DCI 0
    DL Chan: SSB 0 SINR 42.6 dB RSRP -42 dBm, RI 0 CQI: N/A
    DL harq: 1029/0 avg code rate 0.1, avg bit/symbol 2.0, avg per TB: (nb RBs 6.4, nb symbols 10.5)
    UL harq: 6876/0 avg code rate 0.1, avg bit/symbol 2.0, avg per TB: (nb RBs 6.1, nb symbols 12.2)
[0m[NR_RRC] MeasurementReport Encoded 53 bits (7 bytes)
[0m[NR_MAC] UE 0 RNTI 4fe0 stats sfn: 128.8, cumulated bad DCI 0
    DL Chan: SSB 0 SINR 44.1 dB RSRP -42 dBm, RI 0 CQI: N/A
    DL harq: 1031/0 avg code rate 0.1, avg bit/symbol 2.0, avg per TB: (nb RBs 6.4, nb symbols 10.4)
    UL harq: 6892/0 avg code rate 0.1, avg bit/symbol 2.0, avg per TB: (nb RBs 6.1, nb symbols 12.2)
[0m[NR_RRC] MeasurementReport Encoded 53 bits (7 bytes)
[0m[NR_RRC] MeasurementReport Encoded 53 bits (7 bytes)
[0m[NR_MAC] UE 0 RNTI 4fe0 stats sfn: 256.8, cumulated bad DCI 0
    DL Chan: SSB 0 SINR 44.1 dB RSRP -42 dBm, RI 0 CQI: N/A
    DL harq: 1034/0 avg code rate 0.1, avg bit/symbol 2.0, avg per TB: (nb RBs 6.4, nb symbols 10.5)
    UL harq: 6913/0 avg code rate 0.1, avg bit/symbol 2.0, avg per TB: (nb RBs 6.1, nb symbols 12.2)
[0m[NR_RRC] MeasurementReport Encoded 53 bits (7 bytes)
[0m[NR_MAC] UE 0 RNTI 4fe0 stats sfn: 384.8, cumulated bad DCI 0
    DL Chan: SSB 0 SINR 43.3 dB RSRP -42 dBm, RI 0 CQI: N/A
    DL harq: 1036/0 avg code rate 0.1, avg bit/symbol 2.0, avg per TB: (nb RBs 6.4, nb symbols 10.5)
    UL harq: 6929/0 avg code rate 0.1, avg bit/symbol 2.0, avg per TB: (nb RBs 6.1, nb symbols 12.2)
[0m[NR_RRC] MeasurementReport Encoded 53 bits (7 bytes)
[0m[NR_MAC] UE 0 RNTI 4fe0 stats sfn: 512.8, cumulated bad DCI 0
    DL Chan: SSB 0 SINR 42.6 dB RSRP -42 dBm, RI 0 CQI: N/A
    DL harq: 1039/0 avg code rate 0.1, avg bit/symbol 2.0, avg per TB: (nb RBs 6.4, nb symbols 10.5)
    UL harq: 6946/0 avg code rate 0.1, avg bit/symbol 2.0, avg per TB: (nb RBs 6.1, nb symbols 12.2)
[0m[NR_RRC] MeasurementReport Encoded 53 bits (7 bytes)
[0m[NR_MAC] UE 0 RNTI 4fe0 stats sfn: 640.8, cumulated bad DCI 0
    DL Chan: SSB 0 SINR 43.3 dB RSRP -42 dBm, RI 0 CQI: N/A
    DL harq: 1041/0 avg code rate 0.1, avg bit/symbol 2.0, avg per TB: (nb RBs 6.4, nb symbols 10.5)
    UL harq: 6964/0 avg code rate 0.1, avg bit/symbol 2.0, avg per TB: (nb RBs 6.1, nb symbols 12.2)
[0m[NR_RRC] MeasurementReport Encoded 53 bits (7 bytes)
[0m[NR_RRC] MeasurementReport Encoded 53 bits (7 bytes)
[0m[NR_MAC] UE 0 RNTI 4fe0 stats sfn: 768.8, cumulated bad DCI 0
    DL Chan: SSB 0 SINR 43.3 dB RSRP -42 dBm, RI 0 CQI: N/A
    DL harq: 1043/0 avg code rate 0.1, avg bit/symbol 2.0, avg per TB: (nb RBs 6.4, nb symbols 10.5)
    UL harq: 6979/0 avg code rate 0.1, avg bit/symbol 2.0, avg per TB: (nb RBs 6.1, nb symbols 12.2)
[0m[NR_RRC] MeasurementReport Encoded 53 bits (7 bytes)
[0m[NR_MAC] UE 0 RNTI 4fe0 stats sfn: 896.8, cumulated bad DCI 0
    DL Chan: SSB 0 SINR 44.1 dB RSRP -42 dBm, RI 0 CQI: N/A
    DL harq: 1047/0 avg code rate 0.1, avg bit/symbol 2.0, avg per TB: (nb RBs 6.4, nb symbols 10.5)
    UL harq: 6999/0 avg code rate 0.1, avg bit/symbol 2.0, avg per TB: (nb RBs 6.1, nb symbols 12.2)
[0m[NR_RRC] MeasurementReport Encoded 53 bits (7 bytes)
[0m[NR_MAC] UE 0 RNTI 4fe0 stats sfn: 0.8, cumulated bad DCI 0
    DL Chan: SSB 0 SINR 44.1 dB RSRP -42 dBm, RI 0 CQI: N/A
    DL harq: 1049/0 avg code rate 0.1, avg bit/symbol 2.0, avg per TB: (nb RBs 6.4, nb symbols 10.5)
    UL harq: 7016/0 avg code rate 0.1, avg bit/symbol 2.0, avg per TB: (nb RBs 6.1, nb symbols 12.2)
[0m[NR_RRC] MeasurementReport Encoded 53 bits (7 bytes)
[0m[NR_MAC] UE 0 RNTI 4fe0 stats sfn: 128.8, cumulated bad DCI 0
    DL Chan: SSB 0 SINR 42.6 dB RSRP -42 dBm, RI 0 CQI: N/A
    DL harq: 1051/0 avg code rate 0.1, avg bit/symbol 2.0, avg per TB: (nb RBs 6.4, nb symbols 10.5)
    UL harq: 7036/0 avg code rate 0.1, avg bit/symbol 2.0, avg per TB: (nb RBs 6.1, nb symbols 12.2)
[0m[NR_RRC] MeasurementReport Encoded 53 bits (7 bytes)
[0m[NR_MAC] UE 0 RNTI 4fe0 stats sfn: 256.8, cumulated bad DCI 0
    DL Chan: SSB 0 SINR 43.3 dB RSRP -42 dBm, RI 0 CQI: N/A
    DL harq: 1053/0 avg code rate 0.1, avg bit/symbol 2.0, avg per TB: (nb RBs 6.4, nb symbols 10.5)
    UL harq: 7058/0 avg code rate 0.1, avg bit/symbol 2.0, avg per TB: (nb RBs 6.1, nb symbols 12.3)
[0m[NR_RRC] MeasurementReport Encoded 53 bits (7 bytes)
[0m[NR_RRC] MeasurementReport Encoded 53 bits (7 bytes)
[0m[NR_MAC] UE 0 RNTI 4fe0 stats sfn: 384.8, cumulated bad DCI 0
    DL Chan: SSB 0 SINR 42.1 dB RSRP -42 dBm, RI 0 CQI: N/A
    DL harq: 1057/0 avg code rate 0.1, avg bit/symbol 2.0, avg per TB: (nb RBs 6.4, nb symbols 10.5)
    UL harq: 7090/0 avg code rate 0.1, avg bit/symbol 2.0, avg per TB: (nb RBs 6.1, nb symbols 12.3)
[0m[NR_RRC] MeasurementReport Encoded 53 bits (7 bytes)
[0m[NR_MAC] UE 0 RNTI 4fe0 stats sfn: 512.8, cumulated bad DCI 0
    DL Chan: SSB 0 SINR 44.1 dB RSRP -42 dBm, RI 0 CQI: N/A
    DL harq: 1060/0 avg code rate 0.1, avg bit/symbol 2.0, avg per TB: (nb RBs 6.4, nb symbols 10.5)
    UL harq: 7122/0 avg code rate 0.1, avg bit/symbol 2.0, avg per TB: (nb RBs 6.1, nb symbols 12.3)
[0m[NR_RRC] MeasurementReport Encoded 53 bits (7 bytes)
[0m[NR_MAC] UE 0 RNTI 4fe0 stats sfn: 640.8, cumulated bad DCI 0
    DL Chan: SSB 0 SINR 44.1 dB RSRP -42 dBm, RI 0 CQI: N/A
    DL harq: 1062/0 avg code rate 0.1, avg bit/symbol 2.0, avg per TB: (nb RBs 6.4, nb symbols 10.5)
    UL harq: 7151/0 avg code rate 0.1, avg bit/symbol 2.0, avg per TB: (nb RBs 6.0, nb symbols 12.3)
[0m[NR_RRC] MeasurementReport Encoded 53 bits (7 bytes)
[0m[NR_MAC] UE 0 RNTI 4fe0 stats sfn: 768.8, cumulated bad DCI 0
    DL Chan: SSB 0 SINR 45.1 dB RSRP -42 dBm, RI 0 CQI: N/A
    DL harq: 1065/0 avg code rate 0.1, avg bit/symbol 2.0, avg per TB: (nb RBs 6.4, nb symbols 10.5)
    UL harq: 7177/0 avg code rate 0.1, avg bit/symbol 2.0, avg per TB: (nb RBs 6.0, nb symbols 12.3)
[0m[NR_RRC] MeasurementReport Encoded 53 bits (7 bytes)
[0m[NR_RRC] MeasurementReport Encoded 53 bits (7 bytes)
[0m[NR_MAC] UE 0 RNTI 4fe0 stats sfn: 896.8, cumulated bad DCI 0
    DL Chan: SSB 0 SINR 45.1 dB RSRP -42 dBm, RI 0 CQI: N/A
    DL harq: 1068/0 avg code rate 0.1, avg bit/symbol 2.0, avg per TB: (nb RBs 6.4, nb symbols 10.5)
    UL harq: 7206/0 avg code rate 0.1, avg bit/symbol 2.0, avg per TB: (nb RBs 6.0, nb symbols 12.3)
[0m[NR_RRC] MeasurementReport Encoded 53 bits (7 bytes)
[0m[NR_MAC] UE 0 RNTI 4fe0 stats sfn: 0.8, cumulated bad DCI 0
    DL Chan: SSB 0 SINR 44.1 dB RSRP -42 dBm, RI 0 CQI: N/A
    DL harq: 1070/0 avg code rate 0.1, avg bit/symbol 2.0, avg per TB: (nb RBs 6.4, nb symbols 10.5)
    UL harq: 7229/0 avg code rate 0.1, avg bit/symbol 2.0, avg per TB: (nb RBs 6.0, nb symbols 12.3)
[0m[NR_RRC] MeasurementReport Encoded 53 bits (7 bytes)
[0m[NR_MAC] UE 0 RNTI 4fe0 stats sfn: 128.8, cumulated bad DCI 0
    DL Chan: SSB 0 SINR 42.6 dB RSRP -42 dBm, RI 0 CQI: N/A
    DL harq: 1072/0 avg code rate 0.1, avg bit/symbol 2.0, avg per TB: (nb RBs 6.4, nb symbols 10.5)
    UL harq: 7249/0 avg code rate 0.1, avg bit/symbol 2.0, avg per TB: (nb RBs 6.0, nb symbols 12.3)
[0m[NR_RRC] MeasurementReport Encoded 53 bits (7 bytes)
[0m[NR_MAC] UE 0 RNTI 4fe0 stats sfn: 256.8, cumulated bad DCI 0
    DL Chan: SSB 0 SINR 43.3 dB RSRP -42 dBm, RI 0 CQI: N/A
    DL harq: 1075/0 avg code rate 0.1, avg bit/symbol 2.0, avg per TB: (nb RBs 6.4, nb symbols 10.6)
    UL harq: 7275/0 avg code rate 0.1, avg bit/symbol 2.0, avg per TB: (nb RBs 6.0, nb symbols 12.3)
[0m[NR_RRC] MeasurementReport Encoded 53 bits (7 bytes)
[0m[NR_RRC] MeasurementReport Encoded 53 bits (7 bytes)
[0m[NR_MAC] UE 0 RNTI 4fe0 stats sfn: 384.8, cumulated bad DCI 0
    DL Chan: SSB 0 SINR 44.1 dB RSRP -42 dBm, RI 0 CQI: N/A
    DL harq: 1078/0 avg code rate 0.1, avg bit/symbol 2.0, avg per TB: (nb RBs 6.4, nb symbols 10.6)
    UL harq: 7307/0 avg code rate 0.1, avg bit/symbol 2.0, avg per TB: (nb RBs 6.0, nb symbols 12.3)
[0m[NR_RRC] MeasurementReport Encoded 53 bits (7 bytes)
[0m[NR_MAC] UE 0 RNTI 4fe0 stats sfn: 512.8, cumulated bad DCI 0
    DL Chan: SSB 0 SINR 43.3 dB RSRP -42 dBm, RI 0 CQI: N/A
    DL harq: 1080/0 avg code rate 0.1, avg bit/symbol 2.0, avg per TB: (nb RBs 6.4, nb symbols 10.6)
    UL harq: 7332/0 avg code rate 0.1, avg bit/symbol 2.0, avg per TB: (nb RBs 6.0, nb symbols 12.3)
[0m[NR_RRC] MeasurementReport Encoded 53 bits (7 bytes)
[0m[NR_MAC] UE 0 RNTI 4fe0 stats sfn: 640.8, cumulated bad DCI 0
    DL Chan: SSB 0 SINR 43.3 dB RSRP -42 dBm, RI 0 CQI: N/A
    DL harq: 1083/0 avg code rate 0.1, avg bit/symbol 2.0, avg per TB: (nb RBs 6.3, nb symbols 10.6)
    UL harq: 7356/0 avg code rate 0.1, avg bit/symbol 2.0, avg per TB: (nb RBs 6.0, nb symbols 12.3)
[0m[NR_RRC] MeasurementReport Encoded 53 bits (7 bytes)
[0m[NR_MAC] UE 0 RNTI 4fe0 stats sfn: 768.8, cumulated bad DCI 0
    DL Chan: SSB 0 SINR 42.6 dB RSRP -42 dBm, RI 0 CQI: N/A
    DL harq: 1085/0 avg code rate 0.1, avg bit/symbol 2.0, avg per TB: (nb RBs 6.3, nb symbols 10.6)
    UL harq: 7378/0 avg code rate 0.1, avg bit/symbol 2.0, avg per TB: (nb RBs 6.0, nb symbols 12.3)
[0m[NR_RRC] MeasurementReport Encoded 53 bits (7 bytes)
[0m[NR_RRC] MeasurementReport Encoded 53 bits (7 bytes)
[0m[NR_MAC] UE 0 RNTI 4fe0 stats sfn: 896.8, cumulated bad DCI 0
    DL Chan: SSB 0 SINR 42.6 dB RSRP -42 dBm, RI 0 CQI: N/A
    DL harq: 1088/0 avg code rate 0.1, avg bit/symbol 2.0, avg per TB: (nb RBs 6.3, nb symbols 10.6)
    UL harq: 7403/0 avg code rate 0.1, avg bit/symbol 2.0, avg per TB: (nb RBs 6.0, nb symbols 12.3)
[0m[NR_RRC] MeasurementReport Encoded 53 bits (7 bytes)
[0m[NR_MAC] UE 0 RNTI 4fe0 stats sfn: 0.8, cumulated bad DCI 0
    DL Chan: SSB 0 SINR 44.1 dB RSRP -42 dBm, RI 0 CQI: N/A
    DL harq: 1090/0 avg code rate 0.1, avg bit/symbol 2.0, avg per TB: (nb RBs 6.3, nb symbols 10.6)
    UL harq: 7426/0 avg code rate 0.1, avg bit/symbol 2.0, avg per TB: (nb RBs 6.0, nb symbols 12.3)
[0m[NR_RRC] MeasurementReport Encoded 53 bits (7 bytes)
[0m[NR_MAC] UE 0 RNTI 4fe0 stats sfn: 128.8, cumulated bad DCI 0
    DL Chan: SSB 0 SINR 44.1 dB RSRP -42 dBm, RI 0 CQI: N/A
    DL harq: 1093/0 avg code rate 0.1, avg bit/symbol 2.0, avg per TB: (nb RBs 6.3, nb symbols 10.6)
    UL harq: 7450/0 avg code rate 0.1, avg bit/symbol 2.0, avg per TB: (nb RBs 6.0, nb symbols 12.3)
[0m[NR_RRC] MeasurementReport Encoded 53 bits (7 bytes)
[0m[NR_MAC] UE 0 RNTI 4fe0 stats sfn: 256.8, cumulated bad DCI 0
    DL Chan: SSB 0 SINR 43.3 dB RSRP -42 dBm, RI 0 CQI: N/A
    DL harq: 1095/0 avg code rate 0.1, avg bit/symbol 2.0, avg per TB: (nb RBs 6.3, nb symbols 10.6)
    UL harq: 7480/0 avg code rate 0.1, avg bit/symbol 2.0, avg per TB: (nb RBs 6.0, nb symbols 12.3)
[0m[NR_RRC] MeasurementReport Encoded 53 bits (7 bytes)
[0m[NR_RRC] MeasurementReport Encoded 53 bits (7 bytes)
[0m[NR_MAC] UE 0 RNTI 4fe0 stats sfn: 384.8, cumulated bad DCI 0
    DL Chan: SSB 0 SINR 43.3 dB RSRP -42 dBm, RI 0 CQI: N/A
    DL harq: 1098/0 avg code rate 0.1, avg bit/symbol 2.0, avg per TB: (nb RBs 6.3, nb symbols 10.6)
    UL harq: 7510/0 avg code rate 0.1, avg bit/symbol 2.0, avg per TB: (nb RBs 6.0, nb symbols 12.3)
[0m[NR_RRC] MeasurementReport Encoded 53 bits (7 bytes)
[0m[NR_MAC] UE 0 RNTI 4fe0 stats sfn: 512.8, cumulated bad DCI 0
    DL Chan: SSB 0 SINR 43.3 dB RSRP -42 dBm, RI 0 CQI: N/A
    DL harq: 1100/0 avg code rate 0.1, avg bit/symbol 2.0, avg per TB: (nb RBs 6.3, nb symbols 10.6)
    UL harq: 7533/0 avg code rate 0.1, avg bit/symbol 2.0, avg per TB: (nb RBs 6.0, nb symbols 12.3)
[0m[NR_RRC] MeasurementReport Encoded 53 bits (7 bytes)
[0m[NR_MAC] UE 0 RNTI 4fe0 stats sfn: 640.8, cumulated bad DCI 0
    DL Chan: SSB 0 SINR 43.3 dB RSRP -42 dBm, RI 0 CQI: N/A
    DL harq: 1103/0 avg code rate 0.1, avg bit/symbol 2.0, avg per TB: (nb RBs 6.3, nb symbols 10.6)
    UL harq: 7555/0 avg code rate 0.1, avg bit/symbol 2.0, avg per TB: (nb RBs 6.0, nb symbols 12.3)
[0m[NR_RRC] MeasurementReport Encoded 53 bits (7 bytes)
[0m[NR_MAC] UE 0 RNTI 4fe0 stats sfn: 768.8, cumulated bad DCI 0
    DL Chan: SSB 0 SINR 44.1 dB RSRP -42 dBm, RI 0 CQI: N/A
    DL harq: 1105/0 avg code rate 0.1, avg bit/symbol 2.0, avg per TB: (nb RBs 6.3, nb symbols 10.6)
    UL harq: 7579/0 avg code rate 0.1, avg bit/symbol 2.0, avg per TB: (nb RBs 6.0, nb symbols 12.3)
[0m[NR_RRC] MeasurementReport Encoded 53 bits (7 bytes)
[0m[NR_RRC] MeasurementReport Encoded 53 bits (7 bytes)
[0m[NR_MAC] UE 0 RNTI 4fe0 stats sfn: 896.8, cumulated bad DCI 0
    DL Chan: SSB 0 SINR 43.3 dB RSRP -42 dBm, RI 0 CQI: N/A
    DL harq: 1108/0 avg code rate 0.1, avg bit/symbol 2.0, avg per TB: (nb RBs 6.3, nb symbols 10.6)
    UL harq: 7606/0 avg code rate 0.1, avg bit/symbol 2.0, avg per TB: (nb RBs 6.0, nb symbols 12.3)
[0m[NR_RRC] MeasurementReport Encoded 53 bits (7 bytes)
[0m[NR_MAC] UE 0 RNTI 4fe0 stats sfn: 0.8, cumulated bad DCI 0
    DL Chan: SSB 0 SINR 43.3 dB RSRP -42 dBm, RI 0 CQI: N/A
    DL harq: 1111/0 avg code rate 0.1, avg bit/symbol 2.0, avg per TB: (nb RBs 6.3, nb symbols 10.6)
    UL harq: 7633/0 avg code rate 0.1, avg bit/symbol 2.0, avg per TB: (nb RBs 6.0, nb symbols 12.3)
[0m[NR_RRC] MeasurementReport Encoded 53 bits (7 bytes)
[0m[NR_MAC] UE 0 RNTI 4fe0 stats sfn: 128.8, cumulated bad DCI 0
    DL Chan: SSB 0 SINR 43.3 dB RSRP -42 dBm, RI 0 CQI: N/A
    DL harq: 1113/0 avg code rate 0.1, avg bit/symbol 2.0, avg per TB: (nb RBs 6.3, nb symbols 10.6)
    UL harq: 7661/0 avg code rate 0.1, avg bit/symbol 2.0, avg per TB: (nb RBs 6.0, nb symbols 12.3)
[0m[NR_RRC] MeasurementReport Encoded 53 bits (7 bytes)
[0m[NR_MAC] UE 0 RNTI 4fe0 stats sfn: 256.8, cumulated bad DCI 0
    DL Chan: SSB 0 SINR 43.3 dB RSRP -42 dBm, RI 0 CQI: N/A
    DL harq: 1115/0 avg code rate 0.1, avg bit/symbol 2.0, avg per TB: (nb RBs 6.3, nb symbols 10.6)
    UL harq: 7685/0 avg code rate 0.1, avg bit/symbol 2.0, avg per TB: (nb RBs 6.0, nb symbols 12.3)
[0m[NR_RRC] MeasurementReport Encoded 53 bits (7 bytes)
[0m[NR_RRC] MeasurementReport Encoded 53 bits (7 bytes)
[0m[NR_MAC] UE 0 RNTI 4fe0 stats sfn: 384.8, cumulated bad DCI 0
    DL Chan: SSB 0 SINR 44.1 dB RSRP -42 dBm, RI 0 CQI: N/A
    DL harq: 1118/0 avg code rate 0.1, avg bit/symbol 2.0, avg per TB: (nb RBs 6.3, nb symbols 10.6)
    UL harq: 7708/0 avg code rate 0.1, avg bit/symbol 2.0, avg per TB: (nb RBs 6.0, nb symbols 12.3)
[0m[NR_RRC] MeasurementReport Encoded 53 bits (7 bytes)
[0m[NR_MAC] UE 0 RNTI 4fe0 stats sfn: 512.8, cumulated bad DCI 0
    DL Chan: SSB 0 SINR 44.1 dB RSRP -42 dBm, RI 0 CQI: N/A
    DL harq: 1121/0 avg code rate 0.1, avg bit/symbol 2.0, avg per TB: (nb RBs 6.3, nb symbols 10.7)
    UL harq: 7730/0 avg code rate 0.1, avg bit/symbol 2.0, avg per TB: (nb RBs 6.0, nb symbols 12.3)
[0m[NR_RRC] MeasurementReport Encoded 53 bits (7 bytes)
[0m[NR_MAC] UE 0 RNTI 4fe0 stats sfn: 640.8, cumulated bad DCI 0
    DL Chan: SSB 0 SINR 44.1 dB RSRP -42 dBm, RI 0 CQI: N/A
    DL harq: 1123/0 avg code rate 0.1, avg bit/symbol 2.0, avg per TB: (nb RBs 6.3, nb symbols 10.7)
    UL harq: 7753/0 avg code rate 0.1, avg bit/symbol 2.0, avg per TB: (nb RBs 6.0, nb symbols 12.3)
[0m[NR_RRC] MeasurementReport Encoded 53 bits (7 bytes)
[0m[NR_MAC] UE 0 RNTI 4fe0 stats sfn: 768.8, cumulated bad DCI 0
    DL Chan: SSB 0 SINR 45.1 dB RSRP -42 dBm, RI 0 CQI: N/A
    DL harq: 1126/0 avg code rate 0.1, avg bit/symbol 2.0, avg per TB: (nb RBs 6.3, nb symbols 10.7)
    UL harq: 7788/0 avg code rate 0.1, avg bit/symbol 2.0, avg per TB: (nb RBs 6.0, nb symbols 12.3)
[0m[NR_RRC] MeasurementReport Encoded 53 bits (7 bytes)
[0m[NR_RRC] MeasurementReport Encoded 53 bits (7 bytes)
[0m[NR_MAC] UE 0 RNTI 4fe0 stats sfn: 896.8, cumulated bad DCI 0
    DL Chan: SSB 0 SINR 42.6 dB RSRP -42 dBm, RI 0 CQI: N/A
    DL harq: 1129/0 avg code rate 0.1, avg bit/symbol 2.0, avg per TB: (nb RBs 6.3, nb symbols 10.7)
    UL harq: 7817/0 avg code rate 0.1, avg bit/symbol 2.0, avg per TB: (nb RBs 6.0, nb symbols 12.3)
[0m[NR_RRC] MeasurementReport Encoded 53 bits (7 bytes)
[0m[NR_MAC] UE 0 RNTI 4fe0 stats sfn: 0.8, cumulated bad DCI 0
    DL Chan: SSB 0 SINR 43.3 dB RSRP -42 dBm, RI 0 CQI: N/A
    DL harq: 1132/0 avg code rate 0.1, avg bit/symbol 2.0, avg per TB: (nb RBs 6.3, nb symbols 10.7)
    UL harq: 7846/0 avg code rate 0.1, avg bit/symbol 2.0, avg per TB: (nb RBs 6.0, nb symbols 12.3)
[0m[NR_RRC] MeasurementReport Encoded 53 bits (7 bytes)
[0m[NR_MAC] UE 0 RNTI 4fe0 stats sfn: 128.8, cumulated bad DCI 0
    DL Chan: SSB 0 SINR 45.1 dB RSRP -42 dBm, RI 0 CQI: N/A
    DL harq: 1134/0 avg code rate 0.1, avg bit/symbol 2.0, avg per TB: (nb RBs 6.3, nb symbols 10.7)
    UL harq: 7870/0 avg code rate 0.1, avg bit/symbol 2.0, avg per TB: (nb RBs 6.0, nb symbols 12.3)
[0m[NR_RRC] MeasurementReport Encoded 53 bits (7 bytes)
[0m[NR_MAC] UE 0 RNTI 4fe0 stats sfn: 256.8, cumulated bad DCI 0
    DL Chan: SSB 0 SINR 44.1 dB RSRP -42 dBm, RI 0 CQI: N/A
    DL harq: 1136/0 avg code rate 0.1, avg bit/symbol 2.0, avg per TB: (nb RBs 6.3, nb symbols 10.7)
    UL harq: 7892/0 avg code rate 0.1, avg bit/symbol 2.0, avg per TB: (nb RBs 6.0, nb symbols 12.3)
[0m[NR_RRC] MeasurementReport Encoded 53 bits (7 bytes)
[0m[NR_MAC] UE 0 RNTI 4fe0 stats sfn: 384.8, cumulated bad DCI 0
    DL Chan: SSB 0 SINR 44.1 dB RSRP -42 dBm, RI 0 CQI: N/A
    DL harq: 1139/0 avg code rate 0.1, avg bit/symbol 2.0, avg per TB: (nb RBs 6.3, nb symbols 10.7)
    UL harq: 7914/0 avg code rate 0.1, avg bit/symbol 2.0, avg per TB: (nb RBs 6.0, nb symbols 12.3)
[0m[NR_RRC] MeasurementReport Encoded 53 bits (7 bytes)
[0m[NR_RRC] MeasurementReport Encoded 53 bits (7 bytes)
[0m[NR_MAC] UE 0 RNTI 4fe0 stats sfn: 512.8, cumulated bad DCI 0
    DL Chan: SSB 0 SINR 44.1 dB RSRP -42 dBm, RI 0 CQI: N/A
    DL harq: 1142/0 avg code rate 0.1, avg bit/symbol 2.0, avg per TB: (nb RBs 6.3, nb symbols 10.7)
    UL harq: 7941/0 avg code rate 0.1, avg bit/symbol 2.0, avg per TB: (nb RBs 6.0, nb symbols 12.3)
[0m[NR_RRC] MeasurementReport Encoded 53 bits (7 bytes)
[0m[NR_MAC] UE 0 RNTI 4fe0 stats sfn: 640.8, cumulated bad DCI 0
    DL Chan: SSB 0 SINR 43.3 dB RSRP -42 dBm, RI 0 CQI: N/A
    DL harq: 1144/0 avg code rate 0.1, avg bit/symbol 2.0, avg per TB: (nb RBs 6.3, nb symbols 10.7)
    UL harq: 7968/0 avg code rate 0.1, avg bit/symbol 2.0, avg per TB: (nb RBs 6.0, nb symbols 12.3)
[0m[NR_RRC] MeasurementReport Encoded 53 bits (7 bytes)
[0m[NR_MAC] UE 0 RNTI 4fe0 stats sfn: 768.8, cumulated bad DCI 0
    DL Chan: SSB 0 SINR 42.6 dB RSRP -42 dBm, RI 0 CQI: N/A
    DL harq: 1147/0 avg code rate 0.1, avg bit/symbol 2.0, avg per TB: (nb RBs 6.3, nb symbols 10.7)
    UL harq: 7995/0 avg code rate 0.1, avg bit/symbol 2.0, avg per TB: (nb RBs 6.0, nb symbols 12.3)
[0m[NR_RRC] MeasurementReport Encoded 53 bits (7 bytes)
[0m[NR_MAC] UE 0 RNTI 4fe0 stats sfn: 896.8, cumulated bad DCI 0
    DL Chan: SSB 0 SINR 43.3 dB RSRP -42 dBm, RI 0 CQI: N/A
    DL harq: 1149/0 avg code rate 0.1, avg bit/symbol 2.0, avg per TB: (nb RBs 6.3, nb symbols 10.7)
    UL harq: 8019/0 avg code rate 0.1, avg bit/symbol 2.0, avg per TB: (nb RBs 6.0, nb symbols 12.3)
[0m[NR_RRC] MeasurementReport Encoded 53 bits (7 bytes)
[0m[NR_RRC] MeasurementReport Encoded 53 bits (7 bytes)
[0m[NR_MAC] UE 0 RNTI 4fe0 stats sfn: 0.8, cumulated bad DCI 0
    DL Chan: SSB 0 SINR 42.6 dB RSRP -42 dBm, RI 0 CQI: N/A
    DL harq: 1153/0 avg code rate 0.1, avg bit/symbol 2.0, avg per TB: (nb RBs 6.3, nb symbols 10.7)
    UL harq: 8049/0 avg code rate 0.1, avg bit/symbol 2.0, avg per TB: (nb RBs 6.0, nb symbols 12.3)
[0m[NR_RRC] MeasurementReport Encoded 53 bits (7 bytes)
[0m[NR_MAC] UE 0 RNTI 4fe0 stats sfn: 128.8, cumulated bad DCI 0
    DL Chan: SSB 0 SINR 42.6 dB RSRP -42 dBm, RI 0 CQI: N/A
    DL harq: 1155/0 avg code rate 0.1, avg bit/symbol 2.0, avg per TB: (nb RBs 6.3, nb symbols 10.7)
    UL harq: 8069/0 avg code rate 0.1, avg bit/symbol 2.0, avg per TB: (nb RBs 6.0, nb symbols 12.3)
[0m[NR_RRC] MeasurementReport Encoded 53 bits (7 bytes)
[0m[NR_MAC] UE 0 RNTI 4fe0 stats sfn: 256.8, cumulated bad DCI 0
    DL Chan: SSB 0 SINR 43.3 dB RSRP -42 dBm, RI 0 CQI: N/A
    DL harq: 1158/0 avg code rate 0.1, avg bit/symbol 2.0, avg per TB: (nb RBs 6.3, nb symbols 10.7)
    UL harq: 8090/0 avg code rate 0.1, avg bit/symbol 2.0, avg per TB: (nb RBs 6.0, nb symbols 12.3)
[0m[NR_RRC] MeasurementReport Encoded 53 bits (7 bytes)
[0m[NR_MAC] UE 0 RNTI 4fe0 stats sfn: 384.8, cumulated bad DCI 0
    DL Chan: SSB 0 SINR 42.6 dB RSRP -42 dBm, RI 0 CQI: N/A
    DL harq: 1160/0 avg code rate 0.1, avg bit/symbol 2.0, avg per TB: (nb RBs 6.3, nb symbols 10.7)
    UL harq: 8118/0 avg code rate 0.1, avg bit/symbol 2.0, avg per TB: (nb RBs 6.0, nb symbols 12.3)
[0m[NR_RRC] MeasurementReport Encoded 53 bits (7 bytes)
[0m[NR_RRC] MeasurementReport Encoded 53 bits (7 bytes)
[0m[NR_MAC] UE 0 RNTI 4fe0 stats sfn: 512.8, cumulated bad DCI 0
    DL Chan: SSB 0 SINR 45.1 dB RSRP -42 dBm, RI 0 CQI: N/A
    DL harq: 1163/0 avg code rate 0.1, avg bit/symbol 2.0, avg per TB: (nb RBs 6.3, nb symbols 10.7)
    UL harq: 8150/0 avg code rate 0.1, avg bit/symbol 2.0, avg per TB: (nb RBs 6.0, nb symbols 12.3)
[0m[NR_RRC] MeasurementReport Encoded 53 bits (7 bytes)
[0m[NR_MAC] UE 0 RNTI 4fe0 stats sfn: 640.8, cumulated bad DCI 0
    DL Chan: SSB 0 SINR 43.3 dB RSRP -42 dBm, RI 0 CQI: N/A
    DL harq: 1165/0 avg code rate 0.1, avg bit/symbol 2.0, avg per TB: (nb RBs 6.3, nb symbols 10.7)
    UL harq: 8173/0 avg code rate 0.1, avg bit/symbol 2.0, avg per TB: (nb RBs 6.0, nb symbols 12.3)
[0m[NR_RRC] MeasurementReport Encoded 53 bits (7 bytes)
[0m[NR_MAC] UE 0 RNTI 4fe0 stats sfn: 768.8, cumulated bad DCI 0
    DL Chan: SSB 0 SINR 44.1 dB RSRP -42 dBm, RI 0 CQI: N/A
    DL harq: 1168/0 avg code rate 0.1, avg bit/symbol 2.0, avg per TB: (nb RBs 6.3, nb symbols 10.7)
    UL harq: 8193/0 avg code rate 0.1, avg bit/symbol 2.0, avg per TB: (nb RBs 6.0, nb symbols 12.3)
[0m[NR_RRC] MeasurementReport Encoded 53 bits (7 bytes)
[0m[NR_MAC] UE 0 RNTI 4fe0 stats sfn: 896.8, cumulated bad DCI 0
    DL Chan: SSB 0 SINR 44.1 dB RSRP -42 dBm, RI 0 CQI: N/A
    DL harq: 1170/0 avg code rate 0.1, avg bit/symbol 2.0, avg per TB: (nb RBs 6.3, nb symbols 10.8)
    UL harq: 8216/0 avg code rate 0.1, avg bit/symbol 2.0, avg per TB: (nb RBs 6.0, nb symbols 12.3)
[0m[NR_RRC] MeasurementReport Encoded 53 bits (7 bytes)
[0m[NR_RRC] MeasurementReport Encoded 53 bits (7 bytes)
[0m[NR_MAC] UE 0 RNTI 4fe0 stats sfn: 0.8, cumulated bad DCI 0
    DL Chan: SSB 0 SINR 42.6 dB RSRP -42 dBm, RI 0 CQI: N/A
    DL harq: 1173/0 avg code rate 0.1, avg bit/symbol 2.0, avg per TB: (nb RBs 6.3, nb symbols 10.8)
    UL harq: 8241/0 avg code rate 0.1, avg bit/symbol 2.0, avg per TB: (nb RBs 5.9, nb symbols 12.3)
[0m[NR_RRC] MeasurementReport Encoded 53 bits (7 bytes)
[0m[NR_MAC] UE 0 RNTI 4fe0 stats sfn: 128.8, cumulated bad DCI 0
    DL Chan: SSB 0 SINR 45.1 dB RSRP -42 dBm, RI 0 CQI: N/A
    DL harq: 1176/0 avg code rate 0.1, avg bit/symbol 2.0, avg per TB: (nb RBs 6.3, nb symbols 10.8)
    UL harq: 8264/0 avg code rate 0.1, avg bit/symbol 2.0, avg per TB: (nb RBs 5.9, nb symbols 12.3)
[0m[NR_RRC] MeasurementReport Encoded 53 bits (7 bytes)
[0m[NR_MAC] UE 0 RNTI 4fe0 stats sfn: 256.8, cumulated bad DCI 0
    DL Chan: SSB 0 SINR 44.1 dB RSRP -42 dBm, RI 0 CQI: N/A
    DL harq: 1178/0 avg code rate 0.1, avg bit/symbol 2.0, avg per TB: (nb RBs 6.3, nb symbols 10.8)
    UL harq: 8294/0 avg code rate 0.1, avg bit/symbol 2.0, avg per TB: (nb RBs 5.9, nb symbols 12.3)
[0m[NR_RRC] MeasurementReport Encoded 53 bits (7 bytes)
[0m[NR_MAC] UE 0 RNTI 4fe0 stats sfn: 384.8, cumulated bad DCI 0
    DL Chan: SSB 0 SINR 43.3 dB RSRP -42 dBm, RI 0 CQI: N/A
    DL harq: 1180/0 avg code rate 0.1, avg bit/symbol 2.0, avg per TB: (nb RBs 6.3, nb symbols 10.8)
    UL harq: 8322/0 avg code rate 0.1, avg bit/symbol 2.0, avg per TB: (nb RBs 5.9, nb symbols 12.3)
[0m[NR_RRC] MeasurementReport Encoded 53 bits (7 bytes)
[0m[NR_RRC] MeasurementReport Encoded 53 bits (7 bytes)
[0m[NR_MAC] UE 0 RNTI 4fe0 stats sfn: 512.8, cumulated bad DCI 0
    DL Chan: SSB 0 SINR 44.1 dB RSRP -42 dBm, RI 0 CQI: N/A
    DL harq: 1183/0 avg code rate 0.1, avg bit/symbol 2.0, avg per TB: (nb RBs 6.3, nb symbols 10.8)
    UL harq: 8348/0 avg code rate 0.1, avg bit/symbol 2.0, avg per TB: (nb RBs 5.9, nb symbols 12.3)
[0m[NR_RRC] MeasurementReport Encoded 53 bits (7 bytes)
[0m[NR_MAC] UE 0 RNTI 4fe0 stats sfn: 640.8, cumulated bad DCI 0
    DL Chan: SSB 0 SINR 43.3 dB RSRP -42 dBm, RI 0 CQI: N/A
    DL harq: 1186/0 avg code rate 0.1, avg bit/symbol 2.0, avg per TB: (nb RBs 6.2, nb symbols 10.8)
    UL harq: 8371/0 avg code rate 0.1, avg bit/symbol 2.0, avg per TB: (nb RBs 5.9, nb symbols 12.3)
[0m[NR_RRC] MeasurementReport Encoded 53 bits (7 bytes)
[0m[NR_MAC] UE 0 RNTI 4fe0 stats sfn: 768.8, cumulated bad DCI 0
    DL Chan: SSB 0 SINR 44.1 dB RSRP -42 dBm, RI 0 CQI: N/A
    DL harq: 1188/0 avg code rate 0.1, avg bit/symbol 2.0, avg per TB: (nb RBs 6.2, nb symbols 10.8)
    UL harq: 8392/0 avg code rate 0.1, avg bit/symbol 2.0, avg per TB: (nb RBs 5.9, nb symbols 12.3)
[0m[NR_RRC] MeasurementReport Encoded 53 bits (7 bytes)
[0m[NR_MAC] UE 0 RNTI 4fe0 stats sfn: 896.8, cumulated bad DCI 0
    DL Chan: SSB 0 SINR 46.3 dB RSRP -42 dBm, RI 0 CQI: N/A
    DL harq: 1190/0 avg code rate 0.1, avg bit/symbol 2.0, avg per TB: (nb RBs 6.2, nb symbols 10.8)
    UL harq: 8417/0 avg code rate 0.1, avg bit/symbol 2.0, avg per TB: (nb RBs 5.9, nb symbols 12.3)
[0m[NR_RRC] MeasurementReport Encoded 53 bits (7 bytes)
[0m[NR_RRC] MeasurementReport Encoded 53 bits (7 bytes)
[0m[NR_MAC] UE 0 RNTI 4fe0 stats sfn: 0.8, cumulated bad DCI 0
    DL Chan: SSB 0 SINR 44.1 dB RSRP -42 dBm, RI 0 CQI: N/A
    DL harq: 1194/0 avg code rate 0.1, avg bit/symbol 2.0, avg per TB: (nb RBs 6.2, nb symbols 10.8)
    UL harq: 8445/0 avg code rate 0.1, avg bit/symbol 2.0, avg per TB: (nb RBs 5.9, nb symbols 12.4)
[0m[NR_RRC] MeasurementReport Encoded 53 bits (7 bytes)
[0m[NR_MAC] UE 0 RNTI 4fe0 stats sfn: 128.8, cumulated bad DCI 0
    DL Chan: SSB 0 SINR 44.1 dB RSRP -42 dBm, RI 0 CQI: N/A
    DL harq: 1196/0 avg code rate 0.1, avg bit/symbol 2.0, avg per TB: (nb RBs 6.2, nb symbols 10.8)
    UL harq: 8472/0 avg code rate 0.1, avg bit/symbol 2.0, avg per TB: (nb RBs 5.9, nb symbols 12.4)
[0m[NR_RRC] MeasurementReport Encoded 53 bits (7 bytes)
[0m[NR_MAC] UE 0 RNTI 4fe0 stats sfn: 256.8, cumulated bad DCI 0
    DL Chan: SSB 0 SINR 45.1 dB RSRP -42 dBm, RI 0 CQI: N/A
    DL harq: 1198/0 avg code rate 0.1, avg bit/symbol 2.0, avg per TB: (nb RBs 6.2, nb symbols 10.8)
    UL harq: 8496/0 avg code rate 0.1, avg bit/symbol 2.0, avg per TB: (nb RBs 5.9, nb symbols 12.4)
[0m[NR_RRC] MeasurementReport Encoded 53 bits (7 bytes)
[0m[NR_MAC] UE 0 RNTI 4fe0 stats sfn: 384.8, cumulated bad DCI 0
    DL Chan: SSB 0 SINR 45.1 dB RSRP -42 dBm, RI 0 CQI: N/A
    DL harq: 1200/0 avg code rate 0.1, avg bit/symbol 2.0, avg per TB: (nb RBs 6.2, nb symbols 10.8)
    UL harq: 8518/0 avg code rate 0.1, avg bit/symbol 2.0, avg per TB: (nb RBs 5.9, nb symbols 12.4)
[0m[NR_RRC] MeasurementReport Encoded 53 bits (7 bytes)
[0m[NR_RRC] MeasurementReport Encoded 53 bits (7 bytes)
[0m[NR_MAC] UE 0 RNTI 4fe0 stats sfn: 512.8, cumulated bad DCI 0
    DL Chan: SSB 0 SINR 45.1 dB RSRP -42 dBm, RI 0 CQI: N/A
    DL harq: 1204/0 avg code rate 0.1, avg bit/symbol 2.0, avg per TB: (nb RBs 6.2, nb symbols 10.8)
    UL harq: 8543/0 avg code rate 0.1, avg bit/symbol 2.0, avg per TB: (nb RBs 5.9, nb symbols 12.4)
[0m[NR_RRC] MeasurementReport Encoded 53 bits (7 bytes)
[0m[NR_MAC] UE 0 RNTI 4fe0 stats sfn: 640.8, cumulated bad DCI 0
    DL Chan: SSB 0 SINR 43.3 dB RSRP -42 dBm, RI 0 CQI: N/A
    DL harq: 1206/0 avg code rate 0.1, avg bit/symbol 2.0, avg per TB: (nb RBs 6.2, nb symbols 10.8)
    UL harq: 8564/0 avg code rate 0.1, avg bit/symbol 2.0, avg per TB: (nb RBs 5.9, nb symbols 12.4)
[0m[NR_RRC] MeasurementReport Encoded 53 bits (7 bytes)
[0m[NR_MAC] UE 0 RNTI 4fe0 stats sfn: 768.8, cumulated bad DCI 0
    DL Chan: SSB 0 SINR 43.3 dB RSRP -42 dBm, RI 0 CQI: N/A
    DL harq: 1208/0 avg code rate 0.1, avg bit/symbol 2.0, avg per TB: (nb RBs 6.2, nb symbols 10.8)
    UL harq: 8588/0 avg code rate 0.1, avg bit/symbol 2.0, avg per TB: (nb RBs 5.9, nb symbols 12.4)
[0m[NR_RRC] MeasurementReport Encoded 53 bits (7 bytes)
[0m[NR_MAC] UE 0 RNTI 4fe0 stats sfn: 896.8, cumulated bad DCI 0
    DL Chan: SSB 0 SINR 44.1 dB RSRP -42 dBm, RI 0 CQI: N/A
    DL harq: 1211/0 avg code rate 0.1, avg bit/symbol 2.0, avg per TB: (nb RBs 6.2, nb symbols 10.8)
    UL harq: 8616/0 avg code rate 0.1, avg bit/symbol 2.0, avg per TB: (nb RBs 5.9, nb symbols 12.4)
[0m[NR_RRC] MeasurementReport Encoded 53 bits (7 bytes)
[0m[NR_RRC] MeasurementReport Encoded 53 bits (7 bytes)
[0m[NR_MAC] UE 0 RNTI 4fe0 stats sfn: 0.8, cumulated bad DCI 0
    DL Chan: SSB 0 SINR 44.1 dB RSRP -42 dBm, RI 0 CQI: N/A
    DL harq: 1214/0 avg code rate 0.1, avg bit/symbol 2.0, avg per TB: (nb RBs 6.2, nb symbols 10.8)
    UL harq: 8646/0 avg code rate 0.1, avg bit/symbol 2.0, avg per TB: (nb RBs 5.9, nb symbols 12.4)
[0m[NR_RRC] MeasurementReport Encoded 53 bits (7 bytes)
[0m[NR_MAC] UE 0 RNTI 4fe0 stats sfn: 128.8, cumulated bad DCI 0
    DL Chan: SSB 0 SINR 43.3 dB RSRP -42 dBm, RI 0 CQI: N/A
    DL harq: 1216/0 avg code rate 0.1, avg bit/symbol 2.0, avg per TB: (nb RBs 6.2, nb symbols 10.8)
    UL harq: 8670/0 avg code rate 0.1, avg bit/symbol 2.0, avg per TB: (nb RBs 5.9, nb symbols 12.4)
[0m[NR_RRC] MeasurementReport Encoded 53 bits (7 bytes)
[0m[NR_MAC] UE 0 RNTI 4fe0 stats sfn: 256.8, cumulated bad DCI 0
    DL Chan: SSB 0 SINR 43.3 dB RSRP -42 dBm, RI 0 CQI: N/A
    DL harq: 1218/0 avg code rate 0.1, avg bit/symbol 2.0, avg per TB: (nb RBs 6.2, nb symbols 10.8)
    UL harq: 8691/0 avg code rate 0.1, avg bit/symbol 2.0, avg per TB: (nb RBs 5.9, nb symbols 12.4)
[0m[NR_RRC] MeasurementReport Encoded 53 bits (7 bytes)
[0m[NR_MAC] UE 0 RNTI 4fe0 stats sfn: 384.8, cumulated bad DCI 0
    DL Chan: SSB 0 SINR 43.3 dB RSRP -42 dBm, RI 0 CQI: N/A
    DL harq: 1221/0 avg code rate 0.1, avg bit/symbol 2.0, avg per TB: (nb RBs 6.2, nb symbols 10.8)
    UL harq: 8711/0 avg code rate 0.1, avg bit/symbol 2.0, avg per TB: (nb RBs 5.9, nb symbols 12.4)
[0m[NR_RRC] MeasurementReport Encoded 53 bits (7 bytes)
[0m[NR_MAC] UE 0 RNTI 4fe0 stats sfn: 512.8, cumulated bad DCI 0
    DL Chan: SSB 0 SINR 45.1 dB RSRP -42 dBm, RI 0 CQI: N/A
    DL harq: 1223/0 avg code rate 0.1, avg bit/symbol 2.0, avg per TB: (nb RBs 6.2, nb symbols 10.8)
    UL harq: 8738/0 avg code rate 0.1, avg bit/symbol 2.0, avg per TB: (nb RBs 5.9, nb symbols 12.4)
[0m[NR_RRC] MeasurementReport Encoded 53 bits (7 bytes)
[0m[NR_RRC] MeasurementReport Encoded 53 bits (7 bytes)
[0m[NR_MAC] UE 0 RNTI 4fe0 stats sfn: 640.8, cumulated bad DCI 0
    DL Chan: SSB 0 SINR 45.1 dB RSRP -42 dBm, RI 0 CQI: N/A
    DL harq: 1226/0 avg code rate 0.1, avg bit/symbol 2.0, avg per TB: (nb RBs 6.2, nb symbols 10.9)
    UL harq: 8768/0 avg code rate 0.1, avg bit/symbol 2.0, avg per TB: (nb RBs 5.9, nb symbols 12.4)
[0m[NR_RRC] MeasurementReport Encoded 53 bits (7 bytes)
[0m[NR_MAC] UE 0 RNTI 4fe0 stats sfn: 768.8, cumulated bad DCI 0
    DL Chan: SSB 0 SINR 43.3 dB RSRP -42 dBm, RI 0 CQI: N/A
    DL harq: 1228/0 avg code rate 0.1, avg bit/symbol 2.0, avg per TB: (nb RBs 6.2, nb symbols 10.9)
    UL harq: 8793/0 avg code rate 0.1, avg bit/symbol 2.0, avg per TB: (nb RBs 5.9, nb symbols 12.4)
[0m[NR_RRC] MeasurementReport Encoded 53 bits (7 bytes)
[0m[NR_MAC] UE 0 RNTI 4fe0 stats sfn: 896.8, cumulated bad DCI 0
    DL Chan: SSB 0 SINR 43.3 dB RSRP -42 dBm, RI 0 CQI: N/A
    DL harq: 1231/0 avg code rate 0.1, avg bit/symbol 2.0, avg per TB: (nb RBs 6.2, nb symbols 10.9)
    UL harq: 8817/0 avg code rate 0.1, avg bit/symbol 2.0, avg per TB: (nb RBs 5.9, nb symbols 12.4)
[0m[NR_RRC] MeasurementReport Encoded 53 bits (7 bytes)
[0m[NR_MAC] UE 0 RNTI 4fe0 stats sfn: 0.8, cumulated bad DCI 0
    DL Chan: SSB 0 SINR 43.3 dB RSRP -42 dBm, RI 0 CQI: N/A
    DL harq: 1233/0 avg code rate 0.1, avg bit/symbol 2.0, avg per TB: (nb RBs 6.2, nb symbols 10.9)
    UL harq: 8839/0 avg code rate 0.1, avg bit/symbol 2.0, avg per TB: (nb RBs 5.9, nb symbols 12.4)
[0m[NR_RRC] MeasurementReport Encoded 53 bits (7 bytes)
[0m[NR_RRC] MeasurementReport Encoded 53 bits (7 bytes)
[0m[NR_MAC] UE 0 RNTI 4fe0 stats sfn: 128.8, cumulated bad DCI 0
    DL Chan: SSB 0 SINR 41.6 dB RSRP -42 dBm, RI 0 CQI: N/A
    DL harq: 1236/0 avg code rate 0.1, avg bit/symbol 2.0, avg per TB: (nb RBs 6.2, nb symbols 10.9)
    UL harq: 8864/0 avg code rate 0.1, avg bit/symbol 2.0, avg per TB: (nb RBs 5.9, nb symbols 12.4)
[0m[NR_RRC] MeasurementReport Encoded 53 bits (7 bytes)
[0m[NR_MAC] UE 0 RNTI 4fe0 stats sfn: 256.8, cumulated bad DCI 0
    DL Chan: SSB 0 SINR 42.6 dB RSRP -42 dBm, RI 0 CQI: N/A
    DL harq: 1239/0 avg code rate 0.1, avg bit/symbol 2.0, avg per TB: (nb RBs 6.2, nb symbols 10.9)
    UL harq: 8886/0 avg code rate 0.1, avg bit/symbol 2.0, avg per TB: (nb RBs 5.9, nb symbols 12.4)
[0m[NR_RRC] MeasurementReport Encoded 53 bits (7 bytes)
[0m[NR_MAC] UE 0 RNTI 4fe0 stats sfn: 384.8, cumulated bad DCI 0
    DL Chan: SSB 0 SINR 42.6 dB RSRP -42 dBm, RI 0 CQI: N/A
    DL harq: 1241/0 avg code rate 0.1, avg bit/symbol 2.0, avg per TB: (nb RBs 6.2, nb symbols 10.9)
    UL harq: 8912/0 avg code rate 0.1, avg bit/symbol 2.0, avg per TB: (nb RBs 5.9, nb symbols 12.4)
[0m[NR_RRC] MeasurementReport Encoded 53 bits (7 bytes)
[0m[NR_MAC] UE 0 RNTI 4fe0 stats sfn: 512.8, cumulated bad DCI 0
    DL Chan: SSB 0 SINR 43.3 dB RSRP -42 dBm, RI 0 CQI: N/A
    DL harq: 1243/0 avg code rate 0.1, avg bit/symbol 2.0, avg per TB: (nb RBs 6.2, nb symbols 10.9)
    UL harq: 8943/0 avg code rate 0.1, avg bit/symbol 2.0, avg per TB: (nb RBs 5.9, nb symbols 12.4)
[0m[NR_RRC] MeasurementReport Encoded 53 bits (7 bytes)
[0m[NR_RRC] MeasurementReport Encoded 53 bits (7 bytes)
[0m[NR_MAC] UE 0 RNTI 4fe0 stats sfn: 640.8, cumulated bad DCI 0
    DL Chan: SSB 0 SINR 43.3 dB RSRP -42 dBm, RI 0 CQI: N/A
    DL harq: 1246/0 avg code rate 0.1, avg bit/symbol 2.0, avg per TB: (nb RBs 6.2, nb symbols 10.9)
    UL harq: 8969/0 avg code rate 0.1, avg bit/symbol 2.0, avg per TB: (nb RBs 5.9, nb symbols 12.4)
[0m[NR_RRC] MeasurementReport Encoded 53 bits (7 bytes)
[0m[NR_MAC] UE 0 RNTI 4fe0 stats sfn: 768.8, cumulated bad DCI 0
    DL Chan: SSB 0 SINR 42.6 dB RSRP -42 dBm, RI 0 CQI: N/A
    DL harq: 1249/0 avg code rate 0.1, avg bit/symbol 2.0, avg per TB: (nb RBs 6.2, nb symbols 10.9)
    UL harq: 8992/0 avg code rate 0.1, avg bit/symbol 2.0, avg per TB: (nb RBs 5.9, nb symbols 12.4)
[0m[NR_RRC] MeasurementReport Encoded 53 bits (7 bytes)
[0m[NR_MAC] UE 0 RNTI 4fe0 stats sfn: 896.8, cumulated bad DCI 0
    DL Chan: SSB 0 SINR 44.1 dB RSRP -42 dBm, RI 0 CQI: N/A
    DL harq: 1251/0 avg code rate 0.1, avg bit/symbol 2.0, avg per TB: (nb RBs 6.2, nb symbols 10.9)
    UL harq: 9014/0 avg code rate 0.1, avg bit/symbol 2.0, avg per TB: (nb RBs 5.9, nb symbols 12.4)
[0m[NR_RRC] MeasurementReport Encoded 53 bits (7 bytes)
[0m[NR_MAC] UE 0 RNTI 4fe0 stats sfn: 0.8, cumulated bad DCI 0
    DL Chan: SSB 0 SINR 45.1 dB RSRP -42 dBm, RI 0 CQI: N/A
    DL harq: 1253/0 avg code rate 0.1, avg bit/symbol 2.0, avg per TB: (nb RBs 6.2, nb symbols 10.9)
    UL harq: 9038/0 avg code rate 0.1, avg bit/symbol 2.0, avg per TB: (nb RBs 5.9, nb symbols 12.4)
[0m[NR_RRC] MeasurementReport Encoded 53 bits (7 bytes)
[0m[NR_RRC] MeasurementReport Encoded 53 bits (7 bytes)
[0m[NR_MAC] UE 0 RNTI 4fe0 stats sfn: 128.8, cumulated bad DCI 0
    DL Chan: SSB 0 SINR 42.6 dB RSRP -42 dBm, RI 0 CQI: N/A
    DL harq: 1257/0 avg code rate 0.1, avg bit/symbol 2.0, avg per TB: (nb RBs 6.2, nb symbols 10.9)
    UL harq: 9066/0 avg code rate 0.1, avg bit/symbol 2.0, avg per TB: (nb RBs 5.9, nb symbols 12.4)
[0m[NR_RRC] MeasurementReport Encoded 53 bits (7 bytes)
[0m[NR_MAC] UE 0 RNTI 4fe0 stats sfn: 256.8, cumulated bad DCI 0
    DL Chan: SSB 0 SINR 43.3 dB RSRP -42 dBm, RI 0 CQI: N/A
    DL harq: 1259/0 avg code rate 0.1, avg bit/symbol 2.0, avg per TB: (nb RBs 6.2, nb symbols 10.9)
    UL harq: 9094/0 avg code rate 0.1, avg bit/symbol 2.0, avg per TB: (nb RBs 5.9, nb symbols 12.4)
[0m[NR_RRC] MeasurementReport Encoded 53 bits (7 bytes)
[0m[NR_MAC] UE 0 RNTI 4fe0 stats sfn: 384.8, cumulated bad DCI 0
    DL Chan: SSB 0 SINR 44.1 dB RSRP -42 dBm, RI 0 CQI: N/A
    DL harq: 1261/0 avg code rate 0.1, avg bit/symbol 2.0, avg per TB: (nb RBs 6.2, nb symbols 10.9)
    UL harq: 9122/0 avg code rate 0.1, avg bit/symbol 2.0, avg per TB: (nb RBs 5.9, nb symbols 12.4)
[0m[NR_RRC] MeasurementReport Encoded 53 bits (7 bytes)
[0m[NR_MAC] UE 0 RNTI 4fe0 stats sfn: 512.8, cumulated bad DCI 0
    DL Chan: SSB 0 SINR 42.6 dB RSRP -42 dBm, RI 0 CQI: N/A
    DL harq: 1263/0 avg code rate 0.1, avg bit/symbol 2.0, avg per TB: (nb RBs 6.2, nb symbols 10.9)
    UL harq: 9146/0 avg code rate 0.1, avg bit/symbol 2.0, avg per TB: (nb RBs 5.9, nb symbols 12.4)
[0m[NR_RRC] MeasurementReport Encoded 53 bits (7 bytes)
[0m[NR_RRC] MeasurementReport Encoded 53 bits (7 bytes)
[0m[NR_MAC] UE 0 RNTI 4fe0 stats sfn: 640.8, cumulated bad DCI 0
    DL Chan: SSB 0 SINR 44.1 dB RSRP -42 dBm, RI 0 CQI: N/A
    DL harq: 1267/0 avg code rate 0.1, avg bit/symbol 2.0, avg per TB: (nb RBs 6.2, nb symbols 10.9)
    UL harq: 9169/0 avg code rate 0.1, avg bit/symbol 2.0, avg per TB: (nb RBs 5.9, nb symbols 12.4)
[0m[NR_RRC] MeasurementReport Encoded 53 bits (7 bytes)
[0m[NR_MAC] UE 0 RNTI 4fe0 stats sfn: 768.8, cumulated bad DCI 0
    DL Chan: SSB 0 SINR 42.6 dB RSRP -42 dBm, RI 0 CQI: N/A
    DL harq: 1269/0 avg code rate 0.1, avg bit/symbol 2.0, avg per TB: (nb RBs 6.2, nb symbols 10.9)
    UL harq: 9190/0 avg code rate 0.1, avg bit/symbol 2.0, avg per TB: (nb RBs 5.9, nb symbols 12.4)
[0m[NR_RRC] MeasurementReport Encoded 53 bits (7 bytes)
[0m[NR_MAC] UE 0 RNTI 4fe0 stats sfn: 896.8, cumulated bad DCI 0
    DL Chan: SSB 0 SINR 44.1 dB RSRP -42 dBm, RI 0 CQI: N/A
    DL harq: 1271/0 avg code rate 0.1, avg bit/symbol 2.0, avg per TB: (nb RBs 6.2, nb symbols 10.9)
    UL harq: 9214/0 avg code rate 0.1, avg bit/symbol 2.0, avg per TB: (nb RBs 5.9, nb symbols 12.4)
[0m[NR_RRC] MeasurementReport Encoded 53 bits (7 bytes)
[0m[NR_MAC] UE 0 RNTI 4fe0 stats sfn: 0.8, cumulated bad DCI 0
    DL Chan: SSB 0 SINR 42.6 dB RSRP -42 dBm, RI 0 CQI: N/A
    DL harq: 1274/0 avg code rate 0.1, avg bit/symbol 2.0, avg per TB: (nb RBs 6.2, nb symbols 10.9)
    UL harq: 9238/0 avg code rate 0.1, avg bit/symbol 2.0, avg per TB: (nb RBs 5.9, nb symbols 12.4)
[0m[NR_RRC] MeasurementReport Encoded 53 bits (7 bytes)
[0m[NR_RRC] MeasurementReport Encoded 53 bits (7 bytes)
[0m[NR_MAC] UE 0 RNTI 4fe0 stats sfn: 128.8, cumulated bad DCI 0
    DL Chan: SSB 0 SINR 42.6 dB RSRP -42 dBm, RI 0 CQI: N/A
    DL harq: 1277/0 avg code rate 0.1, avg bit/symbol 2.0, avg per TB: (nb RBs 6.2, nb symbols 10.9)
    UL harq: 9269/0 avg code rate 0.1, avg bit/symbol 2.0, avg per TB: (nb RBs 5.9, nb symbols 12.4)
[0m[NR_RRC] MeasurementReport Encoded 53 bits (7 bytes)
[0m[NR_MAC] UE 0 RNTI 4fe0 stats sfn: 256.8, cumulated bad DCI 0
    DL Chan: SSB 0 SINR 43.3 dB RSRP -42 dBm, RI 0 CQI: N/A
    DL harq: 1279/0 avg code rate 0.1, avg bit/symbol 2.0, avg per TB: (nb RBs 6.2, nb symbols 10.9)
    UL harq: 9294/0 avg code rate 0.1, avg bit/symbol 2.0, avg per TB: (nb RBs 5.8, nb symbols 12.4)
[0m[NR_RRC] MeasurementReport Encoded 53 bits (7 bytes)
[0m[NR_MAC] UE 0 RNTI 4fe0 stats sfn: 384.8, cumulated bad DCI 0
    DL Chan: SSB 0 SINR 43.3 dB RSRP -42 dBm, RI 0 CQI: N/A
    DL harq: 1281/0 avg code rate 0.1, avg bit/symbol 2.0, avg per TB: (nb RBs 6.2, nb symbols 10.9)
    UL harq: 9315/0 avg code rate 0.1, avg bit/symbol 2.0, avg per TB: (nb RBs 5.8, nb symbols 12.4)
[0m[NR_RRC] MeasurementReport Encoded 53 bits (7 bytes)
[0m[NR_MAC] UE 0 RNTI 4fe0 stats sfn: 512.8, cumulated bad DCI 0
    DL Chan: SSB 0 SINR 42.6 dB RSRP -42 dBm, RI 0 CQI: N/A
    DL harq: 1284/0 avg code rate 0.1, avg bit/symbol 2.0, avg per TB: (nb RBs 6.2, nb symbols 11.0)
    UL harq: 9337/0 avg code rate 0.1, avg bit/symbol 2.0, avg per TB: (nb RBs 5.8, nb symbols 12.4)
[0m[NR_RRC] MeasurementReport Encoded 53 bits (7 bytes)
[0m[NR_RRC] MeasurementReport Encoded 53 bits (7 bytes)
[0m[NR_MAC] UE 0 RNTI 4fe0 stats sfn: 640.8, cumulated bad DCI 0
    DL Chan: SSB 0 SINR 42.6 dB RSRP -42 dBm, RI 0 CQI: N/A
    DL harq: 1287/0 avg code rate 0.1, avg bit/symbol 2.0, avg per TB: (nb RBs 6.1, nb symbols 11.0)
    UL harq: 9364/0 avg code rate 0.1, avg bit/symbol 2.0, avg per TB: (nb RBs 5.8, nb symbols 12.4)
[0m[NR_RRC] MeasurementReport Encoded 53 bits (7 bytes)
[0m[NR_MAC] UE 0 RNTI 4fe0 stats sfn: 768.8, cumulated bad DCI 0
    DL Chan: SSB 0 SINR 42.6 dB RSRP -42 dBm, RI 0 CQI: N/A
    DL harq: 1289/0 avg code rate 0.1, avg bit/symbol 2.0, avg per TB: (nb RBs 6.1, nb symbols 11.0)
    UL harq: 9388/0 avg code rate 0.1, avg bit/symbol 2.0, avg per TB: (nb RBs 5.8, nb symbols 12.4)
[0m[NR_RRC] MeasurementReport Encoded 53 bits (7 bytes)
[0m[NR_MAC] UE 0 RNTI 4fe0 stats sfn: 896.8, cumulated bad DCI 0
    DL Chan: SSB 0 SINR 43.3 dB RSRP -42 dBm, RI 0 CQI: N/A
    DL harq: 1291/0 avg code rate 0.1, avg bit/symbol 2.0, avg per TB: (nb RBs 6.1, nb symbols 11.0)
    UL harq: 9415/0 avg code rate 0.1, avg bit/symbol 2.0, avg per TB: (nb RBs 5.8, nb symbols 12.4)
[0m[NR_RRC] MeasurementReport Encoded 53 bits (7 bytes)
[0m[NR_MAC] UE 0 RNTI 4fe0 stats sfn: 0.8, cumulated bad DCI 0
    DL Chan: SSB 0 SINR 44.1 dB RSRP -42 dBm, RI 0 CQI: N/A
    DL harq: 1294/0 avg code rate 0.1, avg bit/symbol 2.0, avg per TB: (nb RBs 6.1, nb symbols 11.0)
    UL harq: 9444/0 avg code rate 0.1, avg bit/symbol 2.0, avg per TB: (nb RBs 5.8, nb symbols 12.4)
[0m[NR_RRC] MeasurementReport Encoded 53 bits (7 bytes)
[0m[NR_RRC] MeasurementReport Encoded 53 bits (7 bytes)
[0m[NR_MAC] UE 0 RNTI 4fe0 stats sfn: 128.8, cumulated bad DCI 0
    DL Chan: SSB 0 SINR 44.1 dB RSRP -42 dBm, RI 0 CQI: N/A
    DL harq: 1297/0 avg code rate 0.1, avg bit/symbol 2.0, avg per TB: (nb RBs 6.1, nb symbols 11.0)
    UL harq: 9470/0 avg code rate 0.1, avg bit/symbol 2.0, avg per TB: (nb RBs 5.8, nb symbols 12.4)
[0m[NR_RRC] MeasurementReport Encoded 53 bits (7 bytes)
[0m[NR_MAC] UE 0 RNTI 4fe0 stats sfn: 256.8, cumulated bad DCI 0
    DL Chan: SSB 0 SINR 44.1 dB RSRP -42 dBm, RI 0 CQI: N/A
    DL harq: 1299/0 avg code rate 0.1, avg bit/symbol 2.0, avg per TB: (nb RBs 6.1, nb symbols 11.0)
    UL harq: 9492/0 avg code rate 0.1, avg bit/symbol 2.0, avg per TB: (nb RBs 5.8, nb symbols 12.4)
[0m[NR_RRC] MeasurementReport Encoded 53 bits (7 bytes)
[0m[NR_MAC] UE 0 RNTI 4fe0 stats sfn: 384.8, cumulated bad DCI 0
    DL Chan: SSB 0 SINR 44.1 dB RSRP -42 dBm, RI 0 CQI: N/A
    DL harq: 1302/0 avg code rate 0.1, avg bit/symbol 2.0, avg per TB: (nb RBs 6.1, nb symbols 11.0)
    UL harq: 9513/0 avg code rate 0.1, avg bit/symbol 2.0, avg per TB: (nb RBs 5.8, nb symbols 12.4)
[0m[NR_RRC] MeasurementReport Encoded 53 bits (7 bytes)
[0m[NR_MAC] UE 0 RNTI 4fe0 stats sfn: 512.8, cumulated bad DCI 0
    DL Chan: SSB 0 SINR 43.3 dB RSRP -42 dBm, RI 0 CQI: N/A
    DL harq: 1304/0 avg code rate 0.1, avg bit/symbol 2.0, avg per TB: (nb RBs 6.1, nb symbols 11.0)
    UL harq: 9539/0 avg code rate 0.1, avg bit/symbol 2.0, avg per TB: (nb RBs 5.8, nb symbols 12.4)
[0m[NR_RRC] MeasurementReport Encoded 53 bits (7 bytes)
[0m[NR_RRC] MeasurementReport Encoded 53 bits (7 bytes)
[0m[NR_MAC] UE 0 RNTI 4fe0 stats sfn: 640.8, cumulated bad DCI 0
    DL Chan: SSB 0 SINR 43.3 dB RSRP -42 dBm, RI 0 CQI: N/A
    DL harq: 1306/0 avg code rate 0.1, avg bit/symbol 2.0, avg per TB: (nb RBs 6.1, nb symbols 11.0)
    UL harq: 9564/0 avg code rate 0.1, avg bit/symbol 2.0, avg per TB: (nb RBs 5.8, nb symbols 12.4)
[0m[NR_RRC] MeasurementReport Encoded 53 bits (7 bytes)
[0m[NR_MAC] UE 0 RNTI 4fe0 stats sfn: 768.8, cumulated bad DCI 0
    DL Chan: SSB 0 SINR 44.1 dB RSRP -42 dBm, RI 0 CQI: N/A
    DL harq: 1309/0 avg code rate 0.1, avg bit/symbol 2.0, avg per TB: (nb RBs 6.1, nb symbols 11.0)
    UL harq: 9599/0 avg code rate 0.1, avg bit/symbol 2.0, avg per TB: (nb RBs 5.8, nb symbols 12.4)
[0m[NR_RRC] MeasurementReport Encoded 53 bits (7 bytes)
[0m[NR_MAC] UE 0 RNTI 4fe0 stats sfn: 896.8, cumulated bad DCI 0
    DL Chan: SSB 0 SINR 45.1 dB RSRP -42 dBm, RI 0 CQI: N/A
    DL harq: 1312/0 avg code rate 0.1, avg bit/symbol 2.0, avg per TB: (nb RBs 6.1, nb symbols 11.0)
    UL harq: 9624/0 avg code rate 0.1, avg bit/symbol 2.0, avg per TB: (nb RBs 5.8, nb symbols 12.4)
[0m[NR_RRC] MeasurementReport Encoded 53 bits (7 bytes)
[0m[NR_MAC] UE 0 RNTI 4fe0 stats sfn: 0.8, cumulated bad DCI 0
    DL Chan: SSB 0 SINR 45.1 dB RSRP -42 dBm, RI 0 CQI: N/A
    DL harq: 1314/0 avg code rate 0.1, avg bit/symbol 2.0, avg per TB: (nb RBs 6.1, nb symbols 11.0)
    UL harq: 9646/0 avg code rate 0.1, avg bit/symbol 2.0, avg per TB: (nb RBs 5.8, nb symbols 12.4)
[0m[NR_RRC] MeasurementReport Encoded 53 bits (7 bytes)
[0m[NR_MAC] UE 0 RNTI 4fe0 stats sfn: 128.8, cumulated bad DCI 0
    DL Chan: SSB 0 SINR 43.3 dB RSRP -42 dBm, RI 0 CQI: N/A
    DL harq: 1316/0 avg code rate 0.1, avg bit/symbol 2.0, avg per TB: (nb RBs 6.1, nb symbols 11.0)
    UL harq: 9669/0 avg code rate 0.1, avg bit/symbol 2.0, avg per TB: (nb RBs 5.8, nb symbols 12.4)
[0m[NR_RRC] MeasurementReport Encoded 53 bits (7 bytes)
[0m[NR_RRC] MeasurementReport Encoded 53 bits (7 bytes)
[0m[NR_MAC] UE 0 RNTI 4fe0 stats sfn: 256.8, cumulated bad DCI 0
    DL Chan: SSB 0 SINR 45.1 dB RSRP -42 dBm, RI 0 CQI: N/A
    DL harq: 1320/0 avg code rate 0.1, avg bit/symbol 2.0, avg per TB: (nb RBs 6.1, nb symbols 11.0)
    UL harq: 9692/0 avg code rate 0.1, avg bit/symbol 2.0, avg per TB: (nb RBs 5.8, nb symbols 12.4)
[0m[NR_RRC] MeasurementReport Encoded 53 bits (7 bytes)
[0m[NR_MAC] UE 0 RNTI 4fe0 stats sfn: 384.8, cumulated bad DCI 0
    DL Chan: SSB 0 SINR 43.3 dB RSRP -42 dBm, RI 0 CQI: N/A
    DL harq: 1322/0 avg code rate 0.1, avg bit/symbol 2.0, avg per TB: (nb RBs 6.1, nb symbols 11.0)
    UL harq: 9718/0 avg code rate 0.1, avg bit/symbol 2.0, avg per TB: (nb RBs 5.8, nb symbols 12.4)
[0m[NR_RRC] MeasurementReport Encoded 53 bits (7 bytes)
[0m[NR_MAC] UE 0 RNTI 4fe0 stats sfn: 512.8, cumulated bad DCI 0
    DL Chan: SSB 0 SINR 44.1 dB RSRP -42 dBm, RI 0 CQI: N/A
    DL harq: 1325/0 avg code rate 0.1, avg bit/symbol 2.0, avg per TB: (nb RBs 6.1, nb symbols 11.0)
    UL harq: 9750/0 avg code rate 0.1, avg bit/symbol 2.0, avg per TB: (nb RBs 5.8, nb symbols 12.4)
[0m[NR_RRC] MeasurementReport Encoded 53 bits (7 bytes)
[0m[NR_MAC] UE 0 RNTI 4fe0 stats sfn: 640.8, cumulated bad DCI 0
    DL Chan: SSB 0 SINR 44.1 dB RSRP -42 dBm, RI 0 CQI: N/A
    DL harq: 1327/0 avg code rate 0.1, avg bit/symbol 2.0, avg per TB: (nb RBs 6.1, nb symbols 11.0)
    UL harq: 9778/0 avg code rate 0.1, avg bit/symbol 2.0, avg per TB: (nb RBs 5.8, nb symbols 12.4)
[0m[NR_RRC] MeasurementReport Encoded 53 bits (7 bytes)
[0m[NR_RRC] MeasurementReport Encoded 53 bits (7 bytes)
[0m[NR_MAC] UE 0 RNTI 4fe0 stats sfn: 768.8, cumulated bad DCI 0
    DL Chan: SSB 0 SINR 44.1 dB RSRP -42 dBm, RI 0 CQI: N/A
    DL harq: 1331/0 avg code rate 0.1, avg bit/symbol 2.0, avg per TB: (nb RBs 6.1, nb symbols 11.0)
    UL harq: 9805/0 avg code rate 0.1, avg bit/symbol 2.0, avg per TB: (nb RBs 5.8, nb symbols 12.4)
[0m[NR_RRC] MeasurementReport Encoded 53 bits (7 bytes)
[0m[NR_MAC] UE 0 RNTI 4fe0 stats sfn: 896.8, cumulated bad DCI 0
    DL Chan: SSB 0 SINR 44.1 dB RSRP -42 dBm, RI 0 CQI: N/A
    DL harq: 1333/0 avg code rate 0.1, avg bit/symbol 2.0, avg per TB: (nb RBs 6.1, nb symbols 11.0)
    UL harq: 9828/0 avg code rate 0.1, avg bit/symbol 2.0, avg per TB: (nb RBs 5.8, nb symbols 12.4)
[0m[NR_RRC] MeasurementReport Encoded 53 bits (7 bytes)
[0m[NR_MAC] UE 0 RNTI 4fe0 stats sfn: 0.8, cumulated bad DCI 0
    DL Chan: SSB 0 SINR 44.1 dB RSRP -42 dBm, RI 0 CQI: N/A
    DL harq: 1335/0 avg code rate 0.1, avg bit/symbol 2.0, avg per TB: (nb RBs 6.1, nb symbols 11.0)
    UL harq: 9849/0 avg code rate 0.1, avg bit/symbol 2.0, avg per TB: (nb RBs 5.8, nb symbols 12.4)
[0m[NR_RRC] MeasurementReport Encoded 53 bits (7 bytes)
[0m[NR_MAC] UE 0 RNTI 4fe0 stats sfn: 128.8, cumulated bad DCI 0
    DL Chan: SSB 0 SINR 44.1 dB RSRP -42 dBm, RI 0 CQI: N/A
    DL harq: 1338/0 avg code rate 0.1, avg bit/symbol 2.0, avg per TB: (nb RBs 6.1, nb symbols 11.0)
    UL harq: 9876/0 avg code rate 0.1, avg bit/symbol 2.0, avg per TB: (nb RBs 5.8, nb symbols 12.4)
[0m[NR_RRC] MeasurementReport Encoded 53 bits (7 bytes)
[0m[NR_RRC] MeasurementReport Encoded 53 bits (7 bytes)
[0m[NR_MAC] UE 0 RNTI 4fe0 stats sfn: 256.8, cumulated bad DCI 0
    DL Chan: SSB 0 SINR 44.1 dB RSRP -42 dBm, RI 0 CQI: N/A
    DL harq: 1368/0 avg code rate 0.1, avg bit/symbol 2.0, avg per TB: (nb RBs 6.2, nb symbols 11.1)
    UL harq: 9993/0 avg code rate 0.1, avg bit/symbol 2.0, avg per TB: (nb RBs 6.1, nb symbols 12.4)
[0m[NR_RRC] MeasurementReport Encoded 53 bits (7 bytes)
[0m[NR_MAC] UE 0 RNTI 4fe0 stats sfn: 384.8, cumulated bad DCI 0
    DL Chan: SSB 0 SINR 44.1 dB RSRP -42 dBm, RI 0 CQI: N/A
    DL harq: 1370/0 avg code rate 0.1, avg bit/symbol 2.0, avg per TB: (nb RBs 6.2, nb symbols 11.1)
    UL harq: 10020/0 avg code rate 0.1, avg bit/symbol 2.0, avg per TB: (nb RBs 6.1, nb symbols 12.4)
[0m[NR_RRC] MeasurementReport Encoded 53 bits (7 bytes)
[0m[NR_MAC] UE 0 RNTI 4fe0 stats sfn: 512.8, cumulated bad DCI 0
    DL Chan: SSB 0 SINR 45.1 dB RSRP -42 dBm, RI 0 CQI: N/A
    DL harq: 1372/0 avg code rate 0.1, avg bit/symbol 2.0, avg per TB: (nb RBs 6.2, nb symbols 11.1)
    UL harq: 10042/0 avg code rate 0.1, avg bit/symbol 2.0, avg per TB: (nb RBs 6.1, nb symbols 12.4)
[0m[NR_RRC] MeasurementReport Encoded 53 bits (7 bytes)
[0m[NR_MAC] UE 0 RNTI 4fe0 stats sfn: 640.8, cumulated bad DCI 0
    DL Chan: SSB 0 SINR 44.1 dB RSRP -42 dBm, RI 0 CQI: N/A
    DL harq: 1375/0 avg code rate 0.1, avg bit/symbol 2.0, avg per TB: (nb RBs 6.2, nb symbols 11.1)
    UL harq: 10064/0 avg code rate 0.1, avg bit/symbol 2.0, avg per TB: (nb RBs 6.1, nb symbols 12.4)
[0m[NR_RRC] MeasurementReport Encoded 53 bits (7 bytes)
[0m[NR_RRC] MeasurementReport Encoded 53 bits (7 bytes)
[0m[NR_MAC] UE 0 RNTI 4fe0 stats sfn: 768.8, cumulated bad DCI 0
    DL Chan: SSB 0 SINR 44.1 dB RSRP -42 dBm, RI 0 CQI: N/A
    DL harq: 1378/0 avg code rate 0.1, avg bit/symbol 2.0, avg per TB: (nb RBs 6.2, nb symbols 11.1)
    UL harq: 10088/0 avg code rate 0.1, avg bit/symbol 2.0, avg per TB: (nb RBs 6.1, nb symbols 12.4)
[0m[NR_RRC] MeasurementReport Encoded 53 bits (7 bytes)
[0m[NR_MAC] UE 0 RNTI 4fe0 stats sfn: 896.8, cumulated bad DCI 0
    DL Chan: SSB 0 SINR 45.1 dB RSRP -42 dBm, RI 0 CQI: N/A
    DL harq: 1380/0 avg code rate 0.1, avg bit/symbol 2.0, avg per TB: (nb RBs 6.2, nb symbols 11.1)
    UL harq: 10110/0 avg code rate 0.1, avg bit/symbol 2.0, avg per TB: (nb RBs 6.1, nb symbols 12.4)
[0m[NR_RRC] MeasurementReport Encoded 53 bits (7 bytes)
[0m[NR_MAC] UE 0 RNTI 4fe0 stats sfn: 0.8, cumulated bad DCI 0
    DL Chan: SSB 0 SINR 43.3 dB RSRP -42 dBm, RI 0 CQI: N/A
    DL harq: 1382/0 avg code rate 0.1, avg bit/symbol 2.0, avg per TB: (nb RBs 6.2, nb symbols 11.1)
    UL harq: 10136/0 avg code rate 0.1, avg bit/symbol 2.0, avg per TB: (nb RBs 6.1, nb symbols 12.4)
[0m[NR_RRC] MeasurementReport Encoded 53 bits (7 bytes)
[0m[NR_MAC] UE 0 RNTI 4fe0 stats sfn: 128.8, cumulated bad DCI 0
    DL Chan: SSB 0 SINR 44.1 dB RSRP -42 dBm, RI 0 CQI: N/A
    DL harq: 1385/0 avg code rate 0.1, avg bit/symbol 2.0, avg per TB: (nb RBs 6.2, nb symbols 11.1)
    UL harq: 10166/0 avg code rate 0.1, avg bit/symbol 2.0, avg per TB: (nb RBs 6.1, nb symbols 12.4)
[0m[NR_RRC] MeasurementReport Encoded 53 bits (7 bytes)
[0m[NR_RRC] MeasurementReport Encoded 53 bits (7 bytes)
[0m[NR_MAC] UE 0 RNTI 4fe0 stats sfn: 256.8, cumulated bad DCI 0
    DL Chan: SSB 0 SINR 45.1 dB RSRP -42 dBm, RI 0 CQI: N/A
    DL harq: 1388/0 avg code rate 0.1, avg bit/symbol 2.0, avg per TB: (nb RBs 6.2, nb symbols 11.1)
    UL harq: 10194/0 avg code rate 0.1, avg bit/symbol 2.0, avg per TB: (nb RBs 6.1, nb symbols 12.4)
[0m[NR_RRC] MeasurementReport Encoded 53 bits (7 bytes)
[0m[NR_MAC] UE 0 RNTI 4fe0 stats sfn: 384.8, cumulated bad DCI 0
    DL Chan: SSB 0 SINR 44.1 dB RSRP -42 dBm, RI 0 CQI: N/A
    DL harq: 1390/0 avg code rate 0.1, avg bit/symbol 2.0, avg per TB: (nb RBs 6.2, nb symbols 11.1)
    UL harq: 10216/0 avg code rate 0.1, avg bit/symbol 2.0, avg per TB: (nb RBs 6.1, nb symbols 12.4)
[0m[NR_RRC] MeasurementReport Encoded 53 bits (7 bytes)
[0m[NR_MAC] UE 0 RNTI 4fe0 stats sfn: 512.8, cumulated bad DCI 0
    DL Chan: SSB 0 SINR 44.1 dB RSRP -42 dBm, RI 0 CQI: N/A
    DL harq: 1393/0 avg code rate 0.1, avg bit/symbol 2.0, avg per TB: (nb RBs 6.2, nb symbols 11.1)
    UL harq: 10237/0 avg code rate 0.1, avg bit/symbol 2.0, avg per TB: (nb RBs 6.1, nb symbols 12.4)
[0m[NR_RRC] MeasurementReport Encoded 53 bits (7 bytes)
[0m[NR_MAC] UE 0 RNTI 4fe0 stats sfn: 640.8, cumulated bad DCI 0
    DL Chan: SSB 0 SINR 45.1 dB RSRP -42 dBm, RI 0 CQI: N/A
    DL harq: 1395/0 avg code rate 0.1, avg bit/symbol 2.0, avg per TB: (nb RBs 6.2, nb symbols 11.1)
    UL harq: 10260/0 avg code rate 0.1, avg bit/symbol 2.0, avg per TB: (nb RBs 6.1, nb symbols 12.4)
[0m[NR_RRC] MeasurementReport Encoded 53 bits (7 bytes)
[0m[NR_RRC] MeasurementReport Encoded 53 bits (7 bytes)
[0m[NR_MAC] UE 0 RNTI 4fe0 stats sfn: 768.8, cumulated bad DCI 0
    DL Chan: SSB 0 SINR 44.1 dB RSRP -42 dBm, RI 0 CQI: N/A
    DL harq: 1398/0 avg code rate 0.1, avg bit/symbol 2.0, avg per TB: (nb RBs 6.2, nb symbols 11.1)
    UL harq: 10284/0 avg code rate 0.1, avg bit/symbol 2.0, avg per TB: (nb RBs 6.1, nb symbols 12.4)
[0m[NR_RRC] MeasurementReport Encoded 53 bits (7 bytes)
[0m[NR_MAC] UE 0 RNTI 4fe0 stats sfn: 896.8, cumulated bad DCI 0
    DL Chan: SSB 0 SINR 43.3 dB RSRP -42 dBm, RI 0 CQI: N/A
    DL harq: 1400/0 avg code rate 0.1, avg bit/symbol 2.0, avg per TB: (nb RBs 6.2, nb symbols 11.1)
    UL harq: 10313/0 avg code rate 0.1, avg bit/symbol 2.0, avg per TB: (nb RBs 6.1, nb symbols 12.4)
[0m[NR_RRC] MeasurementReport Encoded 53 bits (7 bytes)
[0m[NR_MAC] UE 0 RNTI 4fe0 stats sfn: 0.8, cumulated bad DCI 0
    DL Chan: SSB 0 SINR 43.3 dB RSRP -42 dBm, RI 0 CQI: N/A
    DL harq: 1403/0 avg code rate 0.1, avg bit/symbol 2.0, avg per TB: (nb RBs 6.2, nb symbols 11.1)
    UL harq: 10343/0 avg code rate 0.1, avg bit/symbol 2.0, avg per TB: (nb RBs 6.1, nb symbols 12.4)
[0m[NR_RRC] MeasurementReport Encoded 53 bits (7 bytes)
[0m[NR_MAC] UE 0 RNTI 4fe0 stats sfn: 128.8, cumulated bad DCI 0
    DL Chan: SSB 0 SINR 43.3 dB RSRP -42 dBm, RI 0 CQI: N/A
    DL harq: 1405/0 avg code rate 0.1, avg bit/symbol 2.0, avg per TB: (nb RBs 6.2, nb symbols 11.1)
    UL harq: 10367/0 avg code rate 0.1, avg bit/symbol 2.0, avg per TB: (nb RBs 6.1, nb symbols 12.4)
[0m[NR_RRC] MeasurementReport Encoded 53 bits (7 bytes)
[0m[NR_RRC] MeasurementReport Encoded 53 bits (7 bytes)
[0m[NR_MAC] UE 0 RNTI 4fe0 stats sfn: 256.8, cumulated bad DCI 0
    DL Chan: SSB 0 SINR 45.1 dB RSRP -42 dBm, RI 0 CQI: N/A
    DL harq: 1408/0 avg code rate 0.1, avg bit/symbol 2.0, avg per TB: (nb RBs 6.2, nb symbols 11.1)
    UL harq: 10392/0 avg code rate 0.1, avg bit/symbol 2.0, avg per TB: (nb RBs 6.1, nb symbols 12.4)
[0m[NR_RRC] MeasurementReport Encoded 53 bits (7 bytes)
[0m[NR_MAC] UE 0 RNTI 4fe0 stats sfn: 384.8, cumulated bad DCI 0
    DL Chan: SSB 0 SINR 44.1 dB RSRP -42 dBm, RI 0 CQI: N/A
    DL harq: 1411/0 avg code rate 0.1, avg bit/symbol 2.0, avg per TB: (nb RBs 6.2, nb symbols 11.1)
    UL harq: 10414/0 avg code rate 0.1, avg bit/symbol 2.0, avg per TB: (nb RBs 6.1, nb symbols 12.4)
[0m[NR_RRC] MeasurementReport Encoded 53 bits (7 bytes)
[0m[NR_MAC] UE 0 RNTI 4fe0 stats sfn: 512.8, cumulated bad DCI 0
    DL Chan: SSB 0 SINR 45.1 dB RSRP -42 dBm, RI 0 CQI: N/A
    DL harq: 1413/0 avg code rate 0.1, avg bit/symbol 2.0, avg per TB: (nb RBs 6.2, nb symbols 11.1)
    UL harq: 10438/0 avg code rate 0.1, avg bit/symbol 2.0, avg per TB: (nb RBs 6.1, nb symbols 12.4)
[0m[NR_RRC] MeasurementReport Encoded 53 bits (7 bytes)
[0m[NR_MAC] UE 0 RNTI 4fe0 stats sfn: 640.8, cumulated bad DCI 0
    DL Chan: SSB 0 SINR 45.1 dB RSRP -42 dBm, RI 0 CQI: N/A
    DL harq: 1415/0 avg code rate 0.1, avg bit/symbol 2.0, avg per TB: (nb RBs 6.2, nb symbols 11.1)
    UL harq: 10464/0 avg code rate 0.1, avg bit/symbol 2.0, avg per TB: (nb RBs 6.1, nb symbols 12.4)
[0m[NR_RRC] MeasurementReport Encoded 53 bits (7 bytes)
[0m[NR_RRC] MeasurementReport Encoded 53 bits (7 bytes)
[0m[NR_MAC] UE 0 RNTI 4fe0 stats sfn: 768.8, cumulated bad DCI 0
    DL Chan: SSB 0 SINR 44.1 dB RSRP -42 dBm, RI 0 CQI: N/A
    DL harq: 1417/0 avg code rate 0.1, avg bit/symbol 2.0, avg per TB: (nb RBs 6.2, nb symbols 11.1)
    UL harq: 10493/0 avg code rate 0.1, avg bit/symbol 2.0, avg per TB: (nb RBs 6.1, nb symbols 12.4)
[0m[NR_RRC] MeasurementReport Encoded 53 bits (7 bytes)
[0m[NR_MAC] UE 0 RNTI 4fe0 stats sfn: 896.8, cumulated bad DCI 0
    DL Chan: SSB 0 SINR 43.3 dB RSRP -42 dBm, RI 0 CQI: N/A
    DL harq: 1421/0 avg code rate 0.1, avg bit/symbol 2.0, avg per TB: (nb RBs 6.1, nb symbols 11.1)
    UL harq: 10523/0 avg code rate 0.1, avg bit/symbol 2.0, avg per TB: (nb RBs 6.1, nb symbols 12.4)
[0m[NR_RRC] MeasurementReport Encoded 53 bits (7 bytes)
[0m[NR_MAC] UE 0 RNTI 4fe0 stats sfn: 0.8, cumulated bad DCI 0
    DL Chan: SSB 0 SINR 43.3 dB RSRP -42 dBm, RI 0 CQI: N/A
    DL harq: 1423/0 avg code rate 0.1, avg bit/symbol 2.0, avg per TB: (nb RBs 6.1, nb symbols 11.1)
    UL harq: 10547/0 avg code rate 0.1, avg bit/symbol 2.0, avg per TB: (nb RBs 6.1, nb symbols 12.4)
[0m[NR_RRC] MeasurementReport Encoded 53 bits (7 bytes)
[0m[NR_MAC] UE 0 RNTI 4fe0 stats sfn: 128.8, cumulated bad DCI 0
    DL Chan: SSB 0 SINR 45.1 dB RSRP -42 dBm, RI 0 CQI: N/A
    DL harq: 1425/0 avg code rate 0.1, avg bit/symbol 2.0, avg per TB: (nb RBs 6.1, nb symbols 11.1)
    UL harq: 10570/0 avg code rate 0.1, avg bit/symbol 2.0, avg per TB: (nb RBs 6.1, nb symbols 12.5)
[0m[NR_RRC] MeasurementReport Encoded 53 bits (7 bytes)
[0m[NR_MAC] UE 0 RNTI 4fe0 stats sfn: 256.8, cumulated bad DCI 0
    DL Chan: SSB 0 SINR 44.1 dB RSRP -42 dBm, RI 0 CQI: N/A
    DL harq: 1428/0 avg code rate 0.1, avg bit/symbol 2.0, avg per TB: (nb RBs 6.1, nb symbols 11.2)
    UL harq: 10592/0 avg code rate 0.1, avg bit/symbol 2.0, avg per TB: (nb RBs 6.1, nb symbols 12.5)
[0m[NR_RRC] MeasurementReport Encoded 53 bits (7 bytes)
[0m[NR_RRC] MeasurementReport Encoded 53 bits (7 bytes)
[0m[NR_MAC] UE 0 RNTI 4fe0 stats sfn: 384.8, cumulated bad DCI 0
    DL Chan: SSB 0 SINR 44.1 dB RSRP -42 dBm, RI 0 CQI: N/A
    DL harq: 1431/0 avg code rate 0.1, avg bit/symbol 2.0, avg per TB: (nb RBs 6.1, nb symbols 11.2)
    UL harq: 10620/0 avg code rate 0.1, avg bit/symbol 2.0, avg per TB: (nb RBs 6.1, nb symbols 12.5)
[0m[NR_RRC] MeasurementReport Encoded 53 bits (7 bytes)
[0m[NR_MAC] UE 0 RNTI 4fe0 stats sfn: 512.8, cumulated bad DCI 0
    DL Chan: SSB 0 SINR 45.1 dB RSRP -42 dBm, RI 0 CQI: N/A
    DL harq: 1433/0 avg code rate 0.1, avg bit/symbol 2.0, avg per TB: (nb RBs 6.1, nb symbols 11.2)
    UL harq: 10647/0 avg code rate 0.1, avg bit/symbol 2.0, avg per TB: (nb RBs 6.0, nb symbols 12.5)
[0m[NR_RRC] MeasurementReport Encoded 53 bits (7 bytes)
[0m[NR_MAC] UE 0 RNTI 4fe0 stats sfn: 640.8, cumulated bad DCI 0
    DL Chan: SSB 0 SINR 44.1 dB RSRP -42 dBm, RI 0 CQI: N/A
    DL harq: 1435/0 avg code rate 0.1, avg bit/symbol 2.0, avg per TB: (nb RBs 6.1, nb symbols 11.2)
    UL harq: 10674/0 avg code rate 0.1, avg bit/symbol 2.0, avg per TB: (nb RBs 6.0, nb symbols 12.5)
[0m[NR_RRC] MeasurementReport Encoded 53 bits (7 bytes)
[0m[NR_MAC] UE 0 RNTI 4fe0 stats sfn: 768.8, cumulated bad DCI 0
    DL Chan: SSB 0 SINR 43.3 dB RSRP -42 dBm, RI 0 CQI: N/A
    DL harq: 1438/0 avg code rate 0.1, avg bit/symbol 2.0, avg per TB: (nb RBs 6.1, nb symbols 11.2)
    UL harq: 10697/0 avg code rate 0.1, avg bit/symbol 2.0, avg per TB: (nb RBs 6.0, nb symbols 12.5)
[0m[NR_RRC] MeasurementReport Encoded 53 bits (7 bytes)
[0m[NR_RRC] MeasurementReport Encoded 53 bits (7 bytes)
[0m[NR_MAC] UE 0 RNTI 4fe0 stats sfn: 896.8, cumulated bad DCI 0
    DL Chan: SSB 0 SINR 43.3 dB RSRP -42 dBm, RI 0 CQI: N/A
    DL harq: 1441/0 avg code rate 0.1, avg bit/symbol 2.0, avg per TB: (nb RBs 6.1, nb symbols 11.2)
    UL harq: 10723/0 avg code rate 0.1, avg bit/symbol 2.0, avg per TB: (nb RBs 6.0, nb symbols 12.5)
[0m[NR_RRC] MeasurementReport Encoded 53 bits (7 bytes)
[0m[NR_MAC] UE 0 RNTI 4fe0 stats sfn: 0.8, cumulated bad DCI 0
    DL Chan: SSB 0 SINR 44.1 dB RSRP -42 dBm, RI 0 CQI: N/A
    DL harq: 1443/0 avg code rate 0.1, avg bit/symbol 2.0, avg per TB: (nb RBs 6.1, nb symbols 11.2)
    UL harq: 10744/0 avg code rate 0.1, avg bit/symbol 2.0, avg per TB: (nb RBs 6.0, nb symbols 12.5)
[0m[NR_RRC] MeasurementReport Encoded 53 bits (7 bytes)
[0m[NR_MAC] UE 0 RNTI 4fe0 stats sfn: 128.8, cumulated bad DCI 0
    DL Chan: SSB 0 SINR 44.1 dB RSRP -42 dBm, RI 0 CQI: N/A
    DL harq: 1445/0 avg code rate 0.1, avg bit/symbol 2.0, avg per TB: (nb RBs 6.1, nb symbols 11.2)
    UL harq: 10767/0 avg code rate 0.1, avg bit/symbol 2.0, avg per TB: (nb RBs 6.0, nb symbols 12.5)
[0m[NR_RRC] MeasurementReport Encoded 53 bits (7 bytes)
[0m[NR_MAC] UE 0 RNTI 4fe0 stats sfn: 256.8, cumulated bad DCI 0
    DL Chan: SSB 0 SINR 42.6 dB RSRP -42 dBm, RI 0 CQI: N/A
    DL harq: 1448/0 avg code rate 0.1, avg bit/symbol 2.0, avg per TB: (nb RBs 6.1, nb symbols 11.2)
    UL harq: 10794/0 avg code rate 0.1, avg bit/symbol 2.0, avg per TB: (nb RBs 6.0, nb symbols 12.5)
[0m[NR_RRC] MeasurementReport Encoded 53 bits (7 bytes)
[0m[NR_RRC] MeasurementReport Encoded 53 bits (7 bytes)
[0m[NR_MAC] UE 0 RNTI 4fe0 stats sfn: 384.8, cumulated bad DCI 0
    DL Chan: SSB 0 SINR 42.6 dB RSRP -42 dBm, RI 0 CQI: N/A
    DL harq: 1451/0 avg code rate 0.1, avg bit/symbol 2.0, avg per TB: (nb RBs 6.1, nb symbols 11.2)
    UL harq: 10824/0 avg code rate 0.1, avg bit/symbol 2.0, avg per TB: (nb RBs 6.0, nb symbols 12.5)
[0m[NR_RRC] MeasurementReport Encoded 53 bits (7 bytes)
[0m[NR_MAC] UE 0 RNTI 4fe0 stats sfn: 512.8, cumulated bad DCI 0
    DL Chan: SSB 0 SINR 44.1 dB RSRP -42 dBm, RI 0 CQI: N/A
    DL harq: 1453/0 avg code rate 0.1, avg bit/symbol 2.0, avg per TB: (nb RBs 6.1, nb symbols 11.2)
    UL harq: 10848/0 avg code rate 0.1, avg bit/symbol 2.0, avg per TB: (nb RBs 6.0, nb symbols 12.5)
[0m[NR_RRC] MeasurementReport Encoded 53 bits (7 bytes)
[0m[NR_MAC] UE 0 RNTI 4fe0 stats sfn: 640.8, cumulated bad DCI 0
    DL Chan: SSB 0 SINR 45.1 dB RSRP -42 dBm, RI 0 CQI: N/A
    DL harq: 1456/0 avg code rate 0.1, avg bit/symbol 2.0, avg per TB: (nb RBs 6.1, nb symbols 11.2)
    UL harq: 10869/0 avg code rate 0.1, avg bit/symbol 2.0, avg per TB: (nb RBs 6.0, nb symbols 12.5)
[0m[NR_RRC] MeasurementReport Encoded 53 bits (7 bytes)
[0m[NR_MAC] UE 0 RNTI 4fe0 stats sfn: 768.8, cumulated bad DCI 0
    DL Chan: SSB 0 SINR 42.6 dB RSRP -42 dBm, RI 0 CQI: N/A
    DL harq: 1458/0 avg code rate 0.1, avg bit/symbol 2.0, avg per TB: (nb RBs 6.1, nb symbols 11.2)
    UL harq: 10892/0 avg code rate 0.1, avg bit/symbol 2.0, avg per TB: (nb RBs 6.0, nb symbols 12.5)
[0m[NR_RRC] MeasurementReport Encoded 53 bits (7 bytes)
[0m[NR_RRC] MeasurementReport Encoded 53 bits (7 bytes)
[0m[NR_MAC] UE 0 RNTI 4fe0 stats sfn: 896.8, cumulated bad DCI 0
    DL Chan: SSB 0 SINR 42.6 dB RSRP -42 dBm, RI 0 CQI: N/A
    DL harq: 1461/0 avg code rate 0.1, avg bit/symbol 2.0, avg per TB: (nb RBs 6.1, nb symbols 11.2)
    UL harq: 10917/0 avg code rate 0.1, avg bit/symbol 2.0, avg per TB: (nb RBs 6.0, nb symbols 12.5)
[0m[NR_RRC] MeasurementReport Encoded 53 bits (7 bytes)
[0m[NR_MAC] UE 0 RNTI 4fe0 stats sfn: 0.8, cumulated bad DCI 0
    DL Chan: SSB 0 SINR 43.3 dB RSRP -42 dBm, RI 0 CQI: N/A
    DL harq: 1463/0 avg code rate 0.1, avg bit/symbol 2.0, avg per TB: (nb RBs 6.1, nb symbols 11.2)
    UL harq: 10940/0 avg code rate 0.1, avg bit/symbol 2.0, avg per TB: (nb RBs 6.0, nb symbols 12.5)
[0m[NR_RRC] MeasurementReport Encoded 53 bits (7 bytes)
[0m[NR_MAC] UE 0 RNTI 4fe0 stats sfn: 128.8, cumulated bad DCI 0
    DL Chan: SSB 0 SINR 42.6 dB RSRP -42 dBm, RI 0 CQI: N/A
    DL harq: 1466/0 avg code rate 0.1, avg bit/symbol 2.0, avg per TB: (nb RBs 6.1, nb symbols 11.2)
    UL harq: 10969/0 avg code rate 0.1, avg bit/symbol 2.0, avg per TB: (nb RBs 6.0, nb symbols 12.5)
[0m[NR_RRC] MeasurementReport Encoded 53 bits (7 bytes)
[0m[NR_MAC] UE 0 RNTI 4fe0 stats sfn: 256.8, cumulated bad DCI 0
    DL Chan: SSB 0 SINR 42.6 dB RSRP -42 dBm, RI 0 CQI: N/A
    DL harq: 1468/0 avg code rate 0.1, avg bit/symbol 2.0, avg per TB: (nb RBs 6.1, nb symbols 11.2)
    UL harq: 10999/0 avg code rate 0.1, avg bit/symbol 2.0, avg per TB: (nb RBs 6.0, nb symbols 12.5)
[0m[NR_RRC] MeasurementReport Encoded 53 bits (7 bytes)
[0m[NR_RRC] MeasurementReport Encoded 53 bits (7 bytes)
[0m[NR_MAC] UE 0 RNTI 4fe0 stats sfn: 384.8, cumulated bad DCI 0
    DL Chan: SSB 0 SINR 43.3 dB RSRP -42 dBm, RI 0 CQI: N/A
    DL harq: 1471/0 avg code rate 0.1, avg bit/symbol 2.0, avg per TB: (nb RBs 6.1, nb symbols 11.2)
    UL harq: 11024/0 avg code rate 0.1, avg bit/symbol 2.0, avg per TB: (nb RBs 6.0, nb symbols 12.5)
[0m[NR_RRC] MeasurementReport Encoded 53 bits (7 bytes)
[0m[NR_MAC] UE 0 RNTI 4fe0 stats sfn: 512.8, cumulated bad DCI 0
    DL Chan: SSB 0 SINR 43.3 dB RSRP -42 dBm, RI 0 CQI: N/A
    DL harq: 1474/0 avg code rate 0.1, avg bit/symbol 2.0, avg per TB: (nb RBs 6.1, nb symbols 11.2)
    UL harq: 11045/0 avg code rate 0.1, avg bit/symbol 2.0, avg per TB: (nb RBs 6.0, nb symbols 12.5)
[0m[NR_RRC] MeasurementReport Encoded 53 bits (7 bytes)
[0m[NR_MAC] UE 0 RNTI 4fe0 stats sfn: 640.8, cumulated bad DCI 0
    DL Chan: SSB 0 SINR 42.6 dB RSRP -42 dBm, RI 0 CQI: N/A
    DL harq: 1476/0 avg code rate 0.1, avg bit/symbol 2.0, avg per TB: (nb RBs 6.1, nb symbols 11.2)
    UL harq: 11066/0 avg code rate 0.1, avg bit/symbol 2.0, avg per TB: (nb RBs 6.0, nb symbols 12.5)
[0m[NR_RRC] MeasurementReport Encoded 53 bits (7 bytes)
[0m[NR_MAC] UE 0 RNTI 4fe0 stats sfn: 768.8, cumulated bad DCI 0
    DL Chan: SSB 0 SINR 42.6 dB RSRP -42 dBm, RI 0 CQI: N/A
    DL harq: 1478/0 avg code rate 0.1, avg bit/symbol 2.0, avg per TB: (nb RBs 6.1, nb symbols 11.2)
    UL harq: 11094/0 avg code rate 0.1, avg bit/symbol 2.0, avg per TB: (nb RBs 6.0, nb symbols 12.5)
[0m[NR_RRC] MeasurementReport Encoded 53 bits (7 bytes)
[0m[NR_RRC] MeasurementReport Encoded 53 bits (7 bytes)
[0m[NR_MAC] UE 0 RNTI 4fe0 stats sfn: 896.8, cumulated bad DCI 0
    DL Chan: SSB 0 SINR 44.1 dB RSRP -42 dBm, RI 0 CQI: N/A
    DL harq: 1481/0 avg code rate 0.1, avg bit/symbol 2.0, avg per TB: (nb RBs 6.1, nb symbols 11.2)
    UL harq: 11122/0 avg code rate 0.1, avg bit/symbol 2.0, avg per TB: (nb RBs 6.0, nb symbols 12.5)
[0m[NR_RRC] MeasurementReport Encoded 53 bits (7 bytes)
[0m[NR_MAC] UE 0 RNTI 4fe0 stats sfn: 0.8, cumulated bad DCI 0
    DL Chan: SSB 0 SINR 42.6 dB RSRP -42 dBm, RI 0 CQI: N/A
    DL harq: 1484/0 avg code rate 0.1, avg bit/symbol 2.0, avg per TB: (nb RBs 6.1, nb symbols 11.2)
    UL harq: 11151/0 avg code rate 0.1, avg bit/symbol 2.0, avg per TB: (nb RBs 6.0, nb symbols 12.5)
[0m[NR_RRC] MeasurementReport Encoded 53 bits (7 bytes)
[0m[NR_MAC] UE 0 RNTI 4fe0 stats sfn: 128.8, cumulated bad DCI 0
    DL Chan: SSB 0 SINR 42.6 dB RSRP -42 dBm, RI 0 CQI: N/A
    DL harq: 1486/0 avg code rate 0.1, avg bit/symbol 2.0, avg per TB: (nb RBs 6.1, nb symbols 11.2)
    UL harq: 11177/0 avg code rate 0.1, avg bit/symbol 2.0, avg per TB: (nb RBs 6.0, nb symbols 12.5)
[0m[NR_RRC] MeasurementReport Encoded 53 bits (7 bytes)
[0m[NR_MAC] UE 0 RNTI 4fe0 stats sfn: 256.8, cumulated bad DCI 0
    DL Chan: SSB 0 SINR 43.3 dB RSRP -42 dBm, RI 0 CQI: N/A
    DL harq: 1488/0 avg code rate 0.1, avg bit/symbol 2.0, avg per TB: (nb RBs 6.1, nb symbols 11.2)
    UL harq: 11199/0 avg code rate 0.1, avg bit/symbol 2.0, avg per TB: (nb RBs 6.0, nb symbols 12.5)
[0m[NR_RRC] MeasurementReport Encoded 53 bits (7 bytes)
[0m[NR_RRC] MeasurementReport Encoded 53 bits (7 bytes)
[0m[NR_MAC] UE 0 RNTI 4fe0 stats sfn: 384.8, cumulated bad DCI 0
    DL Chan: SSB 0 SINR 45.1 dB RSRP -42 dBm, RI 0 CQI: N/A
    DL harq: 1492/0 avg code rate 0.1, avg bit/symbol 2.0, avg per TB: (nb RBs 6.1, nb symbols 11.2)
    UL harq: 11224/0 avg code rate 0.1, avg bit/symbol 2.0, avg per TB: (nb RBs 6.0, nb symbols 12.5)
[0m[NR_RRC] MeasurementReport Encoded 53 bits (7 bytes)
[0m[NR_MAC] UE 0 RNTI 4fe0 stats sfn: 512.8, cumulated bad DCI 0
    DL Chan: SSB 0 SINR 44.1 dB RSRP -42 dBm, RI 0 CQI: N/A
    DL harq: 1494/0 avg code rate 0.1, avg bit/symbol 2.0, avg per TB: (nb RBs 6.1, nb symbols 11.2)
    UL harq: 11247/0 avg code rate 0.1, avg bit/symbol 2.0, avg per TB: (nb RBs 6.0, nb symbols 12.5)
[0m[NR_RRC] MeasurementReport Encoded 53 bits (7 bytes)
[0m[NR_MAC] UE 0 RNTI 4fe0 stats sfn: 640.8, cumulated bad DCI 0
    DL Chan: SSB 0 SINR 43.3 dB RSRP -42 dBm, RI 0 CQI: N/A
    DL harq: 1496/0 avg code rate 0.1, avg bit/symbol 2.0, avg per TB: (nb RBs 6.1, nb symbols 11.2)
    UL harq: 11274/0 avg code rate 0.1, avg bit/symbol 2.0, avg per TB: (nb RBs 6.0, nb symbols 12.5)
[0m[NR_RRC] MeasurementReport Encoded 53 bits (7 bytes)
[0m[NR_MAC] UE 0 RNTI 4fe0 stats sfn: 768.8, cumulated bad DCI 0
    DL Chan: SSB 0 SINR 42.6 dB RSRP -42 dBm, RI 0 CQI: N/A
    DL harq: 1498/0 avg code rate 0.1, avg bit/symbol 2.0, avg per TB: (nb RBs 6.1, nb symbols 11.2)
    UL harq: 11302/0 avg code rate 0.1, avg bit/symbol 2.0, avg per TB: (nb RBs 6.0, nb symbols 12.5)
[0m[NR_RRC] MeasurementReport Encoded 53 bits (7 bytes)
[0m[NR_RRC] MeasurementReport Encoded 53 bits (7 bytes)
[0m[NR_MAC] UE 0 RNTI 4fe0 stats sfn: 896.8, cumulated bad DCI 0
    DL Chan: SSB 0 SINR 44.1 dB RSRP -42 dBm, RI 0 CQI: N/A
    DL harq: 1502/0 avg code rate 0.1, avg bit/symbol 2.0, avg per TB: (nb RBs 6.1, nb symbols 11.2)
    UL harq: 11330/0 avg code rate 0.1, avg bit/symbol 2.0, avg per TB: (nb RBs 6.0, nb symbols 12.5)
[0m[NR_RRC] MeasurementReport Encoded 53 bits (7 bytes)
[0m[NR_MAC] UE 0 RNTI 4fe0 stats sfn: 0.8, cumulated bad DCI 0
    DL Chan: SSB 0 SINR 42.1 dB RSRP -42 dBm, RI 0 CQI: N/A
    DL harq: 1504/0 avg code rate 0.1, avg bit/symbol 2.0, avg per TB: (nb RBs 6.1, nb symbols 11.2)
    UL harq: 11355/0 avg code rate 0.1, avg bit/symbol 2.0, avg per TB: (nb RBs 6.0, nb symbols 12.5)
[0m[NR_RRC] MeasurementReport Encoded 53 bits (7 bytes)
[0m[NR_MAC] UE 0 RNTI 4fe0 stats sfn: 128.8, cumulated bad DCI 0
    DL Chan: SSB 0 SINR 44.1 dB RSRP -42 dBm, RI 0 CQI: N/A
    DL harq: 1519/0 avg code rate 0.1, avg bit/symbol 2.0, avg per TB: (nb RBs 6.1, nb symbols 11.3)
    UL harq: 11476/0 avg code rate 0.2, avg bit/symbol 2.0, avg per TB: (nb RBs 6.2, nb symbols 12.4)
[0m[NR_RRC] MeasurementReport Encoded 53 bits (7 bytes)
[0m[NR_MAC] UE 0 RNTI 4fe0 stats sfn: 256.8, cumulated bad DCI 0
    DL Chan: SSB 0 SINR 41.6 dB RSRP -42 dBm, RI 0 CQI: N/A
    DL harq: 1569/0 avg code rate 0.1, avg bit/symbol 2.0, avg per TB: (nb RBs 6.1, nb symbols 11.3)
    UL harq: 11723/0 avg code rate 0.3, avg bit/symbol 2.3, avg per TB: (nb RBs 6.4, nb symbols 12.4)
[0m[NR_RRC] MeasurementReport Encoded 53 bits (7 bytes)
[0m[NR_MAC] UE 0 RNTI 4fe0 stats sfn: 384.8, cumulated bad DCI 0
    DL Chan: SSB 0 SINR 45.1 dB RSRP -42 dBm, RI 0 CQI: N/A
    DL harq: 1649/0 avg code rate 0.2, avg bit/symbol 2.3, avg per TB: (nb RBs 6.1, nb symbols 11.4)
    UL harq: 11977/0 avg code rate 0.4, avg bit/symbol 2.7, avg per TB: (nb RBs 6.4, nb symbols 12.4)
[0m[NR_RRC] MeasurementReport Encoded 53 bits (7 bytes)
[0m[NR_RRC] MeasurementReport Encoded 53 bits (7 bytes)
[0m[NR_MAC] UE 0 RNTI 4fe0 stats sfn: 512.8, cumulated bad DCI 0
    DL Chan: SSB 0 SINR 45.1 dB RSRP -42 dBm, RI 0 CQI: N/A
    DL harq: 1730/0 avg code rate 0.5, avg bit/symbol 3.1, avg per TB: (nb RBs 6.0, nb symbols 11.4)
    UL harq: 12218/0 avg code rate 0.5, avg bit/symbol 3.0, avg per TB: (nb RBs 6.4, nb symbols 12.4)
[0m[NR_RRC] MeasurementReport Encoded 53 bits (7 bytes)
[0m[NR_MAC] UE 0 RNTI 4fe0 stats sfn: 640.8, cumulated bad DCI 0
    DL Chan: SSB 0 SINR 43.3 dB RSRP -42 dBm, RI 0 CQI: N/A
    DL harq: 1807/0 avg code rate 0.6, avg bit/symbol 3.7, avg per TB: (nb RBs 6.0, nb symbols 11.5)
    UL harq: 12458/0 avg code rate 0.6, avg bit/symbol 3.3, avg per TB: (nb RBs 6.4, nb symbols 12.4)
[0m[NR_RRC] MeasurementReport Encoded 53 bits (7 bytes)
[0m[NR_MAC] UE 0 RNTI 4fe0 stats sfn: 768.8, cumulated bad DCI 0
    DL Chan: SSB 0 SINR 42.6 dB RSRP -42 dBm, RI 0 CQI: N/A
    DL harq: 1886/0 avg code rate 0.7, avg bit/symbol 4.1, avg per TB: (nb RBs 5.9, nb symbols 11.6)
    UL harq: 12698/0 avg code rate 0.6, avg bit/symbol 3.5, avg per TB: (nb RBs 6.4, nb symbols 12.4)
[0m[NR_RRC] MeasurementReport Encoded 53 bits (7 bytes)
[0m[NR_MAC] UE 0 RNTI 4fe0 stats sfn: 896.8, cumulated bad DCI 0
    DL Chan: SSB 0 SINR 44.1 dB RSRP -42 dBm, RI 0 CQI: N/A
    DL harq: 1963/0 avg code rate 0.7, avg bit/symbol 4.3, avg per TB: (nb RBs 5.9, nb symbols 11.6)
    UL harq: 12925/0 avg code rate 0.7, avg bit/symbol 3.7, avg per TB: (nb RBs 6.4, nb symbols 12.4)
[0m[NR_RRC] MeasurementReport Encoded 53 bits (7 bytes)
[0m[NR_RRC] MeasurementReport Encoded 53 bits (7 bytes)
[0m[NR_MAC] UE 0 RNTI 4fe0 stats sfn: 0.8, cumulated bad DCI 0
    DL Chan: SSB 0 SINR 43.3 dB RSRP -42 dBm, RI 0 CQI: N/A
    DL harq: 2042/0 avg code rate 0.8, avg bit/symbol 4.5, avg per TB: (nb RBs 5.9, nb symbols 11.7)
    UL harq: 13162/0 avg code rate 0.7, avg bit/symbol 3.9, avg per TB: (nb RBs 6.4, nb symbols 12.4)
[0m[NR_RRC] MeasurementReport Encoded 53 bits (7 bytes)
[0m[NR_MAC] UE 0 RNTI 4fe0 stats sfn: 128.8, cumulated bad DCI 0
    DL Chan: SSB 0 SINR 43.3 dB RSRP -42 dBm, RI 0 CQI: N/A
    DL harq: 2076/0 avg code rate 0.8, avg bit/symbol 4.6, avg per TB: (nb RBs 5.8, nb symbols 11.7)
    UL harq: 13268/0 avg code rate 0.7, avg bit/symbol 3.9, avg per TB: (nb RBs 6.4, nb symbols 12.4)
[0m[NR_RRC] MeasurementReport Encoded 53 bits (7 bytes)
[0m[NR_MAC] UE 0 RNTI 4fe0 stats sfn: 256.8, cumulated bad DCI 0
    DL Chan: SSB 0 SINR 41.6 dB RSRP -42 dBm, RI 0 CQI: N/A
    DL harq: 2079/0 avg code rate 0.8, avg bit/symbol 4.6, avg per TB: (nb RBs 5.8, nb symbols 11.7)
    UL harq: 13305/0 avg code rate 0.7, avg bit/symbol 4.0, avg per TB: (nb RBs 6.4, nb symbols 12.4)
[0m[NR_RRC] MeasurementReport Encoded 53 bits (7 bytes)
[0m[NR_MAC] UE 0 RNTI 4fe0 stats sfn: 384.8, cumulated bad DCI 0
    DL Chan: SSB 0 SINR 43.3 dB RSRP -42 dBm, RI 0 CQI: N/A
    DL harq: 2081/0 avg code rate 0.8, avg bit/symbol 4.6, avg per TB: (nb RBs 5.8, nb symbols 11.7)
    UL harq: 13345/0 avg code rate 0.7, avg bit/symbol 4.0, avg per TB: (nb RBs 6.4, nb symbols 12.4)
[0m[NR_RRC] MeasurementReport Encoded 53 bits (7 bytes)
[0m[NR_RRC] MeasurementReport Encoded 53 bits (7 bytes)
[0m[NR_MAC] UE 0 RNTI 4fe0 stats sfn: 512.8, cumulated bad DCI 0
    DL Chan: SSB 0 SINR 44.1 dB RSRP -42 dBm, RI 0 CQI: N/A
    DL harq: 2084/0 avg code rate 0.8, avg bit/symbol 4.6, avg per TB: (nb RBs 5.8, nb symbols 11.7)
    UL harq: 13392/0 avg code rate 0.7, avg bit/symbol 4.0, avg per TB: (nb RBs 6.4, nb symbols 12.4)
[0m[NR_RRC] MeasurementReport Encoded 53 bits (7 bytes)
[0m[NR_MAC] UE 0 RNTI 4fe0 stats sfn: 640.8, cumulated bad DCI 0
    DL Chan: SSB 0 SINR 42.6 dB RSRP -42 dBm, RI 0 CQI: N/A
    DL harq: 2087/0 avg code rate 0.8, avg bit/symbol 4.6, avg per TB: (nb RBs 5.8, nb symbols 11.7)
    UL harq: 13426/0 avg code rate 0.7, avg bit/symbol 4.0, avg per TB: (nb RBs 6.4, nb symbols 12.4)
[0m[NR_RRC] MeasurementReport Encoded 53 bits (7 bytes)
[0m[NR_MAC] UE 0 RNTI 4fe0 stats sfn: 768.8, cumulated bad DCI 0
    DL Chan: SSB 0 SINR 45.1 dB RSRP -42 dBm, RI 0 CQI: N/A
    DL harq: 2089/0 avg code rate 0.8, avg bit/symbol 4.6, avg per TB: (nb RBs 5.8, nb symbols 11.7)
    UL harq: 13467/0 avg code rate 0.7, avg bit/symbol 4.0, avg per TB: (nb RBs 6.4, nb symbols 12.4)
[0m[NR_RRC] MeasurementReport Encoded 53 bits (7 bytes)
[0m[NR_MAC] UE 0 RNTI 4fe0 stats sfn: 896.8, cumulated bad DCI 0
    DL Chan: SSB 0 SINR 45.1 dB RSRP -42 dBm, RI 0 CQI: N/A
    DL harq: 2091/0 avg code rate 0.8, avg bit/symbol 4.6, avg per TB: (nb RBs 5.8, nb symbols 11.7)
    UL harq: 13501/0 avg code rate 0.7, avg bit/symbol 4.0, avg per TB: (nb RBs 6.3, nb symbols 12.4)
[0m[NR_RRC] MeasurementReport Encoded 53 bits (7 bytes)
[0m[NR_RRC] MeasurementReport Encoded 53 bits (7 bytes)
[0m[NR_MAC] UE 0 RNTI 4fe0 stats sfn: 0.8, cumulated bad DCI 0
    DL Chan: SSB 0 SINR 44.1 dB RSRP -42 dBm, RI 0 CQI: N/A
    DL harq: 2094/0 avg code rate 0.8, avg bit/symbol 4.6, avg per TB: (nb RBs 5.8, nb symbols 11.7)
    UL harq: 13531/0 avg code rate 0.7, avg bit/symbol 4.0, avg per TB: (nb RBs 6.3, nb symbols 12.4)
[0m[NR_RRC] MeasurementReport Encoded 53 bits (7 bytes)
[0m[NR_MAC] UE 0 RNTI 4fe0 stats sfn: 128.8, cumulated bad DCI 0
    DL Chan: SSB 0 SINR 43.3 dB RSRP -42 dBm, RI 0 CQI: N/A
    DL harq: 2097/0 avg code rate 0.8, avg bit/symbol 4.6, avg per TB: (nb RBs 5.8, nb symbols 11.7)
    UL harq: 13564/0 avg code rate 0.7, avg bit/symbol 4.0, avg per TB: (nb RBs 6.3, nb symbols 12.4)
[0m[NR_RRC] MeasurementReport Encoded 53 bits (7 bytes)
[0m[NR_MAC] UE 0 RNTI 4fe0 stats sfn: 256.8, cumulated bad DCI 0
    DL Chan: SSB 0 SINR 42.1 dB RSRP -42 dBm, RI 0 CQI: N/A
    DL harq: 2099/0 avg code rate 0.8, avg bit/symbol 4.6, avg per TB: (nb RBs 5.8, nb symbols 11.7)
    UL harq: 13593/0 avg code rate 0.7, avg bit/symbol 4.0, avg per TB: (nb RBs 6.3, nb symbols 12.4)
[0m[NR_RRC] MeasurementReport Encoded 53 bits (7 bytes)
[0m[NR_MAC] UE 0 RNTI 4fe0 stats sfn: 384.8, cumulated bad DCI 0
    DL Chan: SSB 0 SINR 42.6 dB RSRP -42 dBm, RI 0 CQI: N/A
    DL harq: 2101/0 avg code rate 0.8, avg bit/symbol 4.6, avg per TB: (nb RBs 5.8, nb symbols 11.7)
    UL harq: 13622/0 avg code rate 0.7, avg bit/symbol 4.0, avg per TB: (nb RBs 6.3, nb symbols 12.4)
[0m[NR_RRC] MeasurementReport Encoded 53 bits (7 bytes)
[0m[NR_RRC] MeasurementReport Encoded 53 bits (7 bytes)
[0m[NR_MAC] UE 0 RNTI 4fe0 stats sfn: 512.8, cumulated bad DCI 0
    DL Chan: SSB 0 SINR 43.3 dB RSRP -42 dBm, RI 0 CQI: N/A
    DL harq: 2105/0 avg code rate 0.8, avg bit/symbol 4.6, avg per TB: (nb RBs 5.8, nb symbols 11.7)
    UL harq: 13656/0 avg code rate 0.7, avg bit/symbol 4.0, avg per TB: (nb RBs 6.3, nb symbols 12.4)
[0m[NR_RRC] MeasurementReport Encoded 53 bits (7 bytes)
[0m[NR_MAC] UE 0 RNTI 4fe0 stats sfn: 640.8, cumulated bad DCI 0
    DL Chan: SSB 0 SINR 42.6 dB RSRP -42 dBm, RI 0 CQI: N/A
    DL harq: 2107/0 avg code rate 0.8, avg bit/symbol 4.6, avg per TB: (nb RBs 5.8, nb symbols 11.7)
    UL harq: 13688/0 avg code rate 0.7, avg bit/symbol 4.0, avg per TB: (nb RBs 6.3, nb symbols 12.4)
[0m[NR_RRC] MeasurementReport Encoded 53 bits (7 bytes)
[0m[NR_MAC] UE 0 RNTI 4fe0 stats sfn: 768.8, cumulated bad DCI 0
    DL Chan: SSB 0 SINR 43.3 dB RSRP -42 dBm, RI 0 CQI: N/A
    DL harq: 2109/0 avg code rate 0.8, avg bit/symbol 4.6, avg per TB: (nb RBs 5.8, nb symbols 11.7)
    UL harq: 13724/0 avg code rate 0.7, avg bit/symbol 4.0, avg per TB: (nb RBs 6.3, nb symbols 12.4)
[0m[NR_RRC] MeasurementReport Encoded 53 bits (7 bytes)
[0m[NR_MAC] UE 0 RNTI 4fe0 stats sfn: 896.8, cumulated bad DCI 0
    DL Chan: SSB 0 SINR 43.3 dB RSRP -42 dBm, RI 0 CQI: N/A
    DL harq: 2111/0 avg code rate 0.8, avg bit/symbol 4.6, avg per TB: (nb RBs 5.8, nb symbols 11.7)
    UL harq: 13751/0 avg code rate 0.7, avg bit/symbol 4.0, avg per TB: (nb RBs 6.3, nb symbols 12.4)
[0m[NR_RRC] MeasurementReport Encoded 53 bits (7 bytes)
[0m[NR_RRC] MeasurementReport Encoded 53 bits (7 bytes)
[0m[NR_MAC] UE 0 RNTI 4fe0 stats sfn: 0.8, cumulated bad DCI 0
    DL Chan: SSB 0 SINR 43.3 dB RSRP -42 dBm, RI 0 CQI: N/A
    DL harq: 2115/0 avg code rate 0.8, avg bit/symbol 4.6, avg per TB: (nb RBs 5.8, nb symbols 11.7)
    UL harq: 13776/0 avg code rate 0.7, avg bit/symbol 4.0, avg per TB: (nb RBs 6.3, nb symbols 12.4)
[0m[NR_RRC] MeasurementReport Encoded 53 bits (7 bytes)
[0m[NR_MAC] UE 0 RNTI 4fe0 stats sfn: 128.8, cumulated bad DCI 0
    DL Chan: SSB 0 SINR 44.1 dB RSRP -42 dBm, RI 0 CQI: N/A
    DL harq: 2117/0 avg code rate 0.8, avg bit/symbol 4.6, avg per TB: (nb RBs 5.8, nb symbols 11.7)
    UL harq: 13814/0 avg code rate 0.7, avg bit/symbol 4.0, avg per TB: (nb RBs 6.3, nb symbols 12.4)
[0m[NR_RRC] MeasurementReport Encoded 53 bits (7 bytes)
[0m[NR_MAC] UE 0 RNTI 4fe0 stats sfn: 256.8, cumulated bad DCI 0
    DL Chan: SSB 0 SINR 42.6 dB RSRP -42 dBm, RI 0 CQI: N/A
    DL harq: 2119/0 avg code rate 0.8, avg bit/symbol 4.6, avg per TB: (nb RBs 5.8, nb symbols 11.7)
    UL harq: 13841/0 avg code rate 0.7, avg bit/symbol 4.0, avg per TB: (nb RBs 6.3, nb symbols 12.4)
[0m[NR_RRC] MeasurementReport Encoded 53 bits (7 bytes)
[0m[NR_MAC] UE 0 RNTI 4fe0 stats sfn: 384.8, cumulated bad DCI 0
    DL Chan: SSB 0 SINR 43.3 dB RSRP -42 dBm, RI 0 CQI: N/A
    DL harq: 2121/0 avg code rate 0.8, avg bit/symbol 4.6, avg per TB: (nb RBs 5.8, nb symbols 11.7)
    UL harq: 13880/0 avg code rate 0.7, avg bit/symbol 4.0, avg per TB: (nb RBs 6.3, nb symbols 12.4)
[0m[NR_RRC] MeasurementReport Encoded 53 bits (7 bytes)
[0m[NR_RRC] MeasurementReport Encoded 53 bits (7 bytes)
[0m[NR_MAC] UE 0 RNTI 4fe0 stats sfn: 512.8, cumulated bad DCI 0
    DL Chan: SSB 0 SINR 44.1 dB RSRP -42 dBm, RI 0 CQI: N/A
    DL harq: 2125/0 avg code rate 0.8, avg bit/symbol 4.6, avg per TB: (nb RBs 5.8, nb symbols 11.7)
    UL harq: 13914/0 avg code rate 0.7, avg bit/symbol 4.0, avg per TB: (nb RBs 6.3, nb symbols 12.4)
[0m[NR_RRC] MeasurementReport Encoded 53 bits (7 bytes)
[0m[NR_MAC] UE 0 RNTI 4fe0 stats sfn: 640.8, cumulated bad DCI 0
    DL Chan: SSB 0 SINR 43.3 dB RSRP -42 dBm, RI 0 CQI: N/A
    DL harq: 2127/0 avg code rate 0.8, avg bit/symbol 4.6, avg per TB: (nb RBs 5.8, nb symbols 11.7)
    UL harq: 13948/0 avg code rate 0.7, avg bit/symbol 4.0, avg per TB: (nb RBs 6.3, nb symbols 12.4)
[0m[NR_RRC] MeasurementReport Encoded 53 bits (7 bytes)
[0m[NR_MAC] UE 0 RNTI 4fe0 stats sfn: 768.8, cumulated bad DCI 0
    DL Chan: SSB 0 SINR 43.3 dB RSRP -42 dBm, RI 0 CQI: N/A
    DL harq: 2129/0 avg code rate 0.8, avg bit/symbol 4.6, avg per TB: (nb RBs 5.8, nb symbols 11.7)
    UL harq: 13981/0 avg code rate 0.7, avg bit/symbol 4.0, avg per TB: (nb RBs 6.3, nb symbols 12.4)
[0m[NR_RRC] MeasurementReport Encoded 53 bits (7 bytes)
[0m[NR_MAC] UE 0 RNTI 4fe0 stats sfn: 896.8, cumulated bad DCI 0
    DL Chan: SSB 0 SINR 43.3 dB RSRP -42 dBm, RI 0 CQI: N/A
    DL harq: 2132/0 avg code rate 0.8, avg bit/symbol 4.6, avg per TB: (nb RBs 5.8, nb symbols 11.7)
    UL harq: 14007/0 avg code rate 0.7, avg bit/symbol 4.0, avg per TB: (nb RBs 6.3, nb symbols 12.4)
[0m[NR_RRC] MeasurementReport Encoded 53 bits (7 bytes)
[0m[NR_RRC] MeasurementReport Encoded 53 bits (7 bytes)
[0m[NR_MAC] UE 0 RNTI 4fe0 stats sfn: 0.8, cumulated bad DCI 0
    DL Chan: SSB 0 SINR 44.1 dB RSRP -42 dBm, RI 0 CQI: N/A
    DL harq: 2135/0 avg code rate 0.8, avg bit/symbol 4.6, avg per TB: (nb RBs 5.8, nb symbols 11.7)
    UL harq: 14038/0 avg code rate 0.7, avg bit/symbol 4.0, avg per TB: (nb RBs 6.3, nb symbols 12.4)
[0m[NR_RRC] MeasurementReport Encoded 53 bits (7 bytes)
[0m[NR_MAC] UE 0 RNTI 4fe0 stats sfn: 128.8, cumulated bad DCI 0
    DL Chan: SSB 0 SINR 43.3 dB RSRP -42 dBm, RI 0 CQI: N/A
    DL harq: 2137/0 avg code rate 0.8, avg bit/symbol 4.6, avg per TB: (nb RBs 5.8, nb symbols 11.7)
    UL harq: 14060/0 avg code rate 0.7, avg bit/symbol 4.0, avg per TB: (nb RBs 6.3, nb symbols 12.4)
[0m[NR_RRC] MeasurementReport Encoded 53 bits (7 bytes)
[0m[NR_MAC] UE 0 RNTI 4fe0 stats sfn: 256.8, cumulated bad DCI 0
    DL Chan: SSB 0 SINR 45.1 dB RSRP -42 dBm, RI 0 CQI: N/A
    DL harq: 2139/0 avg code rate 0.8, avg bit/symbol 4.6, avg per TB: (nb RBs 5.8, nb symbols 11.7)
    UL harq: 14090/0 avg code rate 0.7, avg bit/symbol 4.0, avg per TB: (nb RBs 6.3, nb symbols 12.4)
[0m[NR_RRC] MeasurementReport Encoded 53 bits (7 bytes)
[0m[NR_MAC] UE 0 RNTI 4fe0 stats sfn: 384.8, cumulated bad DCI 0
    DL Chan: SSB 0 SINR 43.3 dB RSRP -42 dBm, RI 0 CQI: N/A
    DL harq: 2142/0 avg code rate 0.8, avg bit/symbol 4.6, avg per TB: (nb RBs 5.8, nb symbols 11.7)
    UL harq: 14112/0 avg code rate 0.7, avg bit/symbol 4.0, avg per TB: (nb RBs 6.3, nb symbols 12.4)
[0m[NR_RRC] MeasurementReport Encoded 53 bits (7 bytes)
[0m[NR_RRC] MeasurementReport Encoded 53 bits (7 bytes)
[0m[NR_MAC] UE 0 RNTI 4fe0 stats sfn: 512.8, cumulated bad DCI 0
    DL Chan: SSB 0 SINR 43.3 dB RSRP -42 dBm, RI 0 CQI: N/A
    DL harq: 2144/0 avg code rate 0.8, avg bit/symbol 4.6, avg per TB: (nb RBs 5.8, nb symbols 11.7)
    UL harq: 14137/0 avg code rate 0.7, avg bit/symbol 4.0, avg per TB: (nb RBs 6.3, nb symbols 12.4)
[0m[NR_RRC] MeasurementReport Encoded 53 bits (7 bytes)
[0m[NR_MAC] UE 0 RNTI 4fe0 stats sfn: 640.8, cumulated bad DCI 0
    DL Chan: SSB 0 SINR 43.3 dB RSRP -42 dBm, RI 0 CQI: N/A
    DL harq: 2147/0 avg code rate 0.8, avg bit/symbol 4.6, avg per TB: (nb RBs 5.8, nb symbols 11.7)
    UL harq: 14161/0 avg code rate 0.7, avg bit/symbol 4.0, avg per TB: (nb RBs 6.3, nb symbols 12.4)
[0m[NR_RRC] MeasurementReport Encoded 53 bits (7 bytes)
[0m[NR_MAC] UE 0 RNTI 4fe0 stats sfn: 768.8, cumulated bad DCI 0
    DL Chan: SSB 0 SINR 44.1 dB RSRP -42 dBm, RI 0 CQI: N/A
    DL harq: 2150/0 avg code rate 0.8, avg bit/symbol 4.6, avg per TB: (nb RBs 5.8, nb symbols 11.7)
    UL harq: 14183/0 avg code rate 0.7, avg bit/symbol 4.0, avg per TB: (nb RBs 6.3, nb symbols 12.4)
[0m[NR_RRC] MeasurementReport Encoded 53 bits (7 bytes)
[0m[NR_MAC] UE 0 RNTI 4fe0 stats sfn: 896.8, cumulated bad DCI 0
    DL Chan: SSB 0 SINR 44.1 dB RSRP -42 dBm, RI 0 CQI: N/A
    DL harq: 2152/0 avg code rate 0.8, avg bit/symbol 4.6, avg per TB: (nb RBs 5.8, nb symbols 11.7)
    UL harq: 14208/0 avg code rate 0.7, avg bit/symbol 4.0, avg per TB: (nb RBs 6.3, nb symbols 12.4)
[0m[NR_RRC] MeasurementReport Encoded 53 bits (7 bytes)
[0m[NR_MAC] UE 0 RNTI 4fe0 stats sfn: 0.8, cumulated bad DCI 0
    DL Chan: SSB 0 SINR 44.1 dB RSRP -42 dBm, RI 0 CQI: N/A
    DL harq: 2154/0 avg code rate 0.8, avg bit/symbol 4.6, avg per TB: (nb RBs 5.8, nb symbols 11.7)
    UL harq: 14233/0 avg code rate 0.7, avg bit/symbol 4.0, avg per TB: (nb RBs 6.3, nb symbols 12.5)
[0m[NR_RRC] MeasurementReport Encoded 53 bits (7 bytes)
[0m[NR_RRC] MeasurementReport Encoded 53 bits (7 bytes)
[0m[NR_MAC] UE 0 RNTI 4fe0 stats sfn: 128.8, cumulated bad DCI 0
    DL Chan: SSB 0 SINR 43.3 dB RSRP -42 dBm, RI 0 CQI: N/A
    DL harq: 2157/0 avg code rate 0.8, avg bit/symbol 4.6, avg per TB: (nb RBs 5.8, nb symbols 11.7)
    UL harq: 14256/0 avg code rate 0.7, avg bit/symbol 4.0, avg per TB: (nb RBs 6.3, nb symbols 12.5)
[0m[NR_RRC] MeasurementReport Encoded 53 bits (7 bytes)
[0m[NR_MAC] UE 0 RNTI 4fe0 stats sfn: 256.8, cumulated bad DCI 0
    DL Chan: SSB 0 SINR 43.3 dB RSRP -42 dBm, RI 0 CQI: N/A
    DL harq: 2160/0 avg code rate 0.8, avg bit/symbol 4.6, avg per TB: (nb RBs 5.8, nb symbols 11.7)
    UL harq: 14280/0 avg code rate 0.7, avg bit/symbol 4.0, avg per TB: (nb RBs 6.3, nb symbols 12.5)
[0m[NR_RRC] MeasurementReport Encoded 53 bits (7 bytes)
[0m[NR_MAC] UE 0 RNTI 4fe0 stats sfn: 384.8, cumulated bad DCI 0
    DL Chan: SSB 0 SINR 43.3 dB RSRP -42 dBm, RI 0 CQI: N/A
    DL harq: 2162/0 avg code rate 0.8, avg bit/symbol 4.6, avg per TB: (nb RBs 5.8, nb symbols 11.7)
    UL harq: 14303/0 avg code rate 0.7, avg bit/symbol 4.0, avg per TB: (nb RBs 6.3, nb symbols 12.5)
[0m[NR_RRC] MeasurementReport Encoded 53 bits (7 bytes)
[0m[NR_MAC] UE 0 RNTI 4fe0 stats sfn: 512.8, cumulated bad DCI 0
    DL Chan: SSB 0 SINR 44.1 dB RSRP -42 dBm, RI 0 CQI: N/A
    DL harq: 2164/0 avg code rate 0.8, avg bit/symbol 4.6, avg per TB: (nb RBs 5.8, nb symbols 11.7)
    UL harq: 14325/0 avg code rate 0.7, avg bit/symbol 4.0, avg per TB: (nb RBs 6.3, nb symbols 12.5)
[0m[NR_RRC] MeasurementReport Encoded 53 bits (7 bytes)
[0m[NR_RRC] MeasurementReport Encoded 53 bits (7 bytes)
[0m[NR_MAC] UE 0 RNTI 4fe0 stats sfn: 640.8, cumulated bad DCI 0
    DL Chan: SSB 0 SINR 44.1 dB RSRP -42 dBm, RI 0 CQI: N/A
    DL harq: 2168/0 avg code rate 0.8, avg bit/symbol 4.6, avg per TB: (nb RBs 5.8, nb symbols 11.7)
    UL harq: 14349/0 avg code rate 0.7, avg bit/symbol 4.0, avg per TB: (nb RBs 6.3, nb symbols 12.5)
[0m[NR_RRC] MeasurementReport Encoded 53 bits (7 bytes)
[0m[NR_MAC] UE 0 RNTI 4fe0 stats sfn: 768.8, cumulated bad DCI 0
    DL Chan: SSB 0 SINR 43.3 dB RSRP -42 dBm, RI 0 CQI: N/A
    DL harq: 2170/0 avg code rate 0.8, avg bit/symbol 4.6, avg per TB: (nb RBs 5.8, nb symbols 11.7)
    UL harq: 14370/0 avg code rate 0.7, avg bit/symbol 4.0, avg per TB: (nb RBs 6.3, nb symbols 12.5)
[0m[NR_RRC] MeasurementReport Encoded 53 bits (7 bytes)
[0m[NR_MAC] UE 0 RNTI 4fe0 stats sfn: 896.8, cumulated bad DCI 0
    DL Chan: SSB 0 SINR 42.6 dB RSRP -42 dBm, RI 0 CQI: N/A
    DL harq: 2172/0 avg code rate 0.8, avg bit/symbol 4.6, avg per TB: (nb RBs 5.8, nb symbols 11.7)
    UL harq: 14387/0 avg code rate 0.7, avg bit/symbol 4.0, avg per TB: (nb RBs 6.3, nb symbols 12.5)
[0m[NR_RRC] MeasurementReport Encoded 53 bits (7 bytes)
[0m[NR_MAC] UE 0 RNTI 4fe0 stats sfn: 0.8, cumulated bad DCI 0
    DL Chan: SSB 0 SINR 44.1 dB RSRP -42 dBm, RI 0 CQI: N/A
    DL harq: 2174/0 avg code rate 0.8, avg bit/symbol 4.6, avg per TB: (nb RBs 5.8, nb symbols 11.7)
    UL harq: 14411/0 avg code rate 0.7, avg bit/symbol 4.0, avg per TB: (nb RBs 6.3, nb symbols 12.5)
[0m[NR_RRC] MeasurementReport Encoded 53 bits (7 bytes)
[0m[NR_RRC] MeasurementReport Encoded 53 bits (7 bytes)
[0m[NR_MAC] UE 0 RNTI 4fe0 stats sfn: 128.8, cumulated bad DCI 0
    DL Chan: SSB 0 SINR 44.1 dB RSRP -42 dBm, RI 0 CQI: N/A
    DL harq: 2178/0 avg code rate 0.8, avg bit/symbol 4.6, avg per TB: (nb RBs 5.8, nb symbols 11.7)
    UL harq: 14440/0 avg code rate 0.7, avg bit/symbol 4.0, avg per TB: (nb RBs 6.3, nb symbols 12.5)
[0m[NR_RRC] MeasurementReport Encoded 53 bits (7 bytes)
[0m[NR_MAC] UE 0 RNTI 4fe0 stats sfn: 256.8, cumulated bad DCI 0
    DL Chan: SSB 0 SINR 45.1 dB RSRP -42 dBm, RI 0 CQI: N/A
    DL harq: 2180/0 avg code rate 0.8, avg bit/symbol 4.6, avg per TB: (nb RBs 5.8, nb symbols 11.7)
    UL harq: 14465/0 avg code rate 0.7, avg bit/symbol 4.0, avg per TB: (nb RBs 6.3, nb symbols 12.5)
[0m[NR_RRC] MeasurementReport Encoded 53 bits (7 bytes)
[0m[NR_MAC] UE 0 RNTI 4fe0 stats sfn: 384.8, cumulated bad DCI 0
    DL Chan: SSB 0 SINR 45.1 dB RSRP -42 dBm, RI 0 CQI: N/A
    DL harq: 2182/0 avg code rate 0.8, avg bit/symbol 4.6, avg per TB: (nb RBs 5.8, nb symbols 11.7)
    UL harq: 14487/0 avg code rate 0.7, avg bit/symbol 4.0, avg per TB: (nb RBs 6.3, nb symbols 12.5)
[0m[NR_RRC] MeasurementReport Encoded 53 bits (7 bytes)
[0m[NR_MAC] UE 0 RNTI 4fe0 stats sfn: 512.8, cumulated bad DCI 0
    DL Chan: SSB 0 SINR 44.1 dB RSRP -42 dBm, RI 0 CQI: N/A
    DL harq: 2184/0 avg code rate 0.8, avg bit/symbol 4.6, avg per TB: (nb RBs 5.8, nb symbols 11.7)
    UL harq: 14508/0 avg code rate 0.7, avg bit/symbol 4.0, avg per TB: (nb RBs 6.3, nb symbols 12.5)
[0m[NR_RRC] MeasurementReport Encoded 53 bits (7 bytes)
[0m[NR_RRC] MeasurementReport Encoded 53 bits (7 bytes)
[0m[NR_MAC] UE 0 RNTI 4fe0 stats sfn: 640.8, cumulated bad DCI 0
    DL Chan: SSB 0 SINR 45.1 dB RSRP -42 dBm, RI 0 CQI: N/A
    DL harq: 2188/0 avg code rate 0.8, avg bit/symbol 4.6, avg per TB: (nb RBs 5.8, nb symbols 11.7)
    UL harq: 14538/0 avg code rate 0.7, avg bit/symbol 4.0, avg per TB: (nb RBs 6.3, nb symbols 12.5)
[0m[NR_RRC] MeasurementReport Encoded 53 bits (7 bytes)
[0m[NR_MAC] UE 0 RNTI 4fe0 stats sfn: 768.8, cumulated bad DCI 0
    DL Chan: SSB 0 SINR 44.1 dB RSRP -42 dBm, RI 0 CQI: N/A
    DL harq: 2190/0 avg code rate 0.8, avg bit/symbol 4.6, avg per TB: (nb RBs 5.8, nb symbols 11.7)
    UL harq: 14562/0 avg code rate 0.7, avg bit/symbol 4.0, avg per TB: (nb RBs 6.3, nb symbols 12.5)
[0m[NR_RRC] MeasurementReport Encoded 53 bits (7 bytes)
[0m[NR_MAC] UE 0 RNTI 4fe0 stats sfn: 896.8, cumulated bad DCI 0
    DL Chan: SSB 0 SINR 42.6 dB RSRP -42 dBm, RI 0 CQI: N/A
    DL harq: 2192/0 avg code rate 0.8, avg bit/symbol 4.6, avg per TB: (nb RBs 5.8, nb symbols 11.7)
    UL harq: 14587/0 avg code rate 0.7, avg bit/symbol 4.0, avg per TB: (nb RBs 6.3, nb symbols 12.5)
[0m[NR_RRC] MeasurementReport Encoded 53 bits (7 bytes)
[0m[NR_MAC] UE 0 RNTI 4fe0 stats sfn: 0.8, cumulated bad DCI 0
    DL Chan: SSB 0 SINR 42.6 dB RSRP -42 dBm, RI 0 CQI: N/A
    DL harq: 2195/0 avg code rate 0.8, avg bit/symbol 4.6, avg per TB: (nb RBs 5.8, nb symbols 11.7)
    UL harq: 14616/0 avg code rate 0.7, avg bit/symbol 4.0, avg per TB: (nb RBs 6.2, nb symbols 12.5)
[0m[NR_RRC] MeasurementReport Encoded 53 bits (7 bytes)
[0m[NR_RRC] MeasurementReport Encoded 53 bits (7 bytes)
[0m[NR_MAC] UE 0 RNTI 4fe0 stats sfn: 128.8, cumulated bad DCI 0
    DL Chan: SSB 0 SINR 42.1 dB RSRP -42 dBm, RI 0 CQI: N/A
    DL harq: 2198/0 avg code rate 0.8, avg bit/symbol 4.6, avg per TB: (nb RBs 5.8, nb symbols 11.7)
    UL harq: 14647/0 avg code rate 0.7, avg bit/symbol 4.0, avg per TB: (nb RBs 6.2, nb symbols 12.5)
[0m[NR_RRC] MeasurementReport Encoded 53 bits (7 bytes)
[0m[NR_MAC] UE 0 RNTI 4fe0 stats sfn: 256.8, cumulated bad DCI 0
    DL Chan: SSB 0 SINR 43.3 dB RSRP -42 dBm, RI 0 CQI: N/A
    DL harq: 2200/0 avg code rate 0.8, avg bit/symbol 4.6, avg per TB: (nb RBs 5.8, nb symbols 11.7)
    UL harq: 14669/0 avg code rate 0.7, avg bit/symbol 4.0, avg per TB: (nb RBs 6.2, nb symbols 12.5)
[0m[NR_RRC] MeasurementReport Encoded 53 bits (7 bytes)
[0m[NR_MAC] UE 0 RNTI 4fe0 stats sfn: 384.8, cumulated bad DCI 0
    DL Chan: SSB 0 SINR 44.1 dB RSRP -42 dBm, RI 0 CQI: N/A
    DL harq: 2202/0 avg code rate 0.8, avg bit/symbol 4.6, avg per TB: (nb RBs 5.8, nb symbols 11.7)
    UL harq: 14690/0 avg code rate 0.7, avg bit/symbol 4.0, avg per TB: (nb RBs 6.2, nb symbols 12.5)
[0m[NR_RRC] MeasurementReport Encoded 53 bits (7 bytes)
[0m[NR_MAC] UE 0 RNTI 4fe0 stats sfn: 512.8, cumulated bad DCI 0
    DL Chan: SSB 0 SINR 44.1 dB RSRP -42 dBm, RI 0 CQI: N/A
    DL harq: 2205/0 avg code rate 0.8, avg bit/symbol 4.6, avg per TB: (nb RBs 5.8, nb symbols 11.7)
    UL harq: 14711/0 avg code rate 0.7, avg bit/symbol 4.0, avg per TB: (nb RBs 6.2, nb symbols 12.5)
[0m[NR_RRC] MeasurementReport Encoded 53 bits (7 bytes)
[0m[NR_RRC] MeasurementReport Encoded 53 bits (7 bytes)
[0m[NR_MAC] UE 0 RNTI 4fe0 stats sfn: 640.8, cumulated bad DCI 0
    DL Chan: SSB 0 SINR 45.1 dB RSRP -42 dBm, RI 0 CQI: N/A
    DL harq: 2208/0 avg code rate 0.8, avg bit/symbol 4.6, avg per TB: (nb RBs 5.8, nb symbols 11.7)
    UL harq: 14740/0 avg code rate 0.7, avg bit/symbol 4.0, avg per TB: (nb RBs 6.2, nb symbols 12.5)
[0m[NR_RRC] MeasurementReport Encoded 53 bits (7 bytes)
[0m[NR_MAC] UE 0 RNTI 4fe0 stats sfn: 768.8, cumulated bad DCI 0
    DL Chan: SSB 0 SINR 44.1 dB RSRP -42 dBm, RI 0 CQI: N/A
    DL harq: 2210/0 avg code rate 0.8, avg bit/symbol 4.6, avg per TB: (nb RBs 5.8, nb symbols 11.7)
    UL harq: 14767/0 avg code rate 0.7, avg bit/symbol 4.0, avg per TB: (nb RBs 6.2, nb symbols 12.5)
[0m[NR_RRC] MeasurementReport Encoded 53 bits (7 bytes)
[0m[NR_MAC] UE 0 RNTI 4fe0 stats sfn: 896.8, cumulated bad DCI 0
    DL Chan: SSB 0 SINR 42.6 dB RSRP -42 dBm, RI 0 CQI: N/A
    DL harq: 2213/0 avg code rate 0.8, avg bit/symbol 4.6, avg per TB: (nb RBs 5.8, nb symbols 11.8)
    UL harq: 14793/0 avg code rate 0.7, avg bit/symbol 4.0, avg per TB: (nb RBs 6.2, nb symbols 12.5)
[0m[NR_RRC] MeasurementReport Encoded 53 bits (7 bytes)
[0m[NR_MAC] UE 0 RNTI 4fe0 stats sfn: 0.8, cumulated bad DCI 0
    DL Chan: SSB 0 SINR 43.3 dB RSRP -42 dBm, RI 0 CQI: N/A
    DL harq: 2215/0 avg code rate 0.8, avg bit/symbol 4.6, avg per TB: (nb RBs 5.8, nb symbols 11.8)
    UL harq: 14817/0 avg code rate 0.7, avg bit/symbol 4.0, avg per TB: (nb RBs 6.2, nb symbols 12.5)
[0m[NR_RRC] MeasurementReport Encoded 53 bits (7 bytes)
[0m[NR_RRC] MeasurementReport Encoded 53 bits (7 bytes)
[0m[NR_MAC] UE 0 RNTI 4fe0 stats sfn: 128.8, cumulated bad DCI 0
    DL Chan: SSB 0 SINR 44.1 dB RSRP -42 dBm, RI 0 CQI: N/A
    DL harq: 2218/0 avg code rate 0.8, avg bit/symbol 4.6, avg per TB: (nb RBs 5.8, nb symbols 11.8)
    UL harq: 14842/0 avg code rate 0.7, avg bit/symbol 4.0, avg per TB: (nb RBs 6.2, nb symbols 12.5)
[0m[NR_RRC] MeasurementReport Encoded 53 bits (7 bytes)
[0m[NR_MAC] UE 0 RNTI 4fe0 stats sfn: 256.8, cumulated bad DCI 0
    DL Chan: SSB 0 SINR 44.1 dB RSRP -42 dBm, RI 0 CQI: N/A
    DL harq: 2220/0 avg code rate 0.8, avg bit/symbol 4.6, avg per TB: (nb RBs 5.8, nb symbols 11.8)
    UL harq: 14863/0 avg code rate 0.7, avg bit/symbol 3.9, avg per TB: (nb RBs 6.2, nb symbols 12.5)
[0m[NR_RRC] MeasurementReport Encoded 53 bits (7 bytes)
[0m[NR_MAC] UE 0 RNTI 4fe0 stats sfn: 384.8, cumulated bad DCI 0
    DL Chan: SSB 0 SINR 44.1 dB RSRP -42 dBm, RI 0 CQI: N/A
    DL harq: 2223/0 avg code rate 0.8, avg bit/symbol 4.6, avg per TB: (nb RBs 5.8, nb symbols 11.8)
    UL harq: 14886/0 avg code rate 0.7, avg bit/symbol 3.9, avg per TB: (nb RBs 6.2, nb symbols 12.5)
[0m[NR_RRC] MeasurementReport Encoded 53 bits (7 bytes)
[0m[NR_MAC] UE 0 RNTI 4fe0 stats sfn: 512.8, cumulated bad DCI 0
    DL Chan: SSB 0 SINR 43.3 dB RSRP -42 dBm, RI 0 CQI: N/A
    DL harq: 2225/0 avg code rate 0.8, avg bit/symbol 4.6, avg per TB: (nb RBs 5.8, nb symbols 11.8)
    UL harq: 14913/0 avg code rate 0.7, avg bit/symbol 3.9, avg per TB: (nb RBs 6.2, nb symbols 12.5)
[0m[NR_RRC] MeasurementReport Encoded 53 bits (7 bytes)
[0m[NR_RRC] MeasurementReport Encoded 53 bits (7 bytes)
[0m[NR_MAC] UE 0 RNTI 4fe0 stats sfn: 640.8, cumulated bad DCI 0
    DL Chan: SSB 0 SINR 42.6 dB RSRP -42 dBm, RI 0 CQI: N/A
    DL harq: 2227/0 avg code rate 0.8, avg bit/symbol 4.6, avg per TB: (nb RBs 5.8, nb symbols 11.8)
    UL harq: 14943/0 avg code rate 0.7, avg bit/symbol 3.9, avg per TB: (nb RBs 6.2, nb symbols 12.5)
[0m[NR_RRC] MeasurementReport Encoded 53 bits (7 bytes)
[0m[NR_MAC] UE 0 RNTI 4fe0 stats sfn: 768.8, cumulated bad DCI 0
    DL Chan: SSB 0 SINR 42.1 dB RSRP -42 dBm, RI 0 CQI: N/A
    DL harq: 2231/0 avg code rate 0.8, avg bit/symbol 4.6, avg per TB: (nb RBs 5.8, nb symbols 11.8)
    UL harq: 14969/0 avg code rate 0.7, avg bit/symbol 3.9, avg per TB: (nb RBs 6.2, nb symbols 12.5)
[0m[NR_RRC] MeasurementReport Encoded 53 bits (7 bytes)
[0m[NR_MAC] UE 0 RNTI 4fe0 stats sfn: 896.8, cumulated bad DCI 0
    DL Chan: SSB 0 SINR 42.6 dB RSRP -42 dBm, RI 0 CQI: N/A
    DL harq: 2233/0 avg code rate 0.8, avg bit/symbol 4.5, avg per TB: (nb RBs 5.8, nb symbols 11.8)
    UL harq: 14992/0 avg code rate 0.7, avg bit/symbol 3.9, avg per TB: (nb RBs 6.2, nb symbols 12.5)
[0m[NR_RRC] MeasurementReport Encoded 53 bits (7 bytes)
[0m[NR_MAC] UE 0 RNTI 4fe0 stats sfn: 0.8, cumulated bad DCI 0
    DL Chan: SSB 0 SINR 43.3 dB RSRP -42 dBm, RI 0 CQI: N/A
    DL harq: 2236/0 avg code rate 0.8, avg bit/symbol 4.5, avg per TB: (nb RBs 5.8, nb symbols 11.8)
    UL harq: 15018/0 avg code rate 0.7, avg bit/symbol 3.9, avg per TB: (nb RBs 6.2, nb symbols 12.5)
[0m[NR_RRC] MeasurementReport Encoded 53 bits (7 bytes)
[0m[NR_MAC] UE 0 RNTI 4fe0 stats sfn: 128.8, cumulated bad DCI 0
    DL Chan: SSB 0 SINR 43.3 dB RSRP -42 dBm, RI 0 CQI: N/A
    DL harq: 2238/0 avg code rate 0.8, avg bit/symbol 4.5, avg per TB: (nb RBs 5.8, nb symbols 11.8)
    UL harq: 15041/0 avg code rate 0.7, avg bit/symbol 3.9, avg per TB: (nb RBs 6.2, nb symbols 12.5)
[0m[NR_RRC] MeasurementReport Encoded 53 bits (7 bytes)
[0m[NR_RRC] MeasurementReport Encoded 53 bits (7 bytes)
[0m[NR_MAC] UE 0 RNTI 4fe0 stats sfn: 256.8, cumulated bad DCI 0
    DL Chan: SSB 0 SINR 43.3 dB RSRP -42 dBm, RI 0 CQI: N/A
    DL harq: 2242/0 avg code rate 0.8, avg bit/symbol 4.5, avg per TB: (nb RBs 5.8, nb symbols 11.8)
    UL harq: 15068/0 avg code rate 0.7, avg bit/symbol 3.9, avg per TB: (nb RBs 6.2, nb symbols 12.5)
[0m[NR_RRC] MeasurementReport Encoded 53 bits (7 bytes)
[0m[NR_MAC] UE 0 RNTI 4fe0 stats sfn: 384.8, cumulated bad DCI 0
    DL Chan: SSB 0 SINR 43.3 dB RSRP -42 dBm, RI 0 CQI: N/A
    DL harq: 2244/0 avg code rate 0.8, avg bit/symbol 4.5, avg per TB: (nb RBs 5.8, nb symbols 11.8)
    UL harq: 15097/0 avg code rate 0.7, avg bit/symbol 3.9, avg per TB: (nb RBs 6.2, nb symbols 12.5)
[0m[NR_RRC] MeasurementReport Encoded 53 bits (7 bytes)
[0m[NR_MAC] UE 0 RNTI 4fe0 stats sfn: 512.8, cumulated bad DCI 0
    DL Chan: SSB 0 SINR 45.1 dB RSRP -42 dBm, RI 0 CQI: N/A
    DL harq: 2246/0 avg code rate 0.8, avg bit/symbol 4.5, avg per TB: (nb RBs 5.8, nb symbols 11.8)
    UL harq: 15124/0 avg code rate 0.7, avg bit/symbol 3.9, avg per TB: (nb RBs 6.2, nb symbols 12.5)
[0m[NR_RRC] MeasurementReport Encoded 53 bits (7 bytes)
[0m[NR_MAC] UE 0 RNTI 4fe0 stats sfn: 640.8, cumulated bad DCI 0
    DL Chan: SSB 0 SINR 43.3 dB RSRP -42 dBm, RI 0 CQI: N/A
    DL harq: 2248/0 avg code rate 0.8, avg bit/symbol 4.5, avg per TB: (nb RBs 5.8, nb symbols 11.8)
    UL harq: 15148/0 avg code rate 0.7, avg bit/symbol 3.9, avg per TB: (nb RBs 6.2, nb symbols 12.5)
[0m[NR_RRC] MeasurementReport Encoded 53 bits (7 bytes)
[0m[NR_RRC] MeasurementReport Encoded 53 bits (7 bytes)
[0m[NR_MAC] UE 0 RNTI 4fe0 stats sfn: 768.8, cumulated bad DCI 0
    DL Chan: SSB 0 SINR 43.3 dB RSRP -42 dBm, RI 0 CQI: N/A
    DL harq: 2252/0 avg code rate 0.8, avg bit/symbol 4.5, avg per TB: (nb RBs 5.8, nb symbols 11.8)
    UL harq: 15171/0 avg code rate 0.7, avg bit/symbol 3.9, avg per TB: (nb RBs 6.2, nb symbols 12.5)
[0m[NR_RRC] MeasurementReport Encoded 53 bits (7 bytes)
[0m[NR_MAC] UE 0 RNTI 4fe0 stats sfn: 896.8, cumulated bad DCI 0
    DL Chan: SSB 0 SINR 44.1 dB RSRP -42 dBm, RI 0 CQI: N/A
    DL harq: 2254/0 avg code rate 0.8, avg bit/symbol 4.5, avg per TB: (nb RBs 5.8, nb symbols 11.8)
    UL harq: 15193/0 avg code rate 0.7, avg bit/symbol 3.9, avg per TB: (nb RBs 6.2, nb symbols 12.5)
[0m[NR_RRC] MeasurementReport Encoded 53 bits (7 bytes)
[0m[NR_MAC] UE 0 RNTI 4fe0 stats sfn: 0.8, cumulated bad DCI 0
    DL Chan: SSB 0 SINR 42.6 dB RSRP -42 dBm, RI 0 CQI: N/A
    DL harq: 2257/0 avg code rate 0.8, avg bit/symbol 4.5, avg per TB: (nb RBs 5.8, nb symbols 11.8)
    UL harq: 15223/0 avg code rate 0.7, avg bit/symbol 3.9, avg per TB: (nb RBs 6.2, nb symbols 12.5)
[0m[NR_RRC] MeasurementReport Encoded 53 bits (7 bytes)
[0m[NR_MAC] UE 0 RNTI 4fe0 stats sfn: 128.8, cumulated bad DCI 0
    DL Chan: SSB 0 SINR 44.1 dB RSRP -42 dBm, RI 0 CQI: N/A
    DL harq: 2260/0 avg code rate 0.8, avg bit/symbol 4.5, avg per TB: (nb RBs 5.8, nb symbols 11.8)
    UL harq: 15247/0 avg code rate 0.7, avg bit/symbol 3.9, avg per TB: (nb RBs 6.2, nb symbols 12.5)
[0m[NR_RRC] MeasurementReport Encoded 53 bits (7 bytes)
[0m[NR_RRC] MeasurementReport Encoded 53 bits (7 bytes)
[0m[NR_MAC] UE 0 RNTI 4fe0 stats sfn: 256.8, cumulated bad DCI 0
    DL Chan: SSB 0 SINR 44.1 dB RSRP -42 dBm, RI 0 CQI: N/A
    DL harq: 2263/0 avg code rate 0.8, avg bit/symbol 4.5, avg per TB: (nb RBs 5.8, nb symbols 11.8)
    UL harq: 15279/0 avg code rate 0.7, avg bit/symbol 3.9, avg per TB: (nb RBs 6.2, nb symbols 12.5)
[0m[NR_RRC] MeasurementReport Encoded 53 bits (7 bytes)
[0m[NR_MAC] UE 0 RNTI 4fe0 stats sfn: 384.8, cumulated bad DCI 0
    DL Chan: SSB 0 SINR 43.3 dB RSRP -42 dBm, RI 0 CQI: N/A
    DL harq: 2265/0 avg code rate 0.8, avg bit/symbol 4.5, avg per TB: (nb RBs 5.8, nb symbols 11.8)
    UL harq: 15303/0 avg code rate 0.7, avg bit/symbol 3.9, avg per TB: (nb RBs 6.2, nb symbols 12.5)
[0m[NR_RRC] MeasurementReport Encoded 53 bits (7 bytes)
[0m[NR_MAC] UE 0 RNTI 4fe0 stats sfn: 512.8, cumulated bad DCI 0
    DL Chan: SSB 0 SINR 44.1 dB RSRP -42 dBm, RI 0 CQI: N/A
    DL harq: 2267/0 avg code rate 0.8, avg bit/symbol 4.5, avg per TB: (nb RBs 5.8, nb symbols 11.8)
    UL harq: 15323/0 avg code rate 0.7, avg bit/symbol 3.9, avg per TB: (nb RBs 6.2, nb symbols 12.5)
[0m[NR_RRC] MeasurementReport Encoded 53 bits (7 bytes)
[0m[NR_MAC] UE 0 RNTI 4fe0 stats sfn: 640.8, cumulated bad DCI 0
    DL Chan: SSB 0 SINR 43.3 dB RSRP -42 dBm, RI 0 CQI: N/A
    DL harq: 2270/0 avg code rate 0.8, avg bit/symbol 4.5, avg per TB: (nb RBs 5.8, nb symbols 11.8)
    UL harq: 15347/0 avg code rate 0.7, avg bit/symbol 3.9, avg per TB: (nb RBs 6.2, nb symbols 12.5)
[0m[NR_RRC] MeasurementReport Encoded 53 bits (7 bytes)
[0m[NR_RRC] MeasurementReport Encoded 53 bits (7 bytes)
[0m[NR_MAC] UE 0 RNTI 4fe0 stats sfn: 768.8, cumulated bad DCI 0
    DL Chan: SSB 0 SINR 44.1 dB RSRP -42 dBm, RI 0 CQI: N/A
    DL harq: 2273/0 avg code rate 0.8, avg bit/symbol 4.5, avg per TB: (nb RBs 5.8, nb symbols 11.8)
    UL harq: 15373/0 avg code rate 0.7, avg bit/symbol 3.9, avg per TB: (nb RBs 6.2, nb symbols 12.5)
[0m[NR_RRC] MeasurementReport Encoded 53 bits (7 bytes)
[0m[NR_MAC] UE 0 RNTI 4fe0 stats sfn: 896.8, cumulated bad DCI 0
    DL Chan: SSB 0 SINR 46.3 dB RSRP -42 dBm, RI 0 CQI: N/A
    DL harq: 2275/0 avg code rate 0.8, avg bit/symbol 4.5, avg per TB: (nb RBs 5.8, nb symbols 11.8)
    UL harq: 15396/0 avg code rate 0.7, avg bit/symbol 3.9, avg per TB: (nb RBs 6.2, nb symbols 12.5)
[0m[NR_RRC] MeasurementReport Encoded 53 bits (7 bytes)
[0m[NR_MAC] UE 0 RNTI 4fe0 stats sfn: 0.8, cumulated bad DCI 0
    DL Chan: SSB 0 SINR 44.1 dB RSRP -42 dBm, RI 0 CQI: N/A
    DL harq: 2278/0 avg code rate 0.8, avg bit/symbol 4.5, avg per TB: (nb RBs 5.8, nb symbols 11.8)
    UL harq: 15423/0 avg code rate 0.7, avg bit/symbol 3.9, avg per TB: (nb RBs 6.2, nb symbols 12.5)
[0m[NR_RRC] MeasurementReport Encoded 53 bits (7 bytes)
[0m[NR_MAC] UE 0 RNTI 4fe0 stats sfn: 128.8, cumulated bad DCI 0
    DL Chan: SSB 0 SINR 44.1 dB RSRP -42 dBm, RI 0 CQI: N/A
    DL harq: 2280/0 avg code rate 0.8, avg bit/symbol 4.5, avg per TB: (nb RBs 5.8, nb symbols 11.8)
    UL harq: 15452/0 avg code rate 0.7, avg bit/symbol 3.9, avg per TB: (nb RBs 6.2, nb symbols 12.5)
[0m[NR_RRC] MeasurementReport Encoded 53 bits (7 bytes)
[0m[NR_RRC] MeasurementReport Encoded 53 bits (7 bytes)
[0m[NR_MAC] UE 0 RNTI 4fe0 stats sfn: 256.8, cumulated bad DCI 0
    DL Chan: SSB 0 SINR 44.1 dB RSRP -42 dBm, RI 0 CQI: N/A
    DL harq: 2283/0 avg code rate 0.8, avg bit/symbol 4.5, avg per TB: (nb RBs 5.8, nb symbols 11.8)
    UL harq: 15478/0 avg code rate 0.7, avg bit/symbol 3.9, avg per TB: (nb RBs 6.2, nb symbols 12.5)
[0m[NR_RRC] MeasurementReport Encoded 53 bits (7 bytes)
[0m[NR_MAC] UE 0 RNTI 4fe0 stats sfn: 384.8, cumulated bad DCI 0
    DL Chan: SSB 0 SINR 44.1 dB RSRP -42 dBm, RI 0 CQI: N/A
    DL harq: 2285/0 avg code rate 0.8, avg bit/symbol 4.5, avg per TB: (nb RBs 5.8, nb symbols 11.8)
    UL harq: 15500/0 avg code rate 0.7, avg bit/symbol 3.9, avg per TB: (nb RBs 6.2, nb symbols 12.5)
[0m[NR_RRC] MeasurementReport Encoded 53 bits (7 bytes)
[0m[NR_MAC] UE 0 RNTI 4fe0 stats sfn: 512.8, cumulated bad DCI 0
    DL Chan: SSB 0 SINR 44.1 dB RSRP -42 dBm, RI 0 CQI: N/A
    DL harq: 2288/0 avg code rate 0.8, avg bit/symbol 4.5, avg per TB: (nb RBs 5.8, nb symbols 11.8)
    UL harq: 15522/0 avg code rate 0.7, avg bit/symbol 3.9, avg per TB: (nb RBs 6.2, nb symbols 12.5)
[0m[NR_RRC] MeasurementReport Encoded 53 bits (7 bytes)
[0m[NR_MAC] UE 0 RNTI 4fe0 stats sfn: 640.8, cumulated bad DCI 0
    DL Chan: SSB 0 SINR 42.6 dB RSRP -42 dBm, RI 0 CQI: N/A
    DL harq: 2290/0 avg code rate 0.8, avg bit/symbol 4.5, avg per TB: (nb RBs 5.8, nb symbols 11.8)
    UL harq: 15548/0 avg code rate 0.7, avg bit/symbol 3.9, avg per TB: (nb RBs 6.2, nb symbols 12.5)
[0m[NR_RRC] MeasurementReport Encoded 53 bits (7 bytes)
[0m[NR_RRC] MeasurementReport Encoded 53 bits (7 bytes)
[0m[NR_MAC] UE 0 RNTI 4fe0 stats sfn: 768.8, cumulated bad DCI 0
    DL Chan: SSB 0 SINR 42.6 dB RSRP -42 dBm, RI 0 CQI: N/A
    DL harq: 2293/0 avg code rate 0.8, avg bit/symbol 4.5, avg per TB: (nb RBs 5.8, nb symbols 11.8)
    UL harq: 15578/0 avg code rate 0.7, avg bit/symbol 3.9, avg per TB: (nb RBs 6.2, nb symbols 12.5)
[0m[NR_RRC] MeasurementReport Encoded 53 bits (7 bytes)
[0m[NR_MAC] UE 0 RNTI 4fe0 stats sfn: 896.8, cumulated bad DCI 0
    DL Chan: SSB 0 SINR 44.1 dB RSRP -42 dBm, RI 0 CQI: N/A
    DL harq: 2296/0 avg code rate 0.8, avg bit/symbol 4.5, avg per TB: (nb RBs 5.8, nb symbols 11.8)
    UL harq: 15607/0 avg code rate 0.7, avg bit/symbol 3.9, avg per TB: (nb RBs 6.2, nb symbols 12.5)
[0m[NR_RRC] MeasurementReport Encoded 53 bits (7 bytes)
[0m[NR_MAC] UE 0 RNTI 4fe0 stats sfn: 0.8, cumulated bad DCI 0
    DL Chan: SSB 0 SINR 43.3 dB RSRP -42 dBm, RI 0 CQI: N/A
    DL harq: 2298/0 avg code rate 0.8, avg bit/symbol 4.5, avg per TB: (nb RBs 5.8, nb symbols 11.8)
    UL harq: 15632/0 avg code rate 0.7, avg bit/symbol 3.9, avg per TB: (nb RBs 6.2, nb symbols 12.5)
[0m[NR_RRC] MeasurementReport Encoded 53 bits (7 bytes)
[0m[NR_MAC] UE 0 RNTI 4fe0 stats sfn: 128.8, cumulated bad DCI 0
    DL Chan: SSB 0 SINR 44.1 dB RSRP -42 dBm, RI 0 CQI: N/A
    DL harq: 2300/0 avg code rate 0.8, avg bit/symbol 4.5, avg per TB: (nb RBs 5.8, nb symbols 11.8)
    UL harq: 15654/0 avg code rate 0.7, avg bit/symbol 3.9, avg per TB: (nb RBs 6.2, nb symbols 12.5)
[0m[NR_RRC] MeasurementReport Encoded 53 bits (7 bytes)
[0m[NR_RRC] MeasurementReport Encoded 53 bits (7 bytes)
[0m[NR_MAC] UE 0 RNTI 4fe0 stats sfn: 256.8, cumulated bad DCI 0
    DL Chan: SSB 0 SINR 43.3 dB RSRP -42 dBm, RI 0 CQI: N/A
    DL harq: 2303/0 avg code rate 0.8, avg bit/symbol 4.5, avg per TB: (nb RBs 5.8, nb symbols 11.8)
    UL harq: 15679/0 avg code rate 0.7, avg bit/symbol 3.9, avg per TB: (nb RBs 6.2, nb symbols 12.5)
[0m[NR_RRC] MeasurementReport Encoded 53 bits (7 bytes)
[0m[NR_MAC] UE 0 RNTI 4fe0 stats sfn: 384.8, cumulated bad DCI 0
    DL Chan: SSB 0 SINR 43.3 dB RSRP -42 dBm, RI 0 CQI: N/A
    DL harq: 2306/0 avg code rate 0.8, avg bit/symbol 4.5, avg per TB: (nb RBs 5.8, nb symbols 11.8)
    UL harq: 15700/0 avg code rate 0.7, avg bit/symbol 3.9, avg per TB: (nb RBs 6.2, nb symbols 12.5)
[0m[NR_RRC] MeasurementReport Encoded 53 bits (7 bytes)
[0m[NR_MAC] UE 0 RNTI 4fe0 stats sfn: 512.8, cumulated bad DCI 0
    DL Chan: SSB 0 SINR 44.1 dB RSRP -42 dBm, RI 0 CQI: N/A
    DL harq: 2308/0 avg code rate 0.8, avg bit/symbol 4.5, avg per TB: (nb RBs 5.8, nb symbols 11.8)
    UL harq: 15727/0 avg code rate 0.7, avg bit/symbol 3.9, avg per TB: (nb RBs 6.2, nb symbols 12.5)
[0m[NR_RRC] MeasurementReport Encoded 53 bits (7 bytes)
[0m[NR_MAC] UE 0 RNTI 4fe0 stats sfn: 640.8, cumulated bad DCI 0
    DL Chan: SSB 0 SINR 44.1 dB RSRP -42 dBm, RI 0 CQI: N/A
    DL harq: 2310/0 avg code rate 0.8, avg bit/symbol 4.5, avg per TB: (nb RBs 5.8, nb symbols 11.8)
    UL harq: 15755/0 avg code rate 0.7, avg bit/symbol 3.9, avg per TB: (nb RBs 6.2, nb symbols 12.5)
[0m[NR_RRC] MeasurementReport Encoded 53 bits (7 bytes)
[0m[NR_RRC] MeasurementReport Encoded 53 bits (7 bytes)
[0m[NR_MAC] UE 0 RNTI 4fe0 stats sfn: 768.8, cumulated bad DCI 0
    DL Chan: SSB 0 SINR 42.6 dB RSRP -42 dBm, RI 0 CQI: N/A
    DL harq: 2313/0 avg code rate 0.8, avg bit/symbol 4.5, avg per TB: (nb RBs 5.8, nb symbols 11.8)
    UL harq: 15784/0 avg code rate 0.7, avg bit/symbol 3.9, avg per TB: (nb RBs 6.2, nb symbols 12.5)
[0m[NR_RRC] MeasurementReport Encoded 53 bits (7 bytes)
[0m[NR_MAC] UE 0 RNTI 4fe0 stats sfn: 896.8, cumulated bad DCI 0
    DL Chan: SSB 0 SINR 43.3 dB RSRP -42 dBm, RI 0 CQI: N/A
    DL harq: 2316/0 avg code rate 0.8, avg bit/symbol 4.5, avg per TB: (nb RBs 5.8, nb symbols 11.8)
    UL harq: 15809/0 avg code rate 0.7, avg bit/symbol 3.9, avg per TB: (nb RBs 6.2, nb symbols 12.5)
[0m[NR_RRC] MeasurementReport Encoded 53 bits (7 bytes)
[0m[NR_MAC] UE 0 RNTI 4fe0 stats sfn: 0.8, cumulated bad DCI 0
    DL Chan: SSB 0 SINR 43.3 dB RSRP -42 dBm, RI 0 CQI: N/A
    DL harq: 2318/0 avg code rate 0.8, avg bit/symbol 4.5, avg per TB: (nb RBs 5.8, nb symbols 11.8)
    UL harq: 15832/0 avg code rate 0.7, avg bit/symbol 3.9, avg per TB: (nb RBs 6.2, nb symbols 12.5)
[0m[NR_RRC] MeasurementReport Encoded 53 bits (7 bytes)
[0m[NR_MAC] UE 0 RNTI 4fe0 stats sfn: 128.8, cumulated bad DCI 0
    DL Chan: SSB 0 SINR 44.1 dB RSRP -42 dBm, RI 0 CQI: N/A
    DL harq: 2320/0 avg code rate 0.8, avg bit/symbol 4.5, avg per TB: (nb RBs 5.8, nb symbols 11.8)
    UL harq: 15853/0 avg code rate 0.7, avg bit/symbol 3.9, avg per TB: (nb RBs 6.2, nb symbols 12.5)
[0m[NR_RRC] MeasurementReport Encoded 53 bits (7 bytes)
[0m[NR_MAC] UE 0 RNTI 4fe0 stats sfn: 256.8, cumulated bad DCI 0
    DL Chan: SSB 0 SINR 43.3 dB RSRP -42 dBm, RI 0 CQI: N/A
    DL harq: 2323/0 avg code rate 0.8, avg bit/symbol 4.5, avg per TB: (nb RBs 5.8, nb symbols 11.8)
    UL harq: 15880/0 avg code rate 0.7, avg bit/symbol 3.9, avg per TB: (nb RBs 6.2, nb symbols 12.5)
[0m[NR_RRC] MeasurementReport Encoded 53 bits (7 bytes)
[0m[NR_RRC] MeasurementReport Encoded 53 bits (7 bytes)
[0m[NR_MAC] UE 0 RNTI 4fe0 stats sfn: 384.8, cumulated bad DCI 0
    DL Chan: SSB 0 SINR 43.3 dB RSRP -42 dBm, RI 0 CQI: N/A
    DL harq: 2326/0 avg code rate 0.8, avg bit/symbol 4.5, avg per TB: (nb RBs 5.8, nb symbols 11.8)
    UL harq: 15913/0 avg code rate 0.7, avg bit/symbol 3.9, avg per TB: (nb RBs 6.2, nb symbols 12.5)
[0m[NR_RRC] MeasurementReport Encoded 53 bits (7 bytes)
[0m[NR_MAC] UE 0 RNTI 4fe0 stats sfn: 512.8, cumulated bad DCI 0
    DL Chan: SSB 0 SINR 44.1 dB RSRP -42 dBm, RI 0 CQI: N/A
    DL harq: 2328/0 avg code rate 0.8, avg bit/symbol 4.5, avg per TB: (nb RBs 5.8, nb symbols 11.8)
    UL harq: 15940/0 avg code rate 0.7, avg bit/symbol 3.9, avg per TB: (nb RBs 6.2, nb symbols 12.5)
[0m[NR_RRC] MeasurementReport Encoded 53 bits (7 bytes)
[0m[NR_MAC] UE 0 RNTI 4fe0 stats sfn: 640.8, cumulated bad DCI 0
    DL Chan: SSB 0 SINR 44.1 dB RSRP -42 dBm, RI 0 CQI: N/A
    DL harq: 2330/0 avg code rate 0.8, avg bit/symbol 4.5, avg per TB: (nb RBs 5.8, nb symbols 11.8)
    UL harq: 15962/0 avg code rate 0.7, avg bit/symbol 3.9, avg per TB: (nb RBs 6.2, nb symbols 12.5)
[0m[NR_RRC] MeasurementReport Encoded 53 bits (7 bytes)
[0m[NR_MAC] UE 0 RNTI 4fe0 stats sfn: 768.8, cumulated bad DCI 0
    DL Chan: SSB 0 SINR 42.6 dB RSRP -42 dBm, RI 0 CQI: N/A
    DL harq: 2333/0 avg code rate 0.8, avg bit/symbol 4.5, avg per TB: (nb RBs 5.8, nb symbols 11.8)
    UL harq: 15985/0 avg code rate 0.7, avg bit/symbol 3.9, avg per TB: (nb RBs 6.2, nb symbols 12.5)
[0m[NR_RRC] MeasurementReport Encoded 53 bits (7 bytes)
[0m[NR_RRC] MeasurementReport Encoded 53 bits (7 bytes)
[0m[NR_MAC] UE 0 RNTI 4fe0 stats sfn: 896.8, cumulated bad DCI 0
    DL Chan: SSB 0 SINR 44.1 dB RSRP -42 dBm, RI 0 CQI: N/A
    DL harq: 2336/0 avg code rate 0.8, avg bit/symbol 4.5, avg per TB: (nb RBs 5.8, nb symbols 11.8)
    UL harq: 16009/0 avg code rate 0.7, avg bit/symbol 3.9, avg per TB: (nb RBs 6.2, nb symbols 12.5)
[0m[NR_RRC] MeasurementReport Encoded 53 bits (7 bytes)
[0m[NR_MAC] UE 0 RNTI 4fe0 stats sfn: 0.8, cumulated bad DCI 0
    DL Chan: SSB 0 SINR 44.1 dB RSRP -42 dBm, RI 0 CQI: N/A
    DL harq: 2338/0 avg code rate 0.8, avg bit/symbol 4.5, avg per TB: (nb RBs 5.8, nb symbols 11.8)
    UL harq: 16030/0 avg code rate 0.7, avg bit/symbol 3.9, avg per TB: (nb RBs 6.1, nb symbols 12.5)
[0m[NR_RRC] MeasurementReport Encoded 53 bits (7 bytes)
[0m[NR_MAC] UE 0 RNTI 4fe0 stats sfn: 128.8, cumulated bad DCI 0
    DL Chan: SSB 0 SINR 43.3 dB RSRP -42 dBm, RI 0 CQI: N/A
    DL harq: 2341/0 avg code rate 0.8, avg bit/symbol 4.5, avg per TB: (nb RBs 5.8, nb symbols 11.8)
    UL harq: 16057/0 avg code rate 0.7, avg bit/symbol 3.9, avg per TB: (nb RBs 6.1, nb symbols 12.5)
[0m[NR_RRC] MeasurementReport Encoded 53 bits (7 bytes)
[0m[NR_MAC] UE 0 RNTI 4fe0 stats sfn: 256.8, cumulated bad DCI 0
    DL Chan: SSB 0 SINR 43.3 dB RSRP -42 dBm, RI 0 CQI: N/A
    DL harq: 2343/0 avg code rate 0.8, avg bit/symbol 4.5, avg per TB: (nb RBs 5.8, nb symbols 11.8)
    UL harq: 16087/0 avg code rate 0.7, avg bit/symbol 3.9, avg per TB: (nb RBs 6.1, nb symbols 12.5)
[0m[NR_RRC] MeasurementReport Encoded 53 bits (7 bytes)
[0m[NR_RRC] MeasurementReport Encoded 53 bits (7 bytes)
[0m[NR_MAC] UE 0 RNTI 4fe0 stats sfn: 384.8, cumulated bad DCI 0
    DL Chan: SSB 0 SINR 43.3 dB RSRP -42 dBm, RI 0 CQI: N/A
    DL harq: 2346/0 avg code rate 0.8, avg bit/symbol 4.5, avg per TB: (nb RBs 5.8, nb symbols 11.8)
    UL harq: 16115/0 avg code rate 0.7, avg bit/symbol 3.9, avg per TB: (nb RBs 6.1, nb symbols 12.5)
[0m[NR_RRC] MeasurementReport Encoded 53 bits (7 bytes)
[0m[NR_MAC] UE 0 RNTI 4fe0 stats sfn: 512.8, cumulated bad DCI 0
    DL Chan: SSB 0 SINR 42.6 dB RSRP -42 dBm, RI 0 CQI: N/A
    DL harq: 2348/0 avg code rate 0.8, avg bit/symbol 4.5, avg per TB: (nb RBs 5.8, nb symbols 11.8)
    UL harq: 16137/0 avg code rate 0.7, avg bit/symbol 3.9, avg per TB: (nb RBs 6.1, nb symbols 12.5)
[0m[NR_RRC] MeasurementReport Encoded 53 bits (7 bytes)
[0m[NR_MAC] UE 0 RNTI 4fe0 stats sfn: 640.8, cumulated bad DCI 0
    DL Chan: SSB 0 SINR 45.1 dB RSRP -42 dBm, RI 0 CQI: N/A
    DL harq: 2351/0 avg code rate 0.8, avg bit/symbol 4.5, avg per TB: (nb RBs 5.7, nb symbols 11.8)
    UL harq: 16158/0 avg code rate 0.7, avg bit/symbol 3.9, avg per TB: (nb RBs 6.1, nb symbols 12.5)
[0m[NR_RRC] MeasurementReport Encoded 53 bits (7 bytes)
[0m[NR_MAC] UE 0 RNTI 4fe0 stats sfn: 768.8, cumulated bad DCI 0
    DL Chan: SSB 0 SINR 43.3 dB RSRP -42 dBm, RI 0 CQI: N/A
    DL harq: 2353/0 avg code rate 0.8, avg bit/symbol 4.5, avg per TB: (nb RBs 5.7, nb symbols 11.8)
    UL harq: 16180/0 avg code rate 0.7, avg bit/symbol 3.9, avg per TB: (nb RBs 6.1, nb symbols 12.5)
[0m[NR_RRC] MeasurementReport Encoded 53 bits (7 bytes)
[0m[NR_RRC] MeasurementReport Encoded 53 bits (7 bytes)
[0m[NR_MAC] UE 0 RNTI 4fe0 stats sfn: 896.8, cumulated bad DCI 0
    DL Chan: SSB 0 SINR 43.3 dB RSRP -42 dBm, RI 0 CQI: N/A
    DL harq: 2356/0 avg code rate 0.8, avg bit/symbol 4.5, avg per TB: (nb RBs 5.7, nb symbols 11.8)
    UL harq: 16206/0 avg code rate 0.7, avg bit/symbol 3.9, avg per TB: (nb RBs 6.1, nb symbols 12.5)
[0m[NR_RRC] MeasurementReport Encoded 53 bits (7 bytes)
[0m[NR_MAC] UE 0 RNTI 4fe0 stats sfn: 0.8, cumulated bad DCI 0
    DL Chan: SSB 0 SINR 42.6 dB RSRP -42 dBm, RI 0 CQI: N/A
    DL harq: 2359/0 avg code rate 0.8, avg bit/symbol 4.5, avg per TB: (nb RBs 5.7, nb symbols 11.8)
    UL harq: 16234/0 avg code rate 0.7, avg bit/symbol 3.9, avg per TB: (nb RBs 6.1, nb symbols 12.5)
[0m[NR_RRC] MeasurementReport Encoded 53 bits (7 bytes)
[0m[NR_MAC] UE 0 RNTI 4fe0 stats sfn: 128.8, cumulated bad DCI 0
    DL Chan: SSB 0 SINR 42.6 dB RSRP -42 dBm, RI 0 CQI: N/A
    DL harq: 2361/0 avg code rate 0.8, avg bit/symbol 4.5, avg per TB: (nb RBs 5.7, nb symbols 11.8)
    UL harq: 16264/0 avg code rate 0.7, avg bit/symbol 3.9, avg per TB: (nb RBs 6.1, nb symbols 12.5)
[0m[NR_RRC] MeasurementReport Encoded 53 bits (7 bytes)
[0m[NR_MAC] UE 0 RNTI 4fe0 stats sfn: 256.8, cumulated bad DCI 0
    DL Chan: SSB 0 SINR 44.1 dB RSRP -42 dBm, RI 0 CQI: N/A
    DL harq: 2363/0 avg code rate 0.8, avg bit/symbol 4.5, avg per TB: (nb RBs 5.7, nb symbols 11.8)
    UL harq: 16288/0 avg code rate 0.7, avg bit/symbol 3.9, avg per TB: (nb RBs 6.1, nb symbols 12.5)
[0m[NR_RRC] MeasurementReport Encoded 53 bits (7 bytes)
[0m[NR_RRC] MeasurementReport Encoded 53 bits (7 bytes)
[0m[NR_MAC] UE 0 RNTI 4fe0 stats sfn: 384.8, cumulated bad DCI 0
    DL Chan: SSB 0 SINR 44.1 dB RSRP -42 dBm, RI 0 CQI: N/A
    DL harq: 2366/0 avg code rate 0.8, avg bit/symbol 4.5, avg per TB: (nb RBs 5.7, nb symbols 11.8)
    UL harq: 16313/0 avg code rate 0.7, avg bit/symbol 3.9, avg per TB: (nb RBs 6.1, nb symbols 12.5)
[0m[NR_RRC] MeasurementReport Encoded 53 bits (7 bytes)
[0m[NR_MAC] UE 0 RNTI 4fe0 stats sfn: 512.8, cumulated bad DCI 0
    DL Chan: SSB 0 SINR 42.6 dB RSRP -42 dBm, RI 0 CQI: N/A
    DL harq: 2369/0 avg code rate 0.8, avg bit/symbol 4.5, avg per TB: (nb RBs 5.7, nb symbols 11.8)
    UL harq: 16335/0 avg code rate 0.7, avg bit/symbol 3.9, avg per TB: (nb RBs 6.1, nb symbols 12.5)
[0m[NR_RRC] MeasurementReport Encoded 53 bits (7 bytes)
[0m[NR_MAC] UE 0 RNTI 4fe0 stats sfn: 640.8, cumulated bad DCI 0
    DL Chan: SSB 0 SINR 42.6 dB RSRP -42 dBm, RI 0 CQI: N/A
    DL harq: 2371/0 avg code rate 0.8, avg bit/symbol 4.5, avg per TB: (nb RBs 5.7, nb symbols 11.8)
    UL harq: 16360/0 avg code rate 0.7, avg bit/symbol 3.9, avg per TB: (nb RBs 6.1, nb symbols 12.5)
[0m[NR_RRC] MeasurementReport Encoded 53 bits (7 bytes)
[0m[NR_MAC] UE 0 RNTI 4fe0 stats sfn: 768.8, cumulated bad DCI 0
    DL Chan: SSB 0 SINR 43.3 dB RSRP -42 dBm, RI 0 CQI: N/A
    DL harq: 2373/0 avg code rate 0.8, avg bit/symbol 4.5, avg per TB: (nb RBs 5.7, nb symbols 11.8)
    UL harq: 16385/0 avg code rate 0.7, avg bit/symbol 3.9, avg per TB: (nb RBs 6.1, nb symbols 12.5)
[0m[NR_RRC] MeasurementReport Encoded 53 bits (7 bytes)
[0m[NR_RRC] MeasurementReport Encoded 53 bits (7 bytes)
[0m[NR_MAC] UE 0 RNTI 4fe0 stats sfn: 896.8, cumulated bad DCI 0
    DL Chan: SSB 0 SINR 44.1 dB RSRP -42 dBm, RI 0 CQI: N/A
    DL harq: 2376/0 avg code rate 0.8, avg bit/symbol 4.5, avg per TB: (nb RBs 5.7, nb symbols 11.8)
    UL harq: 16418/0 avg code rate 0.7, avg bit/symbol 3.9, avg per TB: (nb RBs 6.1, nb symbols 12.5)
[0m[NR_RRC] MeasurementReport Encoded 53 bits (7 bytes)
[0m[NR_MAC] UE 0 RNTI 4fe0 stats sfn: 0.8, cumulated bad DCI 0
    DL Chan: SSB 0 SINR 44.1 dB RSRP -42 dBm, RI 0 CQI: N/A
    DL harq: 2379/0 avg code rate 0.8, avg bit/symbol 4.5, avg per TB: (nb RBs 5.7, nb symbols 11.8)
    UL harq: 16444/0 avg code rate 0.7, avg bit/symbol 3.9, avg per TB: (nb RBs 6.1, nb symbols 12.5)
[0m[NR_RRC] MeasurementReport Encoded 53 bits (7 bytes)
[0m[NR_MAC] UE 0 RNTI 4fe0 stats sfn: 128.8, cumulated bad DCI 0
    DL Chan: SSB 0 SINR 44.1 dB RSRP -42 dBm, RI 0 CQI: N/A
    DL harq: 2381/0 avg code rate 0.8, avg bit/symbol 4.5, avg per TB: (nb RBs 5.7, nb symbols 11.8)
    UL harq: 16468/0 avg code rate 0.7, avg bit/symbol 3.9, avg per TB: (nb RBs 6.1, nb symbols 12.5)
[0m[NR_RRC] MeasurementReport Encoded 53 bits (7 bytes)
[0m[NR_MAC] UE 0 RNTI 4fe0 stats sfn: 256.8, cumulated bad DCI 0
    DL Chan: SSB 0 SINR 46.3 dB RSRP -42 dBm, RI 0 CQI: N/A
    DL harq: 2383/0 avg code rate 0.8, avg bit/symbol 4.5, avg per TB: (nb RBs 5.7, nb symbols 11.8)
    UL harq: 16491/0 avg code rate 0.7, avg bit/symbol 3.9, avg per TB: (nb RBs 6.1, nb symbols 12.5)
[0m[NR_RRC] MeasurementReport Encoded 53 bits (7 bytes)
[0m[NR_RRC] MeasurementReport Encoded 53 bits (7 bytes)
[0m[NR_MAC] UE 0 RNTI 4fe0 stats sfn: 384.8, cumulated bad DCI 0
    DL Chan: SSB 0 SINR 45.1 dB RSRP -42 dBm, RI 0 CQI: N/A
    DL harq: 2387/0 avg code rate 0.8, avg bit/symbol 4.5, avg per TB: (nb RBs 5.7, nb symbols 11.8)
    UL harq: 16516/0 avg code rate 0.7, avg bit/symbol 3.9, avg per TB: (nb RBs 6.1, nb symbols 12.5)
[0m[NR_RRC] MeasurementReport Encoded 53 bits (7 bytes)
[0m[NR_MAC] UE 0 RNTI 4fe0 stats sfn: 512.8, cumulated bad DCI 0
    DL Chan: SSB 0 SINR 45.1 dB RSRP -42 dBm, RI 0 CQI: N/A
    DL harq: 2389/0 avg code rate 0.8, avg bit/symbol 4.5, avg per TB: (nb RBs 5.7, nb symbols 11.8)
    UL harq: 16542/0 avg code rate 0.7, avg bit/symbol 3.8, avg per TB: (nb RBs 6.1, nb symbols 12.5)
[0m[NR_RRC] MeasurementReport Encoded 53 bits (7 bytes)
[0m[NR_MAC] UE 0 RNTI 4fe0 stats sfn: 640.8, cumulated bad DCI 0
    DL Chan: SSB 0 SINR 43.3 dB RSRP -42 dBm, RI 0 CQI: N/A
    DL harq: 2391/0 avg code rate 0.8, avg bit/symbol 4.5, avg per TB: (nb RBs 5.7, nb symbols 11.8)
    UL harq: 16569/0 avg code rate 0.7, avg bit/symbol 3.8, avg per TB: (nb RBs 6.1, nb symbols 12.5)
[0m[NR_RRC] MeasurementReport Encoded 53 bits (7 bytes)
[0m[NR_MAC] UE 0 RNTI 4fe0 stats sfn: 768.8, cumulated bad DCI 0
    DL Chan: SSB 0 SINR 43.3 dB RSRP -42 dBm, RI 0 CQI: N/A
    DL harq: 2393/0 avg code rate 0.8, avg bit/symbol 4.5, avg per TB: (nb RBs 5.7, nb symbols 11.8)
    UL harq: 16596/0 avg code rate 0.7, avg bit/symbol 3.8, avg per TB: (nb RBs 6.1, nb symbols 12.5)
[0m[NR_RRC] MeasurementReport Encoded 53 bits (7 bytes)
[0m[NR_RRC] MeasurementReport Encoded 53 bits (7 bytes)
[0m[NR_MAC] UE 0 RNTI 4fe0 stats sfn: 896.8, cumulated bad DCI 0
    DL Chan: SSB 0 SINR 44.1 dB RSRP -42 dBm, RI 0 CQI: N/A
    DL harq: 2397/0 avg code rate 0.8, avg bit/symbol 4.5, avg per TB: (nb RBs 5.7, nb symbols 11.8)
    UL harq: 16623/0 avg code rate 0.7, avg bit/symbol 3.8, avg per TB: (nb RBs 6.1, nb symbols 12.5)
[0m[NR_RRC] MeasurementReport Encoded 53 bits (7 bytes)
[0m[NR_MAC] UE 0 RNTI 4fe0 stats sfn: 0.8, cumulated bad DCI 0
    DL Chan: SSB 0 SINR 44.1 dB RSRP -42 dBm, RI 0 CQI: N/A
    DL harq: 2399/0 avg code rate 0.8, avg bit/symbol 4.5, avg per TB: (nb RBs 5.7, nb symbols 11.8)
    UL harq: 16644/0 avg code rate 0.7, avg bit/symbol 3.8, avg per TB: (nb RBs 6.1, nb symbols 12.5)
[0m[NR_RRC] MeasurementReport Encoded 53 bits (7 bytes)
[0m[NR_MAC] UE 0 RNTI 4fe0 stats sfn: 128.8, cumulated bad DCI 0
    DL Chan: SSB 0 SINR 44.1 dB RSRP -42 dBm, RI 0 CQI: N/A
    DL harq: 2401/0 avg code rate 0.8, avg bit/symbol 4.5, avg per TB: (nb RBs 5.7, nb symbols 11.8)
    UL harq: 16664/0 avg code rate 0.7, avg bit/symbol 3.8, avg per TB: (nb RBs 6.1, nb symbols 12.5)
[0m[NR_RRC] MeasurementReport Encoded 53 bits (7 bytes)
[0m[NR_MAC] UE 0 RNTI 4fe0 stats sfn: 256.8, cumulated bad DCI 0
    DL Chan: SSB 0 SINR 46.3 dB RSRP -42 dBm, RI 0 CQI: N/A
    DL harq: 2404/0 avg code rate 0.8, avg bit/symbol 4.5, avg per TB: (nb RBs 5.7, nb symbols 11.8)
    UL harq: 16688/0 avg code rate 0.7, avg bit/symbol 3.8, avg per TB: (nb RBs 6.1, nb symbols 12.5)
[0m[NR_RRC] MeasurementReport Encoded 53 bits (7 bytes)
[0m[NR_RRC] MeasurementReport Encoded 53 bits (7 bytes)
[0m[NR_MAC] UE 0 RNTI 4fe0 stats sfn: 384.8, cumulated bad DCI 0
    DL Chan: SSB 0 SINR 43.3 dB RSRP -42 dBm, RI 0 CQI: N/A
    DL harq: 2406/0 avg code rate 0.8, avg bit/symbol 4.5, avg per TB: (nb RBs 5.7, nb symbols 11.9)
    UL harq: 16715/0 avg code rate 0.7, avg bit/symbol 3.8, avg per TB: (nb RBs 6.1, nb symbols 12.5)
[0m[NR_RRC] MeasurementReport Encoded 53 bits (7 bytes)
[0m[NR_MAC] UE 0 RNTI 4fe0 stats sfn: 512.8, cumulated bad DCI 0
    DL Chan: SSB 0 SINR 44.1 dB RSRP -42 dBm, RI 0 CQI: N/A
    DL harq: 2409/0 avg code rate 0.8, avg bit/symbol 4.5, avg per TB: (nb RBs 5.7, nb symbols 11.9)
    UL harq: 16745/0 avg code rate 0.7, avg bit/symbol 3.8, avg per TB: (nb RBs 6.1, nb symbols 12.5)
[0m[NR_RRC] MeasurementReport Encoded 53 bits (7 bytes)
[0m[NR_MAC] UE 0 RNTI 4fe0 stats sfn: 640.8, cumulated bad DCI 0
    DL Chan: SSB 0 SINR 44.1 dB RSRP -42 dBm, RI 0 CQI: N/A
    DL harq: 2411/0 avg code rate 0.8, avg bit/symbol 4.5, avg per TB: (nb RBs 5.7, nb symbols 11.9)
    UL harq: 16769/0 avg code rate 0.7, avg bit/symbol 3.8, avg per TB: (nb RBs 6.1, nb symbols 12.5)
[0m[NR_RRC] MeasurementReport Encoded 53 bits (7 bytes)
[0m[NR_MAC] UE 0 RNTI 4fe0 stats sfn: 768.8, cumulated bad DCI 0
    DL Chan: SSB 0 SINR 44.1 dB RSRP -42 dBm, RI 0 CQI: N/A
    DL harq: 2414/0 avg code rate 0.8, avg bit/symbol 4.5, avg per TB: (nb RBs 5.7, nb symbols 11.9)
    UL harq: 16791/0 avg code rate 0.7, avg bit/symbol 3.8, avg per TB: (nb RBs 6.1, nb symbols 12.5)
[0m[NR_RRC] MeasurementReport Encoded 53 bits (7 bytes)
[0m[NR_MAC] UE 0 RNTI 4fe0 stats sfn: 896.8, cumulated bad DCI 0
    DL Chan: SSB 0 SINR 42.6 dB RSRP -42 dBm, RI 0 CQI: N/A
    DL harq: 2416/0 avg code rate 0.8, avg bit/symbol 4.5, avg per TB: (nb RBs 5.7, nb symbols 11.9)
    UL harq: 16813/0 avg code rate 0.7, avg bit/symbol 3.8, avg per TB: (nb RBs 6.1, nb symbols 12.5)
[0m[NR_RRC] MeasurementReport Encoded 53 bits (7 bytes)
[0m[NR_RRC] MeasurementReport Encoded 53 bits (7 bytes)
[0m[NR_MAC] UE 0 RNTI 4fe0 stats sfn: 0.8, cumulated bad DCI 0
    DL Chan: SSB 0 SINR 44.1 dB RSRP -42 dBm, RI 0 CQI: N/A
    DL harq: 2419/0 avg code rate 0.8, avg bit/symbol 4.5, avg per TB: (nb RBs 5.7, nb symbols 11.9)
    UL harq: 16839/0 avg code rate 0.7, avg bit/symbol 3.8, avg per TB: (nb RBs 6.1, nb symbols 12.5)
[0m[NR_RRC] MeasurementReport Encoded 53 bits (7 bytes)
[0m[NR_MAC] UE 0 RNTI 4fe0 stats sfn: 128.8, cumulated bad DCI 0
    DL Chan: SSB 0 SINR 45.1 dB RSRP -42 dBm, RI 0 CQI: N/A
    DL harq: 2422/0 avg code rate 0.8, avg bit/symbol 4.5, avg per TB: (nb RBs 5.7, nb symbols 11.9)
    UL harq: 16862/0 avg code rate 0.7, avg bit/symbol 3.8, avg per TB: (nb RBs 6.1, nb symbols 12.5)
[0m[NR_RRC] MeasurementReport Encoded 53 bits (7 bytes)
[0m[NR_MAC] UE 0 RNTI 4fe0 stats sfn: 256.8, cumulated bad DCI 0
    DL Chan: SSB 0 SINR 44.1 dB RSRP -42 dBm, RI 0 CQI: N/A
    DL harq: 2424/0 avg code rate 0.8, avg bit/symbol 4.5, avg per TB: (nb RBs 5.7, nb symbols 11.9)
    UL harq: 16891/0 avg code rate 0.7, avg bit/symbol 3.8, avg per TB: (nb RBs 6.1, nb symbols 12.5)
[0m[NR_RRC] MeasurementReport Encoded 53 bits (7 bytes)
[0m[NR_MAC] UE 0 RNTI 4fe0 stats sfn: 384.8, cumulated bad DCI 0
    DL Chan: SSB 0 SINR 44.1 dB RSRP -42 dBm, RI 0 CQI: N/A
    DL harq: 2426/0 avg code rate 0.8, avg bit/symbol 4.5, avg per TB: (nb RBs 5.7, nb symbols 11.9)
    UL harq: 16921/0 avg code rate 0.7, avg bit/symbol 3.8, avg per TB: (nb RBs 6.1, nb symbols 12.5)
[0m[NR_RRC] MeasurementReport Encoded 53 bits (7 bytes)
[0m[NR_RRC] MeasurementReport Encoded 53 bits (7 bytes)
[0m[NR_MAC] UE 0 RNTI 4fe0 stats sfn: 512.8, cumulated bad DCI 0
    DL Chan: SSB 0 SINR 44.1 dB RSRP -42 dBm, RI 0 CQI: N/A
    DL harq: 2429/0 avg code rate 0.8, avg bit/symbol 4.5, avg per TB: (nb RBs 5.7, nb symbols 11.9)
    UL harq: 16946/0 avg code rate 0.7, avg bit/symbol 3.8, avg per TB: (nb RBs 6.1, nb symbols 12.5)
[0m[NR_RRC] MeasurementReport Encoded 53 bits (7 bytes)
[0m[NR_MAC] UE 0 RNTI 4fe0 stats sfn: 640.8, cumulated bad DCI 0
    DL Chan: SSB 0 SINR 44.1 dB RSRP -42 dBm, RI 0 CQI: N/A
    DL harq: 2432/0 avg code rate 0.8, avg bit/symbol 4.5, avg per TB: (nb RBs 5.7, nb symbols 11.9)
    UL harq: 16967/0 avg code rate 0.7, avg bit/symbol 3.8, avg per TB: (nb RBs 6.1, nb symbols 12.5)
[0m[NR_RRC] MeasurementReport Encoded 53 bits (7 bytes)
[0m[NR_MAC] UE 0 RNTI 4fe0 stats sfn: 768.8, cumulated bad DCI 0
    DL Chan: SSB 0 SINR 44.1 dB RSRP -42 dBm, RI 0 CQI: N/A
    DL harq: 2434/0 avg code rate 0.8, avg bit/symbol 4.5, avg per TB: (nb RBs 5.7, nb symbols 11.9)
    UL harq: 16989/0 avg code rate 0.7, avg bit/symbol 3.8, avg per TB: (nb RBs 6.1, nb symbols 12.5)
[0m[NR_RRC] MeasurementReport Encoded 53 bits (7 bytes)
[0m[NR_MAC] UE 0 RNTI 4fe0 stats sfn: 896.8, cumulated bad DCI 0
    DL Chan: SSB 0 SINR 45.1 dB RSRP -42 dBm, RI 0 CQI: N/A
    DL harq: 2436/0 avg code rate 0.8, avg bit/symbol 4.5, avg per TB: (nb RBs 5.7, nb symbols 11.9)
    UL harq: 17012/0 avg code rate 0.7, avg bit/symbol 3.8, avg per TB: (nb RBs 6.1, nb symbols 12.5)
[0m[NR_RRC] MeasurementReport Encoded 53 bits (7 bytes)
[0m[NR_RRC] MeasurementReport Encoded 53 bits (7 bytes)
[0m[NR_MAC] UE 0 RNTI 4fe0 stats sfn: 0.8, cumulated bad DCI 0
    DL Chan: SSB 0 SINR 43.3 dB RSRP -42 dBm, RI 0 CQI: N/A
    DL harq: 2439/0 avg code rate 0.8, avg bit/symbol 4.5, avg per TB: (nb RBs 5.7, nb symbols 11.9)
    UL harq: 17041/0 avg code rate 0.7, avg bit/symbol 3.8, avg per TB: (nb RBs 6.1, nb symbols 12.5)
[0m[NR_RRC] MeasurementReport Encoded 53 bits (7 bytes)
[0m[NR_MAC] UE 0 RNTI 4fe0 stats sfn: 128.8, cumulated bad DCI 0
    DL Chan: SSB 0 SINR 44.1 dB RSRP -42 dBm, RI 0 CQI: N/A
    DL harq: 2442/0 avg code rate 0.8, avg bit/symbol 4.5, avg per TB: (nb RBs 5.7, nb symbols 11.9)
    UL harq: 17069/0 avg code rate 0.7, avg bit/symbol 3.8, avg per TB: (nb RBs 6.1, nb symbols 12.5)
[0m[NR_RRC] MeasurementReport Encoded 53 bits (7 bytes)
[0m[NR_MAC] UE 0 RNTI 4fe0 stats sfn: 256.8, cumulated bad DCI 0
    DL Chan: SSB 0 SINR 44.1 dB RSRP -42 dBm, RI 0 CQI: N/A
    DL harq: 2444/0 avg code rate 0.8, avg bit/symbol 4.5, avg per TB: (nb RBs 5.7, nb symbols 11.9)
    UL harq: 17094/0 avg code rate 0.7, avg bit/symbol 3.8, avg per TB: (nb RBs 6.1, nb symbols 12.5)
[0m[NR_RRC] MeasurementReport Encoded 53 bits (7 bytes)
[0m[NR_MAC] UE 0 RNTI 4fe0 stats sfn: 384.8, cumulated bad DCI 0
    DL Chan: SSB 0 SINR 42.6 dB RSRP -42 dBm, RI 0 CQI: N/A
    DL harq: 2446/0 avg code rate 0.8, avg bit/symbol 4.5, avg per TB: (nb RBs 5.7, nb symbols 11.9)
    UL harq: 17116/0 avg code rate 0.7, avg bit/symbol 3.8, avg per TB: (nb RBs 6.1, nb symbols 12.5)
[0m[NR_RRC] MeasurementReport Encoded 53 bits (7 bytes)
[0m[NR_RRC] MeasurementReport Encoded 53 bits (7 bytes)
[0m[NR_MAC] UE 0 RNTI 4fe0 stats sfn: 512.8, cumulated bad DCI 0
    DL Chan: SSB 0 SINR 45.1 dB RSRP -42 dBm, RI 0 CQI: N/A
    DL harq: 2450/0 avg code rate 0.8, avg bit/symbol 4.4, avg per TB: (nb RBs 5.7, nb symbols 11.9)
    UL harq: 17141/0 avg code rate 0.7, avg bit/symbol 3.8, avg per TB: (nb RBs 6.1, nb symbols 12.5)
[0m[NR_RRC] MeasurementReport Encoded 53 bits (7 bytes)
[0m[NR_MAC] UE 0 RNTI 4fe0 stats sfn: 640.8, cumulated bad DCI 0
    DL Chan: SSB 0 SINR 43.3 dB RSRP -42 dBm, RI 0 CQI: N/A
    DL harq: 2452/0 avg code rate 0.8, avg bit/symbol 4.4, avg per TB: (nb RBs 5.7, nb symbols 11.9)
    UL harq: 17165/0 avg code rate 0.7, avg bit/symbol 3.8, avg per TB: (nb RBs 6.1, nb symbols 12.5)
[0m[NR_RRC] MeasurementReport Encoded 53 bits (7 bytes)
[0m[NR_MAC] UE 0 RNTI 4fe0 stats sfn: 768.8, cumulated bad DCI 0
    DL Chan: SSB 0 SINR 44.1 dB RSRP -42 dBm, RI 0 CQI: N/A
    DL harq: 2454/0 avg code rate 0.8, avg bit/symbol 4.4, avg per TB: (nb RBs 5.7, nb symbols 11.9)
    UL harq: 17191/0 avg code rate 0.7, avg bit/symbol 3.8, avg per TB: (nb RBs 6.1, nb symbols 12.5)
[0m[NR_RRC] MeasurementReport Encoded 53 bits (7 bytes)
[0m[NR_MAC] UE 0 RNTI 4fe0 stats sfn: 896.8, cumulated bad DCI 0
    DL Chan: SSB 0 SINR 45.1 dB RSRP -42 dBm, RI 0 CQI: N/A
    DL harq: 2456/0 avg code rate 0.8, avg bit/symbol 4.4, avg per TB: (nb RBs 5.7, nb symbols 11.9)
    UL harq: 17220/0 avg code rate 0.7, avg bit/symbol 3.8, avg per TB: (nb RBs 6.1, nb symbols 12.5)
[0m[NR_RRC] MeasurementReport Encoded 53 bits (7 bytes)
[0m[NR_RRC] MeasurementReport Encoded 53 bits (7 bytes)
[0m[NR_MAC] UE 0 RNTI 4fe0 stats sfn: 0.8, cumulated bad DCI 0
    DL Chan: SSB 0 SINR 44.1 dB RSRP -42 dBm, RI 0 CQI: N/A
    DL harq: 2460/0 avg code rate 0.8, avg bit/symbol 4.4, avg per TB: (nb RBs 5.7, nb symbols 11.9)
    UL harq: 17251/0 avg code rate 0.7, avg bit/symbol 3.8, avg per TB: (nb RBs 6.1, nb symbols 12.5)
[0m[NR_RRC] MeasurementReport Encoded 53 bits (7 bytes)
[0m[NR_MAC] UE 0 RNTI 4fe0 stats sfn: 128.8, cumulated bad DCI 0
    DL Chan: SSB 0 SINR 43.3 dB RSRP -42 dBm, RI 0 CQI: N/A
    DL harq: 2462/0 avg code rate 0.8, avg bit/symbol 4.4, avg per TB: (nb RBs 5.7, nb symbols 11.9)
    UL harq: 17274/0 avg code rate 0.7, avg bit/symbol 3.8, avg per TB: (nb RBs 6.1, nb symbols 12.5)
[0m[NR_RRC] MeasurementReport Encoded 53 bits (7 bytes)
[0m[NR_MAC] UE 0 RNTI 4fe0 stats sfn: 256.8, cumulated bad DCI 0
    DL Chan: SSB 0 SINR 42.6 dB RSRP -42 dBm, RI 0 CQI: N/A
    DL harq: 2464/0 avg code rate 0.8, avg bit/symbol 4.4, avg per TB: (nb RBs 5.7, nb symbols 11.9)
    UL harq: 17295/0 avg code rate 0.7, avg bit/symbol 3.8, avg per TB: (nb RBs 6.1, nb symbols 12.5)
[0m[NR_RRC] MeasurementReport Encoded 53 bits (7 bytes)
[0m[NR_MAC] UE 0 RNTI 4fe0 stats sfn: 384.8, cumulated bad DCI 0
    DL Chan: SSB 0 SINR 44.1 dB RSRP -42 dBm, RI 0 CQI: N/A
    DL harq: 2467/0 avg code rate 0.8, avg bit/symbol 4.4, avg per TB: (nb RBs 5.7, nb symbols 11.9)
    UL harq: 17316/0 avg code rate 0.7, avg bit/symbol 3.8, avg per TB: (nb RBs 6.1, nb symbols 12.5)
[0m[NR_RRC] MeasurementReport Encoded 53 bits (7 bytes)
[0m[NR_RRC] MeasurementReport Encoded 53 bits (7 bytes)
[0m[NR_MAC] UE 0 RNTI 4fe0 stats sfn: 512.8, cumulated bad DCI 0
    DL Chan: SSB 0 SINR 45.1 dB RSRP -42 dBm, RI 0 CQI: N/A
    DL harq: 2470/0 avg code rate 0.8, avg bit/symbol 4.4, avg per TB: (nb RBs 5.7, nb symbols 11.9)
    UL harq: 17341/0 avg code rate 0.7, avg bit/symbol 3.8, avg per TB: (nb RBs 6.1, nb symbols 12.5)
[0m[NR_RRC] MeasurementReport Encoded 53 bits (7 bytes)
[0m[NR_MAC] UE 0 RNTI 4fe0 stats sfn: 640.8, cumulated bad DCI 0
    DL Chan: SSB 0 SINR 43.3 dB RSRP -42 dBm, RI 0 CQI: N/A
    DL harq: 2472/0 avg code rate 0.8, avg bit/symbol 4.4, avg per TB: (nb RBs 5.7, nb symbols 11.9)
    UL harq: 17368/0 avg code rate 0.7, avg bit/symbol 3.8, avg per TB: (nb RBs 6.1, nb symbols 12.5)
[0m[NR_RRC] MeasurementReport Encoded 53 bits (7 bytes)
[0m[NR_MAC] UE 0 RNTI 4fe0 stats sfn: 768.8, cumulated bad DCI 0
    DL Chan: SSB 0 SINR 45.1 dB RSRP -42 dBm, RI 0 CQI: N/A
    DL harq: 2474/0 avg code rate 0.8, avg bit/symbol 4.4, avg per TB: (nb RBs 5.7, nb symbols 11.9)
    UL harq: 17394/0 avg code rate 0.7, avg bit/symbol 3.8, avg per TB: (nb RBs 6.1, nb symbols 12.5)
[0m[NR_RRC] MeasurementReport Encoded 53 bits (7 bytes)
[0m[NR_MAC] UE 0 RNTI 4fe0 stats sfn: 896.8, cumulated bad DCI 0
    DL Chan: SSB 0 SINR 43.3 dB RSRP -42 dBm, RI 0 CQI: N/A
    DL harq: 2477/0 avg code rate 0.8, avg bit/symbol 4.4, avg per TB: (nb RBs 5.7, nb symbols 11.9)
    UL harq: 17419/0 avg code rate 0.7, avg bit/symbol 3.8, avg per TB: (nb RBs 6.1, nb symbols 12.5)
[0m[NR_RRC] MeasurementReport Encoded 53 bits (7 bytes)
[0m[NR_RRC] MeasurementReport Encoded 53 bits (7 bytes)
[0m[NR_MAC] UE 0 RNTI 4fe0 stats sfn: 0.8, cumulated bad DCI 0
    DL Chan: SSB 0 SINR 43.3 dB RSRP -42 dBm, RI 0 CQI: N/A
    DL harq: 2480/0 avg code rate 0.8, avg bit/symbol 4.4, avg per TB: (nb RBs 5.7, nb symbols 11.9)
    UL harq: 17443/0 avg code rate 0.7, avg bit/symbol 3.8, avg per TB: (nb RBs 6.1, nb symbols 12.5)
[0m[NR_RRC] MeasurementReport Encoded 53 bits (7 bytes)
[0m[NR_MAC] UE 0 RNTI 4fe0 stats sfn: 128.8, cumulated bad DCI 0
    DL Chan: SSB 0 SINR 44.1 dB RSRP -42 dBm, RI 0 CQI: N/A
    DL harq: 2482/0 avg code rate 0.8, avg bit/symbol 4.4, avg per TB: (nb RBs 5.7, nb symbols 11.9)
    UL harq: 17463/0 avg code rate 0.7, avg bit/symbol 3.8, avg per TB: (nb RBs 6.1, nb symbols 12.5)
[0m[NR_RRC] MeasurementReport Encoded 53 bits (7 bytes)
[0m[NR_MAC] UE 0 RNTI 4fe0 stats sfn: 256.8, cumulated bad DCI 0
    DL Chan: SSB 0 SINR 44.1 dB RSRP -42 dBm, RI 0 CQI: N/A
    DL harq: 2485/0 avg code rate 0.8, avg bit/symbol 4.4, avg per TB: (nb RBs 5.7, nb symbols 11.9)
    UL harq: 17485/0 avg code rate 0.7, avg bit/symbol 3.8, avg per TB: (nb RBs 6.1, nb symbols 12.5)
[0m[NR_RRC] MeasurementReport Encoded 53 bits (7 bytes)
[0m[NR_MAC] UE 0 RNTI 4fe0 stats sfn: 384.8, cumulated bad DCI 0
    DL Chan: SSB 0 SINR 44.1 dB RSRP -42 dBm, RI 0 CQI: N/A
    DL harq: 2487/0 avg code rate 0.8, avg bit/symbol 4.4, avg per TB: (nb RBs 5.7, nb symbols 11.9)
    UL harq: 17510/0 avg code rate 0.7, avg bit/symbol 3.8, avg per TB: (nb RBs 6.1, nb symbols 12.5)
[0m[NR_RRC] MeasurementReport Encoded 53 bits (7 bytes)
[0m[NR_RRC] MeasurementReport Encoded 53 bits (7 bytes)
[0m[NR_MAC] UE 0 RNTI 4fe0 stats sfn: 512.8, cumulated bad DCI 0
    DL Chan: SSB 0 SINR 45.1 dB RSRP -42 dBm, RI 0 CQI: N/A
    DL harq: 2489/0 avg code rate 0.8, avg bit/symbol 4.4, avg per TB: (nb RBs 5.7, nb symbols 11.9)
    UL harq: 17541/0 avg code rate 0.7, avg bit/symbol 3.8, avg per TB: (nb RBs 6.1, nb symbols 12.5)
[0m[NR_RRC] MeasurementReport Encoded 53 bits (7 bytes)
[0m[NR_MAC] UE 0 RNTI 4fe0 stats sfn: 640.8, cumulated bad DCI 0
    DL Chan: SSB 0 SINR 42.6 dB RSRP -42 dBm, RI 0 CQI: N/A
    DL harq: 2492/0 avg code rate 0.8, avg bit/symbol 4.4, avg per TB: (nb RBs 5.7, nb symbols 11.9)
    UL harq: 17569/0 avg code rate 0.7, avg bit/symbol 3.8, avg per TB: (nb RBs 6.1, nb symbols 12.5)
[0m[NR_RRC] MeasurementReport Encoded 53 bits (7 bytes)
[0m[NR_MAC] UE 0 RNTI 4fe0 stats sfn: 768.8, cumulated bad DCI 0
    DL Chan: SSB 0 SINR 42.6 dB RSRP -42 dBm, RI 0 CQI: N/A
    DL harq: 2495/0 avg code rate 0.8, avg bit/symbol 4.4, avg per TB: (nb RBs 5.7, nb symbols 11.9)
    UL harq: 17591/0 avg code rate 0.7, avg bit/symbol 3.8, avg per TB: (nb RBs 6.1, nb symbols 12.5)
[0m[NR_RRC] MeasurementReport Encoded 53 bits (7 bytes)
[0m[NR_MAC] UE 0 RNTI 4fe0 stats sfn: 896.8, cumulated bad DCI 0
    DL Chan: SSB 0 SINR 42.1 dB RSRP -42 dBm, RI 0 CQI: N/A
    DL harq: 2497/0 avg code rate 0.8, avg bit/symbol 4.4, avg per TB: (nb RBs 5.7, nb symbols 11.9)
    UL harq: 17614/0 avg code rate 0.7, avg bit/symbol 3.8, avg per TB: (nb RBs 6.1, nb symbols 12.5)
[0m[NR_RRC] MeasurementReport Encoded 53 bits (7 bytes)
[0m[NR_MAC] UE 0 RNTI 4fe0 stats sfn: 0.8, cumulated bad DCI 0
    DL Chan: SSB 0 SINR 44.1 dB RSRP -42 dBm, RI 0 CQI: N/A
    DL harq: 2499/0 avg code rate 0.8, avg bit/symbol 4.4, avg per TB: (nb RBs 5.7, nb symbols 11.9)
    UL harq: 17637/0 avg code rate 0.7, avg bit/symbol 3.8, avg per TB: (nb RBs 6.1, nb symbols 12.5)
[0m[NR_RRC] MeasurementReport Encoded 53 bits (7 bytes)
[0m[NR_RRC] MeasurementReport Encoded 53 bits (7 bytes)
[0m[NR_MAC] UE 0 RNTI 4fe0 stats sfn: 128.8, cumulated bad DCI 0
    DL Chan: SSB 0 SINR 44.1 dB RSRP -42 dBm, RI 0 CQI: N/A
    DL harq: 2502/0 avg code rate 0.8, avg bit/symbol 4.4, avg per TB: (nb RBs 5.7, nb symbols 11.9)
    UL harq: 17663/0 avg code rate 0.7, avg bit/symbol 3.8, avg per TB: (nb RBs 6.1, nb symbols 12.5)
[0m[NR_RRC] MeasurementReport Encoded 53 bits (7 bytes)
[0m[NR_MAC] UE 0 RNTI 4fe0 stats sfn: 256.8, cumulated bad DCI 0
    DL Chan: SSB 0 SINR 42.6 dB RSRP -42 dBm, RI 0 CQI: N/A
    DL harq: 2505/0 avg code rate 0.8, avg bit/symbol 4.4, avg per TB: (nb RBs 5.7, nb symbols 11.9)
    UL harq: 17690/0 avg code rate 0.7, avg bit/symbol 3.8, avg per TB: (nb RBs 6.1, nb symbols 12.5)
[0m[NR_RRC] MeasurementReport Encoded 53 bits (7 bytes)
[0m[NR_MAC] UE 0 RNTI 4fe0 stats sfn: 384.8, cumulated bad DCI 0
    DL Chan: SSB 0 SINR 44.1 dB RSRP -42 dBm, RI 0 CQI: N/A
    DL harq: 2507/0 avg code rate 0.8, avg bit/symbol 4.4, avg per TB: (nb RBs 5.7, nb symbols 11.9)
    UL harq: 17717/0 avg code rate 0.7, avg bit/symbol 3.8, avg per TB: (nb RBs 6.1, nb symbols 12.5)
[0m[NR_RRC] MeasurementReport Encoded 53 bits (7 bytes)
[0m[NR_MAC] UE 0 RNTI 4fe0 stats sfn: 512.8, cumulated bad DCI 0
    DL Chan: SSB 0 SINR 44.1 dB RSRP -42 dBm, RI 0 CQI: N/A
    DL harq: 2509/0 avg code rate 0.8, avg bit/symbol 4.4, avg per TB: (nb RBs 5.7, nb symbols 11.9)
    UL harq: 17741/0 avg code rate 0.7, avg bit/symbol 3.8, avg per TB: (nb RBs 6.1, nb symbols 12.5)
[0m[NR_RRC] MeasurementReport Encoded 53 bits (7 bytes)
[0m[NR_RRC] MeasurementReport Encoded 53 bits (7 bytes)
[0m[NR_MAC] UE 0 RNTI 4fe0 stats sfn: 640.8, cumulated bad DCI 0
    DL Chan: SSB 0 SINR 44.1 dB RSRP -42 dBm, RI 0 CQI: N/A
    DL harq: 2513/0 avg code rate 0.8, avg bit/symbol 4.4, avg per TB: (nb RBs 5.7, nb symbols 11.9)
    UL harq: 17765/0 avg code rate 0.7, avg bit/symbol 3.8, avg per TB: (nb RBs 6.0, nb symbols 12.5)
[0m[NR_RRC] MeasurementReport Encoded 53 bits (7 bytes)
[0m[NR_MAC] UE 0 RNTI 4fe0 stats sfn: 768.8, cumulated bad DCI 0
    DL Chan: SSB 0 SINR 43.3 dB RSRP -42 dBm, RI 0 CQI: N/A
    DL harq: 2515/0 avg code rate 0.8, avg bit/symbol 4.4, avg per TB: (nb RBs 5.7, nb symbols 11.9)
    UL harq: 17788/0 avg code rate 0.7, avg bit/symbol 3.8, avg per TB: (nb RBs 6.0, nb symbols 12.5)
[0m[NR_RRC] MeasurementReport Encoded 53 bits (7 bytes)
[0m[NR_MAC] UE 0 RNTI 4fe0 stats sfn: 896.8, cumulated bad DCI 0
    DL Chan: SSB 0 SINR 43.3 dB RSRP -42 dBm, RI 0 CQI: N/A
    DL harq: 2517/0 avg code rate 0.8, avg bit/symbol 4.4, avg per TB: (nb RBs 5.7, nb symbols 11.9)
    UL harq: 17810/0 avg code rate 0.7, avg bit/symbol 3.8, avg per TB: (nb RBs 6.0, nb symbols 12.5)
[0m[NR_RRC] MeasurementReport Encoded 53 bits (7 bytes)
[0m[NR_MAC] UE 0 RNTI 4fe0 stats sfn: 0.8, cumulated bad DCI 0
    DL Chan: SSB 0 SINR 43.3 dB RSRP -42 dBm, RI 0 CQI: N/A
    DL harq: 2519/0 avg code rate 0.8, avg bit/symbol 4.4, avg per TB: (nb RBs 5.7, nb symbols 11.9)
    UL harq: 17837/0 avg code rate 0.7, avg bit/symbol 3.8, avg per TB: (nb RBs 6.0, nb symbols 12.5)
[0m[NR_RRC] MeasurementReport Encoded 53 bits (7 bytes)
[0m[NR_RRC] MeasurementReport Encoded 53 bits (7 bytes)
[0m[NR_MAC] UE 0 RNTI 4fe0 stats sfn: 128.8, cumulated bad DCI 0
    DL Chan: SSB 0 SINR 44.1 dB RSRP -42 dBm, RI 0 CQI: N/A
    DL harq: 2523/0 avg code rate 0.8, avg bit/symbol 4.4, avg per TB: (nb RBs 5.7, nb symbols 11.9)
    UL harq: 17871/0 avg code rate 0.7, avg bit/symbol 3.8, avg per TB: (nb RBs 6.0, nb symbols 12.5)
[0m[NR_RRC] MeasurementReport Encoded 53 bits (7 bytes)
[0m[NR_MAC] UE 0 RNTI 4fe0 stats sfn: 256.8, cumulated bad DCI 0
    DL Chan: SSB 0 SINR 45.1 dB RSRP -42 dBm, RI 0 CQI: N/A
    DL harq: 2525/0 avg code rate 0.8, avg bit/symbol 4.4, avg per TB: (nb RBs 5.7, nb symbols 11.9)
    UL harq: 17896/0 avg code rate 0.7, avg bit/symbol 3.8, avg per TB: (nb RBs 6.0, nb symbols 12.5)
[0m[NR_RRC] MeasurementReport Encoded 53 bits (7 bytes)
[0m[NR_MAC] UE 0 RNTI 4fe0 stats sfn: 384.8, cumulated bad DCI 0
    DL Chan: SSB 0 SINR 44.1 dB RSRP -42 dBm, RI 0 CQI: N/A
    DL harq: 2527/0 avg code rate 0.8, avg bit/symbol 4.4, avg per TB: (nb RBs 5.7, nb symbols 11.9)
    UL harq: 17919/0 avg code rate 0.7, avg bit/symbol 3.8, avg per TB: (nb RBs 6.0, nb symbols 12.5)
[0m[NR_RRC] MeasurementReport Encoded 53 bits (7 bytes)
[0m[NR_MAC] UE 0 RNTI 4fe0 stats sfn: 512.8, cumulated bad DCI 0
    DL Chan: SSB 0 SINR 43.3 dB RSRP -42 dBm, RI 0 CQI: N/A
    DL harq: 2530/0 avg code rate 0.8, avg bit/symbol 4.4, avg per TB: (nb RBs 5.7, nb symbols 11.9)
    UL harq: 17942/0 avg code rate 0.7, avg bit/symbol 3.8, avg per TB: (nb RBs 6.0, nb symbols 12.5)
[0m[NR_RRC] MeasurementReport Encoded 53 bits (7 bytes)
[0m[NR_RRC] MeasurementReport Encoded 53 bits (7 bytes)
[0m[NR_MAC] UE 0 RNTI 4fe0 stats sfn: 640.8, cumulated bad DCI 0
    DL Chan: SSB 0 SINR 45.1 dB RSRP -42 dBm, RI 0 CQI: N/A
    DL harq: 2533/0 avg code rate 0.8, avg bit/symbol 4.4, avg per TB: (nb RBs 5.7, nb symbols 11.9)
    UL harq: 17966/0 avg code rate 0.7, avg bit/symbol 3.8, avg per TB: (nb RBs 6.0, nb symbols 12.5)
[0m[NR_RRC] MeasurementReport Encoded 53 bits (7 bytes)
[0m[NR_MAC] UE 0 RNTI 4fe0 stats sfn: 768.8, cumulated bad DCI 0
    DL Chan: SSB 0 SINR 45.1 dB RSRP -42 dBm, RI 0 CQI: N/A
    DL harq: 2535/0 avg code rate 0.8, avg bit/symbol 4.4, avg per TB: (nb RBs 5.7, nb symbols 11.9)
    UL harq: 17990/0 avg code rate 0.7, avg bit/symbol 3.8, avg per TB: (nb RBs 6.0, nb symbols 12.5)
[0m[NR_RRC] MeasurementReport Encoded 53 bits (7 bytes)
[0m[NR_MAC] UE 0 RNTI 4fe0 stats sfn: 896.8, cumulated bad DCI 0
    DL Chan: SSB 0 SINR 44.1 dB RSRP -42 dBm, RI 0 CQI: N/A
    DL harq: 2537/0 avg code rate 0.8, avg bit/symbol 4.4, avg per TB: (nb RBs 5.7, nb symbols 11.9)
    UL harq: 18018/0 avg code rate 0.7, avg bit/symbol 3.8, avg per TB: (nb RBs 6.0, nb symbols 12.5)
[0m[NR_RRC] MeasurementReport Encoded 53 bits (7 bytes)
[0m[NR_MAC] UE 0 RNTI 4fe0 stats sfn: 0.8, cumulated bad DCI 0
    DL Chan: SSB 0 SINR 42.6 dB RSRP -42 dBm, RI 0 CQI: N/A
    DL harq: 2540/0 avg code rate 0.8, avg bit/symbol 4.4, avg per TB: (nb RBs 5.7, nb symbols 11.9)
    UL harq: 18046/0 avg code rate 0.7, avg bit/symbol 3.8, avg per TB: (nb RBs 6.0, nb symbols 12.5)
[0m[NR_RRC] MeasurementReport Encoded 53 bits (7 bytes)
[0m[NR_RRC] MeasurementReport Encoded 53 bits (7 bytes)
[0m[NR_MAC] UE 0 RNTI 4fe0 stats sfn: 128.8, cumulated bad DCI 0
    DL Chan: SSB 0 SINR 43.3 dB RSRP -42 dBm, RI 0 CQI: N/A
    DL harq: 2543/0 avg code rate 0.8, avg bit/symbol 4.4, avg per TB: (nb RBs 5.7, nb symbols 11.9)
    UL harq: 18072/0 avg code rate 0.7, avg bit/symbol 3.8, avg per TB: (nb RBs 6.0, nb symbols 12.5)
[0m